path,filename,CreateDate,DateTimeOriginal,Duration,FileSize#,GPSLatitude#,GPSLongitude#,ImageSize,LensID,Model,MD5
/Users/mac24/a/projects/fotos/keep/images/ArtPhil,19690101Drawing.jpg,2010-07-21 16:46:12,2010-07-21 16:46:12,-,2358836,-,-,1974x2721,-,NIKON D5000,a9e1252b381f2b517fbec20f7c8d75ad
/Users/mac24/a/projects/fotos/keep/images/ArtPhil,19690101Monster.jpg,2010-07-21 16:48:37,2010-07-21 16:48:37,-,1919464,-,-,1914x2505,-,NIKON D5000,6aa13074f45626ce5c44c5fadd5a2569
/Users/mac24/a/projects/fotos/keep/images/ArtPhil,19690102drawing.jpg,2010-07-21 16:48:12,2010-07-21 16:48:12,-,2144670,-,-,2536x1889,-,NIKON D5000,714e9ab988b85b1513a7ace53d427444
/Users/mac24/a/projects/fotos/keep/images/ArtPhil,19700101Acrylic.jpg,2010-07-21 16:50:22,2010-07-21 16:50:22,-,1476561,-,-,2375x1885,-,NIKON D5000,74ce2b2d1acbaf1f9e34e4366fee6bbe
/Users/mac24/a/projects/fotos/keep/images/ArtPhil,19760101_draw1.jpg,2010-03-22 22:04:19,2010-03-22 22:04:19,-,509455,-,-,2394x1910,-,NIKON D5000,8265c87269971e735d0a6e9237408241
/Users/mac24/a/projects/fotos/keep/images/ArtPhil,19760101draw2.jpg,2010-03-22 22:05:46,2010-03-22 22:05:46,-,701490,-,-,2997x2058,-,NIKON D5000,4f34344d5c341449cbdcc5e8130a9d78
/Users/mac24/a/projects/fotos/keep/images/ArtPhil,19760101draw3.jpg,2010-03-22 22:08:31,2010-03-22 22:08:31,-,617766,-,-,2349x3218,-,NIKON D5000,5276abadfb9b802a447ea3d0a21ca4d0
/Users/mac24/a/projects/fotos/keep/images/ArtPhil,19760101draw4.jpg,2010-03-22 22:22:01,2010-03-22 22:22:01,-,1038529,-,-,3045x2269,-,NIKON D5000,bca6b53d4c4451a8a68845af1bf82fb9
/Users/mac24/a/projects/fotos/keep/images/ArtPhil,19760101goodByeDrawing.jpg,2013-04-22 18:54:32,2013-04-22 18:54:32,-,269919,-,-,709x1131,-,SCH-I535,ff1518145e0b1d62a676dd3b2be93cc4
/Users/mac24/a/projects/fotos/keep/images/ArtPhil,19770101Infinity.jpg,2013-04-22 18:48:07,2013-04-22 18:48:07,-,74122,-,-,999x720,-,SCH-I535,bb93e82ba9c8eb676d874d01f4cf2a44
/Users/mac24/a/projects/fotos/keep/images/ArtPhil,19970101rockStar.jpg,-,2002-08-05 23:18:05,-,799383,-,-,1301x1008,-,HP PhotoSmart 618 (V1.10),2975017dfed53e8066416d136715bc0a
/Users/mac24/a/projects/fotos/keep/images/ArtPhil,19980505MiddletownMD.jpg,-,2002-08-05 23:15:43,-,861511,-,-,1348x1059,-,HP PhotoSmart 618 (V1.10),68c79e4aa6c9181e965765330608d4f9
/Users/mac24/a/projects/fotos/keep/images/ArtPhil,19980601_selfPortrait.jpg,-,2002-08-05 23:31:44,-,832523,-,-,1041x1338,-,HP PhotoSmart 618 (V1.10),d1df5cd454f6f96b6a20230716bc1b26
/Users/mac24/a/projects/fotos/keep/images/ArtPhil,19980801_camp_b.jpg,-,2002-08-05 23:09:34,-,1055622,-,-,1348x1046,-,HP PhotoSmart 618 (V1.10),d6636e12e3077a2c988e15c1ff8bade4
/Users/mac24/a/projects/fotos/keep/images/ArtPhil,20000301_selfPortrait.jpg,-,2002-08-05 23:28:11,-,788765,-,-,1327x1021,-,HP PhotoSmart 618 (V1.10),84e7fd65310c893980b4e1b3c075477b
/Users/mac24/a/projects/fotos/keep/images/ArtPhil,20010101OilPastel2.jpg,2010-03-22 22:33:43,2010-03-22 22:33:43,-,1855573,-,-,3205x2586,-,NIKON D5000,fc8077362d6b99e8cbf658f5c8bbb986
/Users/mac24/a/projects/fotos/keep/images/ArtPhil,20010101Woman.jpg,2010-03-22 22:32:37,2010-03-22 22:32:37,-,2088263,-,-,3282x2663,-,NIKON D5000,e76b2c6d09722ab770cb44dde53237bd
/Users/mac24/a/projects/fotos/keep/images/ArtPhil,20010501OilPastel.jpg,-,2002-08-05 22:59:15,-,497256,-,-,1502x1183,-,HP PhotoSmart 618 (V1.10),a138d22f065d40407b809b4d2050b442
/Users/mac24/a/projects/fotos/keep/images/ArtPhil,20040101AcrylicMatchesStringCork.jpg,2010-10-09 13:40:22,2010-10-09 13:40:22,-,6492414,-,-,3523x2641,-,NIKON D5000,639e892de6168f109e6aa47cf8a5420f
/Users/mac24/a/projects/fotos/keep/images/ArtPhil,20040925_PaintingCouple.jpg,2004-09-25 00:12:36,2004-09-25 00:12:36,-,2505455,-,-,2592x1944,-,Canon PowerShot S50,90cf6e4fe2d62c63b23687c5bc0b6bc6
/Users/mac24/a/projects/fotos/keep/images/ArtPhil,20041017PaintingofDancers.jpg,2004-10-17 15:22:20,2004-10-17 15:22:20,-,722542,-,-,2353x1717,-,Canon PowerShot S50,6f2a3bd328ccc45dbd5239291e0d1745
/Users/mac24/a/projects/fotos/keep/images/ArtPhil,20050201Draw.jpg,2005-02-20 11:31:51,2005-02-20 11:31:51,-,1815789,-,-,1810x2423,-,Canon PowerShot S50,1d6ec1ee9ee9101ac73d0f9e7bcc578b
/Users/mac24/a/projects/fotos/keep/images/ArtPhil,20050201Paint01.jpg,2005-01-31 00:02:14,2005-01-31 00:02:14,-,2806336,-,-,2592x1944,Unknown 7-21mm,Canon PowerShot S50,824bbd30301065245123ba884b8f9f9f
/Users/mac24/a/projects/fotos/keep/images/ArtPhil,20050201Paint02.jpg,2005-02-20 11:30:00,2005-02-20 11:30:00,-,1558725,-,-,2383x1770,-,Canon PowerShot S50,9c3d694b0eaaa1fd28d7de82499a4132
/Users/mac24/a/projects/fotos/keep/images/ArtPhil,20050201Paint03.jpg,2005-02-20 11:31:16,2005-02-20 11:31:16,-,2501439,-,-,1855x2507,-,Canon PowerShot S50,8e2a4e8b82b3b64b1995f2687b409746
/Users/mac24/a/projects/fotos/keep/images/ArtPhil,20050201Paint06.jpg,2005-02-22 23:47:40,2005-02-22 23:47:40,-,1340845,-,-,2413x1471,-,Canon PowerShot S50,26b56e838ba690d3de82731f6c74712b
/Users/mac24/a/projects/fotos/keep/images/ArtPhil,20050301Paint04.jpg,2005-03-08 21:55:48,2005-03-08 21:55:48,-,1564704,-,-,1488x2360,-,Canon PowerShot S50,160169407483ff2d92178e111895108a
/Users/mac24/a/projects/fotos/keep/images/ArtPhil,20050411Painting02.jpg,2005-03-31 12:45:12,2005-03-31 12:45:12,-,2744988,-,-,2592x1944,Unknown 7-21mm,Canon PowerShot S50,9236fcf4a1936b7acc72ee6d208ee0a0
/Users/mac24/a/projects/fotos/keep/images/ArtPhil,20070202scetch.jpg,2010-11-11 19:22:27,2010-11-11 19:22:27,-,291628,-,-,4146x2707,-,NIKON D5000,3d03ce87e6b9a3ac5b7df64d28770bad
/Users/mac24/a/projects/fotos/keep/images/ArtPhil,20071013Acrylic_2008edit.jpg,2008-11-18 20:44:56,2008-11-18 20:44:56,-,725950,-,-,1810x1334,-,NIKON D40,5c2a61da42d8c437de469d248d35f04d
/Users/mac24/a/projects/fotos/keep/images/ArtPhil,20080801Oil_200811.jpg,2008-11-18 20:47:40,2008-11-18 20:47:40,-,803112,-,-,1392x1806,-,NIKON D40,80110b6a2ec47919a292666d33b77d70
/Users/mac24/a/projects/fotos/keep/images/ArtPhil,20081101Horse_photoshop.jpg,2008-11-01 17:37:19,-,-,213875,-,-,1024x768,-,-,fe391f9fca9286d19f3040f82b77b6e9
/Users/mac24/a/projects/fotos/keep/images/ArtPhil,20081110Acrylic.jpg,2008-11-18 20:42:26,2008-11-18 20:42:27,-,572097,-,-,1710x1264,-,NIKON D40,0b4e7b759ac333e820ee8fe3644b98ed
/Users/mac24/a/projects/fotos/keep/images/ArtPhil,20081113Acrylic.jpg,2008-11-18 20:43:58,2008-11-18 20:43:59,-,793936,-,-,1668x1228,-,NIKON D40,04c9e8068c865bc040c7c850fc485df1
/Users/mac24/a/projects/fotos/keep/images/ArtPhil,20081116Acrylic.jpg,2008-11-18 20:41:23,2008-11-18 20:41:24,-,734018,-,-,1816x1326,-,NIKON D40,94dae98f920a002b44daf901f080debf
/Users/mac24/a/projects/fotos/keep/images/ArtPhil,20090919.jpg,2009-11-28 18:08:58,2009-11-28 18:08:58,-,1709891,-,-,3443x2593,-,NIKON D5000,f63679d25739f670c5500f2c18ac921e
/Users/mac24/a/projects/fotos/keep/images/ArtPhil,20090926watercolor.jpg,2009-11-28 18:08:23,2009-11-28 18:08:23,-,1754519,-,-,3491x2561,-,NIKON D5000,b424bb5202c88f9555bf632d119f5a17
/Users/mac24/a/projects/fotos/keep/images/ArtPhil,20090928watercolor.jpg,2009-11-28 18:07:32,2009-11-28 18:07:32,-,2330831,-,-,3727x2644,-,NIKON D5000,0f70ec8632576f5e86f8fe843e36526a
/Users/mac24/a/projects/fotos/keep/images/ArtPhil,20091017watercolor.jpg,2009-11-28 18:06:51,2009-11-28 18:06:51,-,1927846,-,-,3704x2664,-,NIKON D5000,cce8db30ccb635760b5d794ae2e6c9f2
/Users/mac24/a/projects/fotos/keep/images/ArtPhil,20091101watercolor.jpg,2009-11-28 18:06:21,2009-11-28 18:06:21,-,2404555,-,-,3806x2660,-,NIKON D5000,eab85a33ea925e5ea6914c7c1035b937
/Users/mac24/a/projects/fotos/keep/images/ArtPhil,20091104watercolor.jpg,2009-11-28 18:05:52,2009-11-28 18:05:52,-,1968485,-,-,3727x2619,-,NIKON D5000,2c1c89dfec81820275a612a387ad3e1e
/Users/mac24/a/projects/fotos/keep/images/ArtPhil,20091111watercolr.jpg,2009-11-28 18:05:24,2009-11-28 18:05:24,-,1610394,-,-,2623x3821,-,NIKON D5000,93af4a94db21bbf3b497d0603b40a598
/Users/mac24/a/projects/fotos/keep/images/ArtPhil,20091113watercolor.jpg,2009-11-28 18:04:10,2009-11-28 18:04:10,-,2231711,-,-,3813x2731,-,NIKON D5000,1385e5e7cd502ad3256ab971131b6aa6
/Users/mac24/a/projects/fotos/keep/images/ArtPhil,20091114watercolor.jpg,2009-11-28 18:04:53,2009-11-28 18:04:53,-,1573544,-,-,3660x2701,-,NIKON D5000,8c06de21a5ccacb8b172f728e589a304
/Users/mac24/a/projects/fotos/keep/images/ArtPhil,20091115watercolor.jpg,2009-11-28 18:03:00,2009-11-28 18:03:00,-,1431840,-,-,3384x2508,-,NIKON D5000,02d5a06b9cb0404bff7be6ee0cfafe58
/Users/mac24/a/projects/fotos/keep/images/ArtPhil,20091117watercolor.jpg,2009-11-28 18:02:16,2009-11-28 18:02:16,-,1113770,-,-,3441x2480,-,NIKON D5000,765494f97605979e5ba16fb4c2b0c057
/Users/mac24/a/projects/fotos/keep/images/ArtPhil,20091122watercolor.jpg,2009-11-28 18:01:28,2009-11-28 18:01:28,-,1674640,-,-,2499x3559,-,NIKON D5000,6544dc52abc4eb3ae2ba0f85f1927e1c
/Users/mac24/a/projects/fotos/keep/images/ArtPhil,20091126watercolor.jpg,2009-11-28 18:00:37,2009-11-28 18:00:37,-,1658872,-,-,3446x2485,-,NIKON D5000,bf09bee164f80b60ef8a3b8b26712507
/Users/mac24/a/projects/fotos/keep/images/ArtPhil,20091201acrylic.jpg,2009-12-10 01:36:24,2009-12-10 01:36:24,-,3137115,-,-,4042x2590,-,NIKON D5000,3bb286570f9f9b5a5f969df2382ebd1e
/Users/mac24/a/projects/fotos/keep/images/ArtPhil,20091219acrylic_b.jpg,2009-12-21 19:06:03,2009-12-21 19:06:03,-,2143664,-,-,3455x2468,-,NIKON D5000,f50ce62fec752b26a9fbba86846ea2c2
/Users/mac24/a/projects/fotos/keep/images/ArtPhil,20100101Oil.jpg,2010-02-26 13:33:57,2010-02-26 13:33:57,-,1855894,-,-,3502x2632,-,NIKON D5000,bf9d6c141ce3c0d6a7eb5ae7c98a4c75
/Users/mac24/a/projects/fotos/keep/images/ArtPhil,20100214watercolr.jpg,2010-02-26 11:36:54,2010-02-26 11:36:54,-,1718232,-,-,3221x2523,-,NIKON D5000,89bb0547ff58b0a176d278b3ed8fd37a
/Users/mac24/a/projects/fotos/keep/images/ArtPhil,20100225watercolor.jpg,2010-02-26 12:46:39,2010-02-26 12:46:39,-,1627064,-,-,2653x3587,-,NIKON D5000,f40fab706b79c5ea63043d5110fbb585
/Users/mac24/a/projects/fotos/keep/images/ArtPhil,20100501oilPastel.jpg,2001-06-05 21:14:03,2001-06-05 21:14:03,-,418036,-,-,1435x1159,-,HP PhotoSmart 618 (V1.10),c79bf783cafd2f9c1f111d8de81ef2c2
/Users/mac24/a/projects/fotos/keep/images/ArtPhil,20101024Acrylic.jpg,2010-10-24 13:27:46,2010-10-24 13:27:46,-,1648044,-,-,3921x2503,-,NIKON D5000,dda0e607dca28fc1f673159342a6ef02
/Users/mac24/a/projects/fotos/keep/images/ArtPhil,20101128watercolor_a.jpg,2010-11-29 15:26:37,2010-11-29 15:26:37,-,2622844,-,-,3764x2759,-,NIKON D5000,0eef319391520e8bf8662757a395e54b
/Users/mac24/a/projects/fotos/keep/images/ArtPhil,20101128watercolor.jpg,2010-11-29 15:26:37,2010-11-29 15:26:37,-,2635590,-,-,3764x2759,-,NIKON D5000,76a3204f637df1f7bdb2c923ef411426
/Users/mac24/a/projects/fotos/keep/images/ArtPhil,20101129Watercolor.jpg,2010-11-29 15:24:09,2010-11-29 15:24:09,-,3448825,-,-,2509x3344,-,NIKON D5000,dec2c70f8040ab638f4977348f02367a
/Users/mac24/a/projects/fotos/keep/images/ArtPhil,20101201watercolor.jpg,2012-03-31 12:00:54,2012-03-31 12:00:54,-,2472607,-,-,1956x2621,-,NIKON D5000,cc70ecdf749524f9a4ec69067358855f
/Users/mac24/a/projects/fotos/keep/images/ArtPhil,20110125_addedOil.jpg,2011-01-24 20:44:26,2011-01-24 20:44:26,-,2078833,-,-,2603x3330,-,NIKON D5000,0a8a21f70ed1a2c05409fd3e0898dadc
/Users/mac24/a/projects/fotos/keep/images/ArtPhil,20110125_easel.jpg,2011-01-22 19:00:15,2011-01-22 19:00:15,-,794517,-,-,2183x3419,-,NIKON D5000,1830129c26cc0074880bc7a61a09bd3d
/Users/mac24/a/projects/fotos/keep/images/ArtPhil,20110324Acrylic.jpg,2011-03-25 13:50:45,2011-03-25 13:50:45,-,3196807,-,-,2422x3285,-,NIKON D5000,1d976196efd4d18939674eb222259231
/Users/mac24/a/projects/fotos/keep/images/ArtPhil,20110531Arcylic.jpg,2011-05-31 12:48:17,2011-05-31 12:48:17,-,1803871,-,-,1723x1721,-,NIKON D5000,016481b19342023c0edbbeb05528231c
/Users/mac24/a/projects/fotos/keep/images/ArtPhil,20110617Oil.jpg,2011-07-01 14:21:52,2011-07-01 14:21:52,-,3077919,-,-,1720x2201,-,NIKON D5000,69fbd55a81d7ae912260a745d7bbe9db
/Users/mac24/a/projects/fotos/keep/images/ArtPhil,20110626Oil.jpg,2011-07-01 14:16:17,2011-07-01 14:16:17,-,1845153,-,-,1812x2286,-,NIKON D5000,13e3d592f41662c98a5be2eb2c5c8f48
/Users/mac24/a/projects/fotos/keep/images/ArtPhil,20110707acrylic.jpg,2011-08-14 14:44:55,2011-08-14 14:44:55,-,2714085,-,-,2461x1818,-,NIKON D5000,cfd9d5f4fbc47a26a72a41a82db9d110
/Users/mac24/a/projects/fotos/keep/images/ArtPhil,20110717Acrylic_pwv.jpg,2011-07-23 15:24:05,2011-07-23 15:24:05,-,2218302,-,-,1974x2497,-,NIKON D5000,ea5bcfc022e2b02e1598672cb1418a60
/Users/mac24/a/projects/fotos/keep/images/ArtPhil,20110814Acrylic.jpg,2011-08-14 18:02:39,2011-08-14 18:02:39,-,2044008,-,-,2559x1926,-,NIKON D5000,d38a3db3bc7e1d784dd7b5fe8597410a
/Users/mac24/a/projects/fotos/keep/images/ArtPhil,20111015acrylic.jpg,2011-09-28 01:19:29,2011-09-28 01:19:29,-,2456040,-,-,1835x2459,-,NIKON D5000,1a851884314984e68470c573d0a4b716
/Users/mac24/a/projects/fotos/keep/images/ArtPhil,20120105Acyrlic.jpg,2011-12-21 23:28:34,2011-12-21 23:28:34,-,1712387,-,-,2474x1867,-,NIKON D5000,fe403a444ae68fd1174de38e79a08bc6
/Users/mac24/a/projects/fotos/keep/images/ArtPhil,20120302Acyrlic.jpg,2012-03-03 15:41:40,2012-03-03 15:41:40,-,1536134,-,-,2182x1598,-,E-PM1,610eb5eb26f84f0c105d55f32ea64801
/Users/mac24/a/projects/fotos/keep/images/ArtPhil,20120304Dance.jpg,2012-03-04 00:22:25,2012-03-04 00:22:25,-,1417568,-,-,1889x1381,-,E-PM1,c7f0073a6bd897310e3fed251ea712c5
/Users/mac24/a/projects/fotos/keep/images/ArtPhil,20120306Acrylic.jpg,2012-03-16 20:18:48,2012-03-16 20:18:48,-,1820587,-,-,2178x1441,-,E-PM1,e621ad909bf02949946adfa45dc4891c
/Users/mac24/a/projects/fotos/keep/images/ArtPhil,20130501watercolor.jpg,2013-04-21 00:30:26,2013-04-21 00:30:26,-,655215,-,-,1358x1895,Unknown (2C 3C 9C 0E) 18-55mm,NIKON D5000,57ef71220ad8daca2d6d4f960494680e
/Users/mac24/a/projects/fotos/keep/images/ArtPhil,20140929Acrylic.jpg,2014-10-21 12:27:06,2014-10-21 12:27:06,-,691589,-,-,1883x1803,Unknown (2C 3C 9C 0E) 18-55mm,NIKON D5000,4924a6f469b7b71f2045993da4f9b8d7
/Users/mac24/a/projects/fotos/keep/images/ArtPhil,20141017Acrylic.jpg,2014-10-21 12:28:29,2014-10-21 12:28:29,-,1467507,-,-,2502x1926,Unknown (2C 3C 9C 0E) 18-55mm,NIKON D5000,cef9c4011c3f020eef84cea962c4efd9
/Users/mac24/a/projects/fotos/keep/images/ArtPhil,20141020Acrylic.jpg,2014-10-21 12:29:08,2014-10-21 12:29:08,-,1022497,-,-,1918x2326,Unknown (2C 3C 9C 0E) 18-55mm,NIKON D5000,d74a42ea511a3f6da8dbb22c7f247b69
/Users/mac24/a/projects/fotos/keep/images/ArtPhil,20141212Acrylic.jpg,2013-12-07 14:42:36,2013-12-07 14:42:36,-,304595,-,-,1859x1312,Olympus M.Zuiko Digital ED 14-42mm F3.5-5.6 II R,E-PM1,7cb34c6520080912f066b99ca5dbc5ea
/Users/mac24/a/projects/fotos/keep/images/ArtPhil,20160822_abstractAcrylicPaper.jpg,-,-,-,142005,-,-,685x956,-,-,89c6340fed2dfc496a2b128e4d6411ea
/Users/mac24/a/projects/fotos/keep/images/ArtPhil,20161122Acrylic.jpg,0000:00:00 00:00:00,0000:00:00 00:00:00,-,1569074,-,-,2814x2118,-,E-PM1,c19a07a0843081782324adae64ee7336
/Users/mac24/a/projects/fotos/keep/images/ArtPhil,20170424acrylic.jpg,0000:00:00 00:00:00,0000:00:00 00:00:00,-,905940,-,-,2592x1935,-,E-PM1,dc7037f6d569b46d01dd4da1cec61774
/Users/mac24/a/projects/fotos/keep/images/ArtPhil,20170819Camp.png,-,-,-,20804936,-,-,4032x3024,-,-,a4ed1c11f496f715596bebd31735c9b8
/Users/mac24/a/projects/fotos/keep/images/ArtPhil,20170929_Abstract_procreate.png,-,-,-,8857150,-,-,2048x2732,-,-,5eb18b03adeae451880f1ea13d830af2
/Users/mac24/a/projects/fotos/keep/images/ArtPhil,20171030_ice.jpg,-,-,-,183293,-,-,1275x956,-,-,30acd926d1c8e2aed106996ffb10d35a
/Users/mac24/a/projects/fotos/keep/images/ArtPhil,20201201Landscape.jpg,2021-01-02 22:37:17,2021-01-02 22:37:17,-,1473668,39.1317361111111,-77.2263083333333,2442x1709,-,Pixel 5,e697620311608e648a9a4e8c81ba30a3
/Users/mac24/a/projects/fotos/keep/images/ArtPhil,2020selfy.png,-,-,-,13887250,-,-,2480x3508,-,-,493f1b6c72f63ba43c177c0d5156eeeb
/Users/mac24/a/projects/fotos/keep/images/ArtPhil,20210104landscape.jpg,2021-01-04 16:46:14,2021-01-04 16:46:14,-,1131404,39.1317416666667,-77.2263083333333,2328x1670,-,Pixel 5,fffcd889c634e65fa32bea0e64c4904b
/Users/mac24/a/projects/fotos/keep/images/ArtPhil,arcylic_on_plastic_wrap.jpg,-,-,-,94155,-,-,1262x659,-,-,a6289088553f04f57036a07442cbbb2b
/Users/mac24/a/projects/fotos/keep/images/ArtPhil,Camp_20170805.png,-,-,-,20432155,-,-,4032x3024,-,-,6ac3bd7e78cdf82e65b569fb9803bf88
/Users/mac24/a/projects/fotos/keep/images/ArtPhil,falltoHell.jpg,-,2002-08-05 23:24:34,-,916202,-,-,1024x1304,-,HP PhotoSmart 618 (V1.10),eec12904fedeb05ed03f156bec292aa0
/Users/mac24/a/projects/fotos/keep/images/ArtPhil,flowersAnts.jpg,2011-08-03 08:03:41,2011-08-03 08:03:41,-,2467793,-,-,3216x2136,-,NIKON D5000,0842212525a7b9ba4e9a726c8f2970f7
/Users/mac24/a/projects/fotos/keep/images/ArtPhil,Im000502.jpg,-,2002-08-05 22:48:37,-,920916,-,-,1446x1085,-,HP PhotoSmart 618 (V1.1),c8ce3c87124b648d7a6c8061b42ce8a3
/Users/mac24/a/projects/fotos/keep/images/ArtPhil,man1998.jpg,-,2002-08-05 22:55:36,-,363571,-,-,1081x1372,-,HP PhotoSmart 618 (V1.10),69bfdf00e50a151ca90186c1be40e0d0
/Users/mac24/a/projects/fotos/keep/images/ArtPhil,nature1.png,-,-,-,3403236,-,-,1299x864,-,-,39a9943afc8758b96af30ed5d9bf183c
/Users/mac24/a/projects/fotos/keep/images/ArtPhil,pond1999.jpg,-,2002-08-05 23:03:39,-,359689,-,-,1387x1046,-,HP PhotoSmart 618 (V1.10),50b2ef715d9cfb71a002861e4a5dd70b
/Users/mac24/a/projects/fotos/keep/images/ArtPhil,potomac2000.jpg,-,2002-08-05 23:21:52,-,969228,-,-,1348x1072,-,HP PhotoSmart 618 (V1.10),3c7ef69c7ac8a7feb64f838ad5083ddb
/Users/mac24/a/projects/fotos/keep/images/ArtPhil/notebooks/notebook-20250404,notebook-20250404_1.jpg,-,-,-,598214,-,-,2128x2832,-,-,4572e58aa55f1313620ae69014f383d4
/Users/mac24/a/projects/fotos/keep/images/ArtPhil/notebooks/notebook-20250404,notebook-20250404_2.jpg,-,-,-,512200,-,-,1952x2752,-,-,4f30a0528eb8b7f6f550b5267031c7f9
/Users/mac24/a/projects/fotos/keep/images/ArtPhil/notebooks/notebook-20250404,notebook-20250404_3.jpg,-,-,-,378012,-,-,1936x2256,-,-,15f6f196b07e877ea7c04342821f1330
/Users/mac24/a/projects/fotos/keep/images/ArtPhil/notebooks/notebook-20250404,notebook-20250404.jpg,-,-,-,438883,-,-,1952x2544,-,-,0eae33c7aaac7b40be790474263b7f26
/Users/mac24/a/projects/fotos/keep/images/Downloads_2021_imac,EllyStephWedding.jpg,2012-08-27 02:20:14,2012-08-27 02:20:14,-,164013,-,-,1024x683,-,KODAK EASYSHARE V1003 ZOOM DIGITAL CAMERA,62bbb977d3a42947372a018afa209446
/Users/mac24/a/projects/fotos/keep/images/Downloads_2021_imac,FidelityWithdrawlPlan.png,-,-,-,151770,-,-,1010x535,-,-,17b2db9db4ba931fcf0cabfa99ccb506
/Users/mac24/a/projects/fotos/keep/images/Downloads_2021_imac,IMG_20160715_142749.jpg,2016-07-15 14:27:50,2016-07-15 14:27:50,-,118375,39.1319259722222,-77.2270209722222,720x939,-,LG-H811,dde88d045e4e3019a860ea3f8f5365a9
/Users/mac24/a/projects/fotos/keep/images/Downloads_2021_imac,Lucy In The Sky With Diamond - Piano - Synthesia.mp4,2013-03-26 12:29:44,-,0:02:10,5847310,-,-,480x360,-,-,378b669927c4dd222d0cf1e34a95e701
/Users/mac24/a/projects/fotos/keep/images/Downloads_2021_imac,package2.png,-,-,-,502403,-,-,654x532,-,-,267345bc12cb92b8a3d28087597a344b
/Users/mac24/a/projects/fotos/keep/images/Dropbox_2021_imac/Dropbox,2009-01-01 13.06.47.jpg,2009-01-01 13:06:47,2009-01-01 13:06:47,-,1812298,-,-,3216x2136,AF-S DX Zoom-Nikkor 18-55mm f/3.5-5.6G ED II,NIKON D5000,9fa2d6d4e86cc23fafdb8d6e0a3d0162
/Users/mac24/a/projects/fotos/keep/images/Dropbox_2021_imac/Dropbox,audioBooks_inSHoebox.jpg,2020-09-28 19:23:26,2020-09-28 19:23:26,-,1811591,-,-,2191x1598,Sony 24-200mm F2.8-4.5,DSC-RX100M6,2dd019596432b9cfe0bb7d0d2b9f871c
/Users/mac24/a/projects/fotos/keep/images/Dropbox_2021_imac/Dropbox,DVDs-in-ShoeBox.jpg,2020-09-26 17:33:07,2020-09-26 17:33:07,-,1635226,-,-,2318x1518,Sony 24-200mm F2.8-4.5,DSC-RX100M6,ccbe6b334d79eb77552f88a60014f975
/Users/mac24/a/projects/fotos/keep/images/Dropbox_2021_imac/Dropbox/2014,2014-01-01 14.43.03.jpg,2014-01-01 14:43:03,2014-01-01 14:43:03,-,412535,-,-,1280x720,-,SCH-I535,110d0065ab508deb90d69ed7f6d02575
/Users/mac24/a/projects/fotos/keep/images/Dropbox_2021_imac/Dropbox/2014,2014-01-01 14.47.48.jpg,2014-01-01 14:47:48,2014-01-01 14:47:48,-,427597,-,-,1280x720,-,SCH-I535,acefdcb8f4cfe77b4b746c8db1a1b74d
/Users/mac24/a/projects/fotos/keep/images/Dropbox_2021_imac/Dropbox/2014,2014-01-03 22.54.36.jpg,2014-01-03 22:54:36,2014-01-03 22:54:36,-,1580742,-,-,2592x1936,iPad back camera 4.28mm f/2.4,iPad,af34f9eefd4b440f263b4e17bdfd72fc
/Users/mac24/a/projects/fotos/keep/images/Dropbox_2021_imac/Dropbox/2014,2014-03-02 19.58.44.jpg,2014-03-02 19:58:44,2014-03-02 19:58:44,-,390554,39.1317475,-77.2263302777778,1280x720,-,SCH-I535,6545018ce7db50308cc139d5a9d4a356
/Users/mac24/a/projects/fotos/keep/images/Dropbox_2021_imac/Dropbox/2014,2014-05-21 18.21.50.jpg,2014-05-21 18:21:50,2014-05-21 18:21:50,-,459182,39.1316863888889,-77.2263558333333,1280x720,-,SCH-I535,58335c50b0f34e8952b884227330efb0
/Users/mac24/a/projects/fotos/keep/images/Dropbox_2021_imac/Dropbox/2014,2014-05-21 18.23.40.jpg,2014-05-21 18:23:40,2014-05-21 18:23:40,-,551488,39.1322608333333,-77.2259694444444,720x1280,-,SCH-I535,9ce81a04da02544e5b865fbd5b3102bb
/Users/mac24/a/projects/fotos/keep/images/Dropbox_2021_imac/Dropbox/2014,2014-06-01 22.07.38.jpg,2014-06-01 22:07:38,2014-06-01 22:07:38,-,1970821,39.1315194444444,-77.2260972222222,2592x1936,iPad back camera 4.28mm f/2.4,iPad,1d6563bf7334c11b9cfa463862ea1d7f
/Users/mac24/a/projects/fotos/keep/images/Dropbox_2021_imac/Dropbox/2014,2014-08-04 20.30.28.png,-,-,-,518395,-,-,720x1280,-,-,57b668412bed94e548a43fdcc58314ca
/Users/mac24/a/projects/fotos/keep/images/Dropbox_2021_imac/Dropbox/2014,2014-08-06 17.31.47.jpg,2014-08-06 17:31:47,2014-08-06 17:31:47,-,265016,-,-,720x1280,-,SCH-I535,439e3380dc737010dd47aa3d49506ca7
/Users/mac24/a/projects/fotos/keep/images/Dropbox_2021_imac/Dropbox/2014,2014-08-06 17.36.46.jpg,2014-08-06 17:36:46,2014-08-06 17:36:46,-,379916,-,-,1280x720,-,SCH-I535,1e520555a526793950ffef6bd137e661
/Users/mac24/a/projects/fotos/keep/images/Dropbox_2021_imac/Dropbox/2014,2014-08-08 17.06.54.jpg,2014-08-08 17:06:54,2014-08-08 17:06:54,-,415235,-,-,720x1280,-,SCH-I535,917e8def74850c28e5e1b72e6fb1682a
/Users/mac24/a/projects/fotos/keep/images/Dropbox_2021_imac/Dropbox/2014,2014-08-08 17.10.05.jpg,2014-08-08 17:10:05,2014-08-08 17:10:05,-,532069,-,-,720x1280,-,SCH-I535,fb38a133527ecbd932282c8f6a1e638b
/Users/mac24/a/projects/fotos/keep/images/Dropbox_2021_imac/Dropbox/2014,2014-08-09 14.22.08.jpg,2014-08-09 14:22:08,2014-08-09 14:22:08,-,757050,-,-,1280x720,-,SCH-I535,74f33d259b4420fc91fd3d4796c6b140
/Users/mac24/a/projects/fotos/keep/images/Dropbox_2021_imac/Dropbox/2014,2014-08-09 14.22.15.jpg,2014-08-09 14:22:15,2014-08-09 14:22:15,-,510375,-,-,1280x720,-,SCH-I535,2074a21b815034760df254e6f2a83bb9
/Users/mac24/a/projects/fotos/keep/images/Dropbox_2021_imac/Dropbox/2014,2014-08-09 14.24.21.jpg,2014-08-09 14:24:21,2014-08-09 14:24:21,-,476251,-,-,1280x720,-,SCH-I535,3f39fa97a1589fefc9855569053c00a5
/Users/mac24/a/projects/fotos/keep/images/Dropbox_2021_imac/Dropbox/2014,2014-08-10 11.23.06.jpg,2014-08-10 11:23:06,2014-08-10 11:23:06,-,143512,-,-,480x640,-,SCH-I535,196f18bbd3a266aa2c9eefdbc6ef8f12
/Users/mac24/a/projects/fotos/keep/images/Dropbox_2021_imac/Dropbox/2014,2014-08-13 13.42.33.jpg,2014-08-13 13:42:33,2014-08-13 13:42:33,-,722338,-,-,2048x1152,-,SCH-I535,675a27cbdee073cdf90a393e956bcfdd
/Users/mac24/a/projects/fotos/keep/images/Dropbox_2021_imac/Dropbox/2014,2014-08-16 14.29.32.jpg,2014-08-16 14:29:32,2014-08-16 14:29:32,-,667327,-,-,1152x2048,-,SCH-I535,9a2fc25657b0cd230e640cc23fa4732b
/Users/mac24/a/projects/fotos/keep/images/Dropbox_2021_imac/Dropbox/2014,2014-08-24 19.38.23.jpg,2014-08-24 19:38:23,2014-08-24 19:38:23,-,1916299,-,-,3216x2136,AF-S DX VR Zoom-Nikkor 18-55mm f/3.5-5.6G,NIKON D5000,a9280ae5cf507aac39a42f8badd37f70
/Users/mac24/a/projects/fotos/keep/images/Dropbox_2021_imac/Dropbox/2014,2014-08-24 19.38.51.jpg,2014-08-24 19:38:51,2014-08-24 19:38:51,-,2043411,-,-,3216x2136,AF-S DX VR Zoom-Nikkor 18-55mm f/3.5-5.6G,NIKON D5000,86cf0e3cef9b10d4d8aff510ee1cabd2
/Users/mac24/a/projects/fotos/keep/images/Dropbox_2021_imac/Dropbox/2014,2014-08-27 19.15.44.jpg,2014-08-27 19:15:44,2014-08-27 19:15:44,-,1886974,-,-,3216x2136,AF-S DX VR Zoom-Nikkor 18-55mm f/3.5-5.6G,NIKON D5000,5a1a5482259dd6cdfe0e6685ee941104
/Users/mac24/a/projects/fotos/keep/images/Dropbox_2021_imac/Dropbox/2014,2014-09-06 13.29.33.jpg,2014-09-06 13:29:33,2014-09-06 13:29:33,-,1840538,-,-,3216x2136,AF-S DX VR Zoom-Nikkor 18-55mm f/3.5-5.6G,NIKON D5000,aed372f9b472740f66821723e2bdc0ff
/Users/mac24/a/projects/fotos/keep/images/Dropbox_2021_imac/Dropbox/2014,2014-09-08 11.11.18.jpg,2014-09-08 11:11:18,2014-09-08 11:11:18,-,730126,-,-,2048x1152,-,SCH-I535,19d5f70556fade5fd898359e4f56400a
/Users/mac24/a/projects/fotos/keep/images/Dropbox_2021_imac/Dropbox/2014,2014-09-17 22.53.44.mp4,2014-09-17 22:53:44,-,0:01:30,192381060,-,-,1920x1080,-,-,89a79a5649f27a5e3b004e57a18fcb87
/Users/mac24/a/projects/fotos/keep/images/Dropbox_2021_imac/Dropbox/2014,2014-09-19 21.54.12.mp4,2014-09-19 21:54:12,-,0:01:43,221302021,-,-,1920x1080,-,-,0642e12240e2ae0b7697558fc4caf150
/Users/mac24/a/projects/fotos/keep/images/Dropbox_2021_imac/Dropbox/2014,2014-09-25 13.39.10.jpg,2014-09-25 13:39:10,2014-09-25 13:39:10,-,1238991,-,-,2048x1152,-,SCH-I535,6122180dde974370bd81da4c83a6610f
/Users/mac24/a/projects/fotos/keep/images/Dropbox_2021_imac/Dropbox/2014,2014-10-04 17.32.38.jpg,2014-10-04 17:32:38,2014-10-04 17:32:38,-,1258527,-,-,2048x1152,-,SCH-I535,3ce9a2d5de0e688086e6132aec26eaba
/Users/mac24/a/projects/fotos/keep/images/Dropbox_2021_imac/Dropbox/2014,2014-10-04 19.46.57.jpg,2014-10-04 19:46:57,2014-10-04 19:46:57,-,115332,-,-,480x640,-,SCH-I535,512ff05f9a829a99201ed8441ff22320
/Users/mac24/a/projects/fotos/keep/images/Dropbox_2021_imac/Dropbox/2014,2014-10-04 19.47.09.jpg,2014-10-04 19:47:09,2014-10-04 19:47:09,-,1030933,-,-,2048x1152,-,SCH-I535,ec5c037feeccab278989a99c0ae9a48c
/Users/mac24/a/projects/fotos/keep/images/Dropbox_2021_imac/Dropbox/2014,2014-10-04 23.51.11.mp4,2014-10-04 23:51:11,-,0:00:44,94445284,-,-,1920x1080,-,-,4b239ef7912ccc752cf55087891fbabe
/Users/mac24/a/projects/fotos/keep/images/Dropbox_2021_imac/Dropbox/2014,2014-10-17 13.13.21.jpg,2014-10-17 13:13:21,2014-10-17 13:13:21,-,1825918,-,-,3216x2136,AF-S DX VR Zoom-Nikkor 18-55mm f/3.5-5.6G,NIKON D5000,0b74c65a85b5a2d05f9ba4b2c22d19a4
/Users/mac24/a/projects/fotos/keep/images/Dropbox_2021_imac/Dropbox/2014,2014-10-25 14.36.28.jpg,2014-10-25 14:36:28,2014-10-25 14:36:28,-,2583660,-,-,3216x2136,AF-S DX VR Zoom-Nikkor 18-55mm f/3.5-5.6G,NIKON D5000,7bd0481adaeaee7e84a054cdc89ed078
/Users/mac24/a/projects/fotos/keep/images/Dropbox_2021_imac/Dropbox/2014,2014-10-25 14.38.39.jpg,2014-10-25 14:38:39,2014-10-25 14:38:39,-,3653926,-,-,3216x2136,AF-S DX VR Zoom-Nikkor 18-55mm f/3.5-5.6G,NIKON D5000,1b7794ed7c9cfb70bfd1e01fe4bdf279
/Users/mac24/a/projects/fotos/keep/images/Dropbox_2021_imac/Dropbox/2014,2014-10-25 14.40.28.jpg,2014-10-25 14:40:28,2014-10-25 14:40:28,-,3775012,-,-,3216x2136,AF-S DX VR Zoom-Nikkor 18-55mm f/3.5-5.6G,NIKON D5000,c012b502af0eb8ca9749eb3d062bc5ab
/Users/mac24/a/projects/fotos/keep/images/Dropbox_2021_imac/Dropbox/2014,2014-10-25 14.53.00.jpg,2014-10-25 14:53:00,2014-10-25 14:53:00,-,3407761,-,-,3216x2136,AF-S DX VR Zoom-Nikkor 18-55mm f/3.5-5.6G,NIKON D5000,9b30003a8fbc8c73ade1bd8c3591ce12
/Users/mac24/a/projects/fotos/keep/images/Dropbox_2021_imac/Dropbox/2014,2014-10-25 14.53.46.jpg,2014-10-25 14:53:46,2014-10-25 14:53:46,-,2516055,-,-,3216x2136,AF-S DX VR Zoom-Nikkor 18-55mm f/3.5-5.6G,NIKON D5000,37232b800a6c0a017470441f34544d5a
/Users/mac24/a/projects/fotos/keep/images/Dropbox_2021_imac/Dropbox/2014,2014-10-25 15.00.28.jpg,2014-10-25 15:00:28,2014-10-25 15:00:28,-,3802795,-,-,3216x2136,AF-S DX VR Zoom-Nikkor 18-55mm f/3.5-5.6G,NIKON D5000,0bedbc6df80a25f865bcc52749dcef23
/Users/mac24/a/projects/fotos/keep/images/Dropbox_2021_imac/Dropbox/2014,2014-10-25 15.02.17.jpg,2014-10-25 15:02:17,2014-10-25 15:02:17,-,3862484,-,-,3216x2136,AF-S DX VR Zoom-Nikkor 18-55mm f/3.5-5.6G,NIKON D5000,5f2d3943c52cdfc322c913b8cf01add9
/Users/mac24/a/projects/fotos/keep/images/Dropbox_2021_imac/Dropbox/2014,2014-10-25 15.03.28.jpg,2014-10-25 15:03:28,2014-10-25 15:03:28,-,4072683,-,-,3216x2136,AF-S DX VR Zoom-Nikkor 18-55mm f/3.5-5.6G,NIKON D5000,b06f41745824b09048469efa1a5bd704
/Users/mac24/a/projects/fotos/keep/images/Dropbox_2021_imac/Dropbox/2014,2014-10-25 15.10.05.jpg,2014-10-25 15:10:05,2014-10-25 15:10:05,-,2613610,-,-,3216x2136,AF-S DX VR Zoom-Nikkor 18-55mm f/3.5-5.6G,NIKON D5000,588e451637a21e593e271f21f653f8fd
/Users/mac24/a/projects/fotos/keep/images/Dropbox_2021_imac/Dropbox/2014,2014-10-25 15.13.14.jpg,2014-10-25 15:13:14,2014-10-25 15:13:14,-,4104346,-,-,3216x2136,AF-S DX VR Zoom-Nikkor 18-55mm f/3.5-5.6G,NIKON D5000,268e4601fb9c947773621624a838ed5b
/Users/mac24/a/projects/fotos/keep/images/Dropbox_2021_imac/Dropbox/2014,2014-10-25 15.20.27.jpg,2014-10-25 15:20:27,2014-10-25 15:20:27,-,3781709,-,-,3216x2136,AF-S DX VR Zoom-Nikkor 18-55mm f/3.5-5.6G,NIKON D5000,e9cb750938e073f2e110b34582531674
/Users/mac24/a/projects/fotos/keep/images/Dropbox_2021_imac/Dropbox/2014,2014-11-09 16.09.49.jpg,2014-11-09 16:09:49,2014-11-09 16:09:49,-,3681170,-,-,3216x2136,AF-S DX VR Zoom-Nikkor 18-55mm f/3.5-5.6G,NIKON D5000,e490ec977a59eca81f67c3d8116555c6
/Users/mac24/a/projects/fotos/keep/images/Dropbox_2021_imac/Dropbox/2014,2014-11-09 16.18.37.jpg,2014-11-09 16:18:37,2014-11-09 16:18:37,-,3208527,-,-,2136x3216,AF-S DX VR Zoom-Nikkor 18-55mm f/3.5-5.6G,NIKON D5000,79473a7a3f11cb09fb7e04ab20363f69
/Users/mac24/a/projects/fotos/keep/images/Dropbox_2021_imac/Dropbox/2014,2014-11-09 16.19.19.jpg,2014-11-09 16:19:19,2014-11-09 16:19:19,-,2938019,-,-,2136x3216,AF-S DX VR Zoom-Nikkor 18-55mm f/3.5-5.6G,NIKON D5000,c37df73a42cca2763d70ff2cdaaa25bd
/Users/mac24/a/projects/fotos/keep/images/Dropbox_2021_imac/Dropbox/2014,2014-11-09 16.29.22.jpg,2014-11-09 16:29:22,2014-11-09 16:29:22,-,3739013,-,-,2136x3216,AF-S DX VR Zoom-Nikkor 18-55mm f/3.5-5.6G,NIKON D5000,62e2d529c3c4c005bfac84a5f70c8dae
/Users/mac24/a/projects/fotos/keep/images/Dropbox_2021_imac/Dropbox/2014,2014-11-29 14.00.19.jpg,2014-11-29 14:00:19,2014-11-29 14:00:19,-,3002339,-,-,2136x3216,AF-S DX VR Zoom-Nikkor 18-55mm f/3.5-5.6G,NIKON D5000,477d3aa4071b58bc976458886e68c3cd
/Users/mac24/a/projects/fotos/keep/images/Dropbox_2021_imac/Dropbox/2014,2014-11-29 14.06.36.jpg,2014-11-29 14:06:36,2014-11-29 14:06:36,-,2971819,-,-,2136x3216,AF-S DX VR Zoom-Nikkor 18-55mm f/3.5-5.6G,NIKON D5000,fff9d68067351ea124af98a42c4d4c87
/Users/mac24/a/projects/fotos/keep/images/Dropbox_2021_imac/Dropbox/2014,2014-11-29 14.06.41.jpg,2014-11-29 14:06:41,2014-11-29 14:06:41,-,3241936,-,-,3216x2136,AF-S DX VR Zoom-Nikkor 18-55mm f/3.5-5.6G,NIKON D5000,052ed97cb4ea501954030d86f5d3c1fb
/Users/mac24/a/projects/fotos/keep/images/Dropbox_2021_imac/Dropbox/2014,2014-11-29 14.06.46.jpg,2014-11-29 14:06:46,2014-11-29 14:06:46,-,3234023,-,-,2136x3216,AF-S DX VR Zoom-Nikkor 18-55mm f/3.5-5.6G,NIKON D5000,dc74deec721b5a686e196f3685a97408
/Users/mac24/a/projects/fotos/keep/images/Dropbox_2021_imac/Dropbox/2014,2014-11-29 14.07.15.jpg,2014-11-29 14:07:15,2014-11-29 14:07:15,-,3110217,-,-,2136x3216,AF-S DX VR Zoom-Nikkor 18-55mm f/3.5-5.6G,NIKON D5000,3d45617c7811a54ad465f6aae464b12b
/Users/mac24/a/projects/fotos/keep/images/Dropbox_2021_imac/Dropbox/2014,2014-11-29 16.55.24.jpg,2014-11-29 16:55:24,2014-11-29 16:55:24,-,3066828,-,-,2136x3216,AF-S DX VR Zoom-Nikkor 18-55mm f/3.5-5.6G,NIKON D5000,04b0d068763396ce55c57f50e11429a8
/Users/mac24/a/projects/fotos/keep/images/Dropbox_2021_imac/Dropbox/2014,2014-11-29 16.55.29.jpg,2014-11-29 16:55:29,2014-11-29 16:55:29,-,3157312,-,-,2136x3216,AF-S DX VR Zoom-Nikkor 18-55mm f/3.5-5.6G,NIKON D5000,dfb68f27743be31dd2ab264da400a9f3
/Users/mac24/a/projects/fotos/keep/images/Dropbox_2021_imac/Dropbox/2014,2014-11-29 16.55.36.jpg,2014-11-29 16:55:36,2014-11-29 16:55:36,-,2723624,-,-,2136x3216,AF-S DX VR Zoom-Nikkor 18-55mm f/3.5-5.6G,NIKON D5000,b7aefb2930a305b672c981b5fee7339c
/Users/mac24/a/projects/fotos/keep/images/Dropbox_2021_imac/Dropbox/2014,2014-11-29 16.56.55.jpg,2014-11-29 16:56:55,2014-11-29 16:56:55,-,2681624,-,-,3216x2136,AF-S DX VR Zoom-Nikkor 18-55mm f/3.5-5.6G,NIKON D5000,0072fce5c29e9ac4c2e5b47bf823d00b
/Users/mac24/a/projects/fotos/keep/images/Dropbox_2021_imac/Dropbox/2014,2014-11-29 16.57.16.jpg,2014-11-29 16:57:16,2014-11-29 16:57:16,-,2893427,-,-,3216x2136,AF-S DX VR Zoom-Nikkor 18-55mm f/3.5-5.6G,NIKON D5000,46439835cc3f0a350e9ac5b62d4a4704
/Users/mac24/a/projects/fotos/keep/images/Dropbox_2021_imac/Dropbox/2014,2014-11-29 16.57.56.jpg,2014-11-29 16:57:56,2014-11-29 16:57:56,-,3124234,-,-,3216x2136,AF-S DX VR Zoom-Nikkor 18-55mm f/3.5-5.6G,NIKON D5000,b23958373db22b4f54a5496ce085b289
/Users/mac24/a/projects/fotos/keep/images/Dropbox_2021_imac/Dropbox/2014,2014-11-29 16.58.30.jpg,2014-11-29 16:58:30,2014-11-29 16:58:30,-,2991083,-,-,3216x2136,AF-S DX VR Zoom-Nikkor 18-55mm f/3.5-5.6G,NIKON D5000,ba52d53c071b24a0403bd8a35507900a
/Users/mac24/a/projects/fotos/keep/images/Dropbox_2021_imac/Dropbox/2014,2014-12-09 18.10.29.png,-,-,-,5553632,-,-,1536x2048,-,-,bf7953763588d7af877b0b1801896a78
/Users/mac24/a/projects/fotos/keep/images/Dropbox_2021_imac/Dropbox/2014,2014-12-10 12.14.48.jpg,2014-12-10 12:14:48,2014-12-10 12:14:48,-,1540361,39.1314083333333,-77.2264027777778,2592x1936,iPad back camera 4.28mm f/2.4,iPad,ef091ec3c16272fa48a8a9eca970bbee
/Users/mac24/a/projects/fotos/keep/images/Dropbox_2021_imac/Dropbox/2014,2014-12-11 23.16.53.jpg,2014-12-11 23:16:53,2014-12-11 23:16:53,-,2800524,-,-,3216x2136,AF-S DX VR Zoom-Nikkor 18-55mm f/3.5-5.6G,NIKON D5000,416cfe5b9a6955f93b00d68460efe9ae
/Users/mac24/a/projects/fotos/keep/images/Dropbox_2021_imac/Dropbox/2014,2014-12-11 23.22.56.jpg,2014-12-11 23:22:56,2014-12-11 23:22:56,-,2905473,-,-,3216x2136,AF-S DX VR Zoom-Nikkor 18-55mm f/3.5-5.6G,NIKON D5000,c45e267a06b42a0961d01657136967a1
/Users/mac24/a/projects/fotos/keep/images/Dropbox_2021_imac/Dropbox/2015,20109719PhilJim.jpg,2010-07-18 09:38:58,2010-07-18 09:38:58,-,182823,-,-,768x1024,-,DSC-H5,a39d03ffeb0ebd8eaac52e5273fdd975
/Users/mac24/a/projects/fotos/keep/images/Dropbox_2021_imac/Dropbox/2015,2015-01-21 12.38.29.jpg,2002-12-08 12:00:00,2015-01-21 12:38:29,-,5749297,-,-,5248x2952,-,XT1254,59f9f445ae602a7b4c83ce2f787031c2
/Users/mac24/a/projects/fotos/keep/images/Dropbox_2021_imac/Dropbox/2015,2015-02-01 12.41.23-1.jpg,2002-12-08 12:00:00,2015-02-01 12:41:23,-,1612797,-,-,1128x2005,-,XT1254,275807988039a08b1b34f8b84883ccc5
/Users/mac24/a/projects/fotos/keep/images/Dropbox_2021_imac/Dropbox/2015,2015-02-03 17.31.35.jpg,2015-02-03 17:31:35,2015-02-03 17:31:35,-,3382652,-,-,3216x2136,AF-S DX VR Zoom-Nikkor 18-55mm f/3.5-5.6G,NIKON D5000,f37a1386f893d1d132dd5b02af44f18c
/Users/mac24/a/projects/fotos/keep/images/Dropbox_2021_imac/Dropbox/2015,2015-02-12 23.28.54.jpg,-,-,-,1738460,-,-,2697x3653,-,-,137731b483ba24ec4279d687e7e49c8d
/Users/mac24/a/projects/fotos/keep/images/Dropbox_2021_imac/Dropbox/2015,2015-02-12 23.31.01.jpg,-,-,-,1749423,-,-,2634x3582,-,-,0ed098c5224699f2b2f430afa4b0e7c9
/Users/mac24/a/projects/fotos/keep/images/Dropbox_2021_imac/Dropbox/2015,2015-02-13 12.01.39.jpg,2015-02-13 12:01:39,2015-02-13 12:01:39,-,1722151,-,-,3216x2136,AF-S DX VR Zoom-Nikkor 18-55mm f/3.5-5.6G,NIKON D5000,29d756f33dbeb7a7517bdaa38bdbd4be
/Users/mac24/a/projects/fotos/keep/images/Dropbox_2021_imac/Dropbox/2015,2015-02-13 13.21.30.jpg,2002-12-08 12:00:00,2015-02-13 13:21:30,-,4262141,-,-,2952x5248,-,XT1254,52b7f3886aa3a613327567cc0f05dedf
/Users/mac24/a/projects/fotos/keep/images/Dropbox_2021_imac/Dropbox/2015,2015-02-13 18.22.02.jpg,-,-,-,1770375,-,-,2800x3703,-,-,32ecc032e4a575ab170832f9bbbf6ad5
/Users/mac24/a/projects/fotos/keep/images/Dropbox_2021_imac/Dropbox/2015,2015-02-20 06.44.35.jpg,2015-02-20 06:44:35,2015-02-20 06:44:35,-,419723,-,-,1280x720,-,SCH-I535,28d6dde3a8b0cf2144f0d2a50158bce1
/Users/mac24/a/projects/fotos/keep/images/Dropbox_2021_imac/Dropbox/2015,2015-02-22 10.55.53.jpg,2015-02-22 10:55:53,2015-02-22 10:55:53,-,1591764,-,-,2136x3216,AF-S DX VR Zoom-Nikkor 18-55mm f/3.5-5.6G,NIKON D5000,66a47de3e54e63dba85d16bd0bce3594
/Users/mac24/a/projects/fotos/keep/images/Dropbox_2021_imac/Dropbox/2015,2015-02-22 10.56.46.jpg,2015-02-22 10:56:46,2015-02-22 10:56:46,-,2119404,-,-,2136x3216,AF-S DX VR Zoom-Nikkor 18-55mm f/3.5-5.6G,NIKON D5000,422ff9b6e6361c9ad3d31d185e1ae786
/Users/mac24/a/projects/fotos/keep/images/Dropbox_2021_imac/Dropbox/2015,2015-02-24 11.33.57.jpg,2015-02-24 11:33:57,2015-02-24 11:33:57,-,459541,-,-,1280x720,-,SCH-I535,6a52f6290d6c214d8338f5fd9d8d5344
/Users/mac24/a/projects/fotos/keep/images/Dropbox_2021_imac/Dropbox/2015,2015-02-24 11.34.20.jpg,2015-02-24 11:34:20,2015-02-24 11:34:20,-,367769,-,-,1280x720,-,SCH-I535,c70c2a42f2caf463247f1283cd324b02
/Users/mac24/a/projects/fotos/keep/images/Dropbox_2021_imac/Dropbox/2015,2015-02-24 13.18.02.jpg,2015-02-24 13:18:02,2015-02-24 13:18:02,-,233784,-,-,720x1280,-,SCH-I535,8d1d878f9c9ec04b5b22b6a534ccdddb
/Users/mac24/a/projects/fotos/keep/images/Dropbox_2021_imac/Dropbox/2015,2015-02-26 12.24.39.jpg,2015-02-26 12:24:39,2015-02-26 12:24:39,-,250830,-,-,962x657,-,SCH-I535,1b91d5715247e16f54f13c6ff75aa776
/Users/mac24/a/projects/fotos/keep/images/Dropbox_2021_imac/Dropbox/2015,2015-02-28 16.14.47.jpg,2015-02-28 16:14:47,2015-02-28 16:14:47,-,260248,-,-,1280x720,-,SCH-I535,d952aaf1c7b94f142cf871a428177896
/Users/mac24/a/projects/fotos/keep/images/Dropbox_2021_imac/Dropbox/2015,2015-03-05 18.58.39.jpg,2015-03-05 18:58:39,2015-03-05 18:58:39,-,1745827,-,-,3216x2136,AF-S DX VR Zoom-Nikkor 18-55mm f/3.5-5.6G,NIKON D5000,ea98aef02049e5bbc17989c1a72701c7
/Users/mac24/a/projects/fotos/keep/images/Dropbox_2021_imac/Dropbox/2015,2015-03-05 18.58.50.jpg,2015-03-05 18:58:50,2015-03-05 18:58:50,-,1768138,-,-,2136x3216,AF-S DX VR Zoom-Nikkor 18-55mm f/3.5-5.6G,NIKON D5000,ce3eeb3e4fc80bda006a684768b47da5
/Users/mac24/a/projects/fotos/keep/images/Dropbox_2021_imac/Dropbox/2015,2015-03-15 21.16.02.mp4,2015-03-15 21:16:02,-,0:00:54,115875257,-,-,1920x1080,-,-,8add9c9149cd185cf881dbb4f3596b7b
/Users/mac24/a/projects/fotos/keep/images/Dropbox_2021_imac/Dropbox/2015,2015-03-18 11.20.40.jpg,2015-03-18 11:20:40,2015-03-18 11:20:40,-,135212,-,-,720x1280,-,SCH-I535,15892a5d83ca1bb85c1debec4fccc8f1
/Users/mac24/a/projects/fotos/keep/images/Dropbox_2021_imac/Dropbox/2015,2015-03-29 11.08.00.jpg,2015-03-29 11:08:00,2015-03-29 11:08:00,-,1544341,-,-,1152x2048,-,SCH-I535,6dc3bac0d9793605dd2b80da989b0a1a
/Users/mac24/a/projects/fotos/keep/images/Dropbox_2021_imac/Dropbox/2015,2015-04-02 13.45.06.jpg,2015-04-02 13:45:06,2015-04-02 13:45:06,-,1602307,-,-,1152x2048,-,SCH-I535,2d3cd573ed15473f0ca44f8c1881d270
/Users/mac24/a/projects/fotos/keep/images/Dropbox_2021_imac/Dropbox/2015,2015-04-02 14.53.08.jpg,2015-04-02 14:53:08,2015-04-02 14:53:08,-,1619562,-,-,1152x2048,-,SCH-I535,ebe8188378a664b6a1f2f0e82cc05e23
/Users/mac24/a/projects/fotos/keep/images/Dropbox_2021_imac/Dropbox/2015,2015-04-09 11.56.36.jpg,2015-04-09 11:56:36,2015-04-09 11:56:36,-,837825,-,-,2048x1152,-,SCH-I535,2936355be2b7d37d2c557367d2f4dcc0
/Users/mac24/a/projects/fotos/keep/images/Dropbox_2021_imac/Dropbox/2015,2015-04-09 12.00.06.jpg,2015-04-09 12:00:06,2015-04-09 12:00:06,-,968884,-,-,2048x1152,-,SCH-I535,030036574f49e3e21eeb3bd1706a4d74
/Users/mac24/a/projects/fotos/keep/images/Dropbox_2021_imac/Dropbox/2015,2015-05-08 17.13.58.jpg,2015-05-08 17:13:58,2015-05-08 17:13:58,-,939516,-,-,1152x2048,-,SCH-I535,b78cf92c1a3deb4e09e33ee578dd719f
/Users/mac24/a/projects/fotos/keep/images/Dropbox_2021_imac/Dropbox/2015,2015-05-09 18.39.04.jpg,2015-05-09 18:39:04,2015-05-09 18:39:04,-,929062,-,-,2048x1152,-,SCH-I535,b91aaf9ec0a8acbc956313a80a7ebb5b
/Users/mac24/a/projects/fotos/keep/images/Dropbox_2021_imac/Dropbox/2015,2015-05-14 09.52.44.jpg,2015-05-14 09:52:44,2015-05-14 09:52:44,-,134706,-,-,480x640,-,SCH-I535,532b094282e56c0a3fa9c45a97b4bc96
/Users/mac24/a/projects/fotos/keep/images/Dropbox_2021_imac/Dropbox/2015,2015-05-14 09.52.59.jpg,2015-05-14 09:52:59,2015-05-14 09:52:59,-,115893,-,-,480x640,-,SCH-I535,adb7ffc142b061b8b68e40a38c44519d
/Users/mac24/a/projects/fotos/keep/images/Dropbox_2021_imac/Dropbox/2015,2015-05-14 09.53.59.jpg,2015-05-14 09:53:59,2015-05-14 09:53:59,-,1204950,-,-,2048x1152,-,SCH-I535,f9e365bffd6f19298c0e2a859f4168aa
/Users/mac24/a/projects/fotos/keep/images/Dropbox_2021_imac/Dropbox/2015,2015-05-17 15.00.53.jpg,2015-05-17 15:00:53,2015-05-17 15:00:53,-,149927,-,-,480x640,-,SCH-I535,cb001251605ba0c6ab0bf547142636d1
/Users/mac24/a/projects/fotos/keep/images/Dropbox_2021_imac/Dropbox/2015,2015-05-23 17.07.42.jpg,2015-05-23 17:07:42,2015-05-23 17:07:42,-,1333040,-,-,1152x2048,-,SCH-I535,21f26699591ffb73a073178aa97cedcd
/Users/mac24/a/projects/fotos/keep/images/Dropbox_2021_imac/Dropbox/2015,2015-05-27 16.36.46.jpg,2015-05-27 16:36:46,2015-05-27 16:36:46,-,1625089,-,-,2136x3216,AF-S DX VR Zoom-Nikkor 18-55mm f/3.5-5.6G,NIKON D5000,78502d7a3c3d071377906d1ec2194320
/Users/mac24/a/projects/fotos/keep/images/Dropbox_2021_imac/Dropbox/2015,2015-05-27 16.38.36.jpg,2015-05-27 16:38:36,2015-05-27 16:38:36,-,1859417,-,-,2136x3216,AF-S DX VR Zoom-Nikkor 18-55mm f/3.5-5.6G,NIKON D5000,7ae12191794c8deb3e2dd0015e075ec0
/Users/mac24/a/projects/fotos/keep/images/Dropbox_2021_imac/Dropbox/2015,2015-05-27 16.39.52.jpg,2015-05-27 16:39:52,2015-05-27 16:39:52,-,1760469,-,-,2136x3216,AF-S DX VR Zoom-Nikkor 18-55mm f/3.5-5.6G,NIKON D5000,0d1d774eab724f3730377875ba9156e0
/Users/mac24/a/projects/fotos/keep/images/Dropbox_2021_imac/Dropbox/2015,2015-06-06 16.15.40.jpg,2015-06-06 16:15:40,2015-06-06 16:15:40,-,1793389,-,-,2136x3216,AF-S DX VR Zoom-Nikkor 18-55mm f/3.5-5.6G,NIKON D5000,1854bb90c8ef33129bef3cd50df0c4de
/Users/mac24/a/projects/fotos/keep/images/Dropbox_2021_imac/Dropbox/2015,2015-06-13 10.46.34.jpg,2015-06-13 10:46:34,2015-06-13 10:46:34,-,2316507,39.1315916666667,-77.2263555555556,2592x1936,iPad back camera 4.28mm f/2.4,iPad,4c81a39335126b90f160de7245a644e1
/Users/mac24/a/projects/fotos/keep/images/Dropbox_2021_imac/Dropbox/2015,2015-06-19 20.37.24.jpg,2015-06-19 20:37:24,2015-06-19 20:37:24,-,1025937,-,-,2048x1152,-,SCH-I535,ef38736a595be3d557b35683a77a3af4
/Users/mac24/a/projects/fotos/keep/images/Dropbox_2021_imac/Dropbox/2015,2015-06-21 18.27.50.jpg,2015-06-21 18:27:50,2015-06-21 18:27:50,-,853394,-,-,2048x1152,-,SCH-I535,e824a2649ef6b9bf28591cc498625e50
/Users/mac24/a/projects/fotos/keep/images/Dropbox_2021_imac/Dropbox/2015,2015-06-24 17.06.43.jpg,2015-06-24 17:06:43,2015-06-24 17:06:43,-,1057413,-,-,1152x2048,-,SCH-I535,6627277700ffd5058730153e99c7f6c3
/Users/mac24/a/projects/fotos/keep/images/Dropbox_2021_imac/Dropbox/2015,2015-06-24 20.23.17.jpg,2015-06-24 20:23:17,2015-06-24 20:23:17,-,914888,-,-,2048x1152,-,SCH-I535,d2716ee93c8e4a1485d39b5f4a68dd48
/Users/mac24/a/projects/fotos/keep/images/Dropbox_2021_imac/Dropbox/2015,2015-06-28 23.49.24.jpg,2015-06-28 23:49:24,2015-06-28 23:49:24,-,860441,-,-,1152x2048,-,SCH-I535,2552f8f5b0ee1328eac58cdc82421195
/Users/mac24/a/projects/fotos/keep/images/Dropbox_2021_imac/Dropbox/2015,2015-06-28 23.52.28.jpg,2015-06-28 23:52:28,2015-06-28 23:52:28,-,371871,-,-,2048x1152,-,SCH-I535,57aba30de9de14b9c85abea7ec54114b
/Users/mac24/a/projects/fotos/keep/images/Dropbox_2021_imac/Dropbox/2015,2015-06-28 23.53.06.jpg,2015-06-28 23:53:06,2015-06-28 23:53:06,-,755596,-,-,1152x2048,-,SCH-I535,60fd36f1630bc3bf89c396def752f1d3
/Users/mac24/a/projects/fotos/keep/images/Dropbox_2021_imac/Dropbox/2015,2015-06-28 23.53.26.jpg,2015-06-28 23:53:26,2015-06-28 23:53:26,-,1029500,-,-,1152x2048,-,SCH-I535,48b899608b540ce9b51871689f1fc13f
/Users/mac24/a/projects/fotos/keep/images/Dropbox_2021_imac/Dropbox/2015,2015-06-28 23.55.46.jpg,2015-06-28 23:55:46,2015-06-28 23:55:46,-,498583,-,-,1152x2048,-,SCH-I535,0bbdbd95a301700815bbe11e927e6a6f
/Users/mac24/a/projects/fotos/keep/images/Dropbox_2021_imac/Dropbox/2015,2015-06-28 23.56.31.jpg,2015-06-28 23:56:31,2015-06-28 23:56:31,-,926270,-,-,2048x1152,-,SCH-I535,dfc351be514dba73e251400ffe254769
/Users/mac24/a/projects/fotos/keep/images/Dropbox_2021_imac/Dropbox/2015,2015-07-02 09.24.51.jpg,2015-07-02 09:24:51,2015-07-02 09:24:51,-,1791764,-,-,2136x3216,AF-S DX VR Zoom-Nikkor 18-55mm f/3.5-5.6G,NIKON D5000,86e50c5aae329d98047333ec45a44a4d
/Users/mac24/a/projects/fotos/keep/images/Dropbox_2021_imac/Dropbox/2015,2015-07-02 09.25.59.jpg,2015-07-02 09:25:59,2015-07-02 09:25:59,-,1829667,-,-,3216x2136,AF-S DX VR Zoom-Nikkor 18-55mm f/3.5-5.6G,NIKON D5000,93b2cf1c0b36efa21bb90e7332dc0430
/Users/mac24/a/projects/fotos/keep/images/Dropbox_2021_imac/Dropbox/2015,2015-07-02 09.26.43.jpg,2015-07-02 09:26:43,2015-07-02 09:26:43,-,1859868,-,-,3216x2136,AF-S DX VR Zoom-Nikkor 18-55mm f/3.5-5.6G,NIKON D5000,7a48b5162ad882c4e45e2747cc48007e
/Users/mac24/a/projects/fotos/keep/images/Dropbox_2021_imac/Dropbox/2015,2015-07-02 09.28.28.jpg,2015-07-02 09:28:28,2015-07-02 09:28:28,-,1853470,-,-,3216x2136,AF-S DX VR Zoom-Nikkor 18-55mm f/3.5-5.6G,NIKON D5000,5ff24b9edab35b25720a27a2285a3b32
/Users/mac24/a/projects/fotos/keep/images/Dropbox_2021_imac/Dropbox/2015,2015-07-02 09.29.03.jpg,2015-07-02 09:29:03,2015-07-02 09:29:03,-,1844787,-,-,3216x2136,AF-S DX VR Zoom-Nikkor 18-55mm f/3.5-5.6G,NIKON D5000,4aecdae7a0370a72b746a776890dc879
/Users/mac24/a/projects/fotos/keep/images/Dropbox_2021_imac/Dropbox/2015,2015-07-02 09.30.41.jpg,2015-07-02 09:30:41,2015-07-02 09:30:41,-,3082726,-,-,3216x2136,AF-S DX VR Zoom-Nikkor 18-55mm f/3.5-5.6G,NIKON D5000,6cfa513e28d58ec42c825b1e0a52c890
/Users/mac24/a/projects/fotos/keep/images/Dropbox_2021_imac/Dropbox/2015,2015-07-02 09.31.52.jpg,2015-07-02 09:31:52,2015-07-02 09:31:52,-,3789604,-,-,3216x2136,AF-S DX VR Zoom-Nikkor 18-55mm f/3.5-5.6G,NIKON D5000,a1aee4059439af62768add9fbfe692a9
/Users/mac24/a/projects/fotos/keep/images/Dropbox_2021_imac/Dropbox/2015,2015-07-02 09.34.07.jpg,2015-07-02 09:34:07,2015-07-02 09:34:07,-,3931432,-,-,3216x2136,AF-S DX VR Zoom-Nikkor 18-55mm f/3.5-5.6G,NIKON D5000,d1525e3eb92c456d1f7c6edc926ca3a6
/Users/mac24/a/projects/fotos/keep/images/Dropbox_2021_imac/Dropbox/2015,2015-07-02 09.34.39.jpg,2015-07-02 09:34:39,2015-07-02 09:34:39,-,3237840,-,-,3216x2136,AF-S DX VR Zoom-Nikkor 18-55mm f/3.5-5.6G,NIKON D5000,b2be0cffb03811310f37f09a5e365b2d
/Users/mac24/a/projects/fotos/keep/images/Dropbox_2021_imac/Dropbox/2015,2015-07-02 09.37.11.jpg,2015-07-02 09:37:11,2015-07-02 09:37:11,-,3443820,-,-,3216x2136,AF-S DX VR Zoom-Nikkor 18-55mm f/3.5-5.6G,NIKON D5000,7394cc94ef73ca1d298c9c930afd387a
/Users/mac24/a/projects/fotos/keep/images/Dropbox_2021_imac/Dropbox/2015,2015-07-02 09.38.24.jpg,2015-07-02 09:38:24,2015-07-02 09:38:24,-,2880523,-,-,3216x2136,AF-S DX VR Zoom-Nikkor 18-55mm f/3.5-5.6G,NIKON D5000,38db3dd18b58f6aa9ff8f876e0678d08
/Users/mac24/a/projects/fotos/keep/images/Dropbox_2021_imac/Dropbox/2015,2015-07-02 09.39.24.jpg,2015-07-02 09:39:24,2015-07-02 09:39:24,-,2441085,-,-,3216x2136,AF-S DX VR Zoom-Nikkor 18-55mm f/3.5-5.6G,NIKON D5000,980d49617fd418dbd3034390f09cf2d0
/Users/mac24/a/projects/fotos/keep/images/Dropbox_2021_imac/Dropbox/2015,2015-07-02 09.46.25.jpg,2015-07-02 09:46:25,2015-07-02 09:46:25,-,3970512,-,-,3216x2136,AF-S DX VR Zoom-Nikkor 18-55mm f/3.5-5.6G,NIKON D5000,6263915bdbba855a05f32a3722fbbba1
/Users/mac24/a/projects/fotos/keep/images/Dropbox_2021_imac/Dropbox/2015,2015-07-02 09.47.39.jpg,2015-07-02 09:47:39,2015-07-02 09:47:39,-,2801514,-,-,3216x2136,AF-S DX VR Zoom-Nikkor 18-55mm f/3.5-5.6G,NIKON D5000,ed20581a56011b6055b733adb1fa14da
/Users/mac24/a/projects/fotos/keep/images/Dropbox_2021_imac/Dropbox/2015,2015-07-02 09.52.56.jpg,2015-07-02 09:52:56,2015-07-02 09:52:56,-,3185895,-,-,2136x3216,AF-S DX VR Zoom-Nikkor 18-55mm f/3.5-5.6G,NIKON D5000,397a0133a107d623e1259cff6c4c621a
/Users/mac24/a/projects/fotos/keep/images/Dropbox_2021_imac/Dropbox/2015,2015-07-02 17.19.17-2.jpg,2015-07-02 17:22:47,2015-07-02 17:19:17,-,241038,-,-,640x480,AF-S DX VR Zoom-Nikkor 18-55mm f/3.5-5.6G,NIKON D5000,03fc82ebd0504e505e6f0475d4443ef2
/Users/mac24/a/projects/fotos/keep/images/Dropbox_2021_imac/Dropbox/2015,2015-07-02 17.23.36-1.jpg,2015-07-02 17:23:36,2015-07-02 17:23:36,-,1814084,-,-,2136x3216,AF-S DX VR Zoom-Nikkor 18-55mm f/3.5-5.6G,NIKON D5000,c0f86e1f10d1d3577bb16b5873a200b7
/Users/mac24/a/projects/fotos/keep/images/Dropbox_2021_imac/Dropbox/2015,2015-07-02 18.17.17.jpg,2015-07-02 18:17:17,2015-07-02 18:17:17,-,1779731,-,-,3216x2136,AF-S DX VR Zoom-Nikkor 18-55mm f/3.5-5.6G,NIKON D5000,f707b6e3648b0de320fdb76ccf2b01a8
/Users/mac24/a/projects/fotos/keep/images/Dropbox_2021_imac/Dropbox/2015,2015-07-03 07.44.04.jpg,2015-07-03 07:44:04,2015-07-03 07:44:04,-,1737107,-,-,2136x3216,AF-S DX VR Zoom-Nikkor 18-55mm f/3.5-5.6G,NIKON D5000,d413bfb4e3affcda554f114c14550d20
/Users/mac24/a/projects/fotos/keep/images/Dropbox_2021_imac/Dropbox/2015,2015-07-03 07.55.46.jpg,2015-07-03 07:55:46,2015-07-03 07:55:46,-,1759638,-,-,2136x3216,AF-S DX VR Zoom-Nikkor 18-55mm f/3.5-5.6G,NIKON D5000,ba6831fdd59ebbc5dafe592ee243b74f
/Users/mac24/a/projects/fotos/keep/images/Dropbox_2021_imac/Dropbox/2015,2015-07-03 14.16.18.jpg,2015-07-03 14:16:18,2015-07-03 14:16:18,-,1756300,-,-,3216x2136,AF-S DX VR Zoom-Nikkor 18-55mm f/3.5-5.6G,NIKON D5000,dab77fe6c983044f8c60be7eee53baf6
/Users/mac24/a/projects/fotos/keep/images/Dropbox_2021_imac/Dropbox/2015,2015-07-03 14.16.26.jpg,2015-07-03 14:16:26,2015-07-03 14:16:26,-,1724249,-,-,3216x2136,AF-S DX VR Zoom-Nikkor 18-55mm f/3.5-5.6G,NIKON D5000,b35f9ce5e453486a11d1cd6c60d3d706
/Users/mac24/a/projects/fotos/keep/images/Dropbox_2021_imac/Dropbox/2015,2015-07-03 14.17.01.jpg,2015-07-03 14:17:01,2015-07-03 14:17:01,-,1757122,-,-,3216x2136,AF-S DX VR Zoom-Nikkor 18-55mm f/3.5-5.6G,NIKON D5000,d955d39f94b6f1971a22491c6c3531f9
/Users/mac24/a/projects/fotos/keep/images/Dropbox_2021_imac/Dropbox/2015,2015-07-03 14.17.12.jpg,2015-07-03 14:17:12,2015-07-03 14:17:12,-,1740799,-,-,3216x2136,AF-S DX VR Zoom-Nikkor 18-55mm f/3.5-5.6G,NIKON D5000,9243d594f96c59e067ffba4514b36c82
/Users/mac24/a/projects/fotos/keep/images/Dropbox_2021_imac/Dropbox/2015,2015-07-03 14.17.24.jpg,2015-07-03 14:17:24,2015-07-03 14:17:24,-,1738530,-,-,3216x2136,AF-S DX VR Zoom-Nikkor 18-55mm f/3.5-5.6G,NIKON D5000,9debf387eb6f0f1cc6456cd91b9db6cf
/Users/mac24/a/projects/fotos/keep/images/Dropbox_2021_imac/Dropbox/2015,2015-07-03 14.19.38.jpg,2015-07-03 14:19:38,2015-07-03 14:19:38,-,1779473,-,-,3216x2136,AF-S DX VR Zoom-Nikkor 18-55mm f/3.5-5.6G,NIKON D5000,7b99cbcc3797bf8989b87d6947d4d222
/Users/mac24/a/projects/fotos/keep/images/Dropbox_2021_imac/Dropbox/2015,2015-07-03 14.19.58.jpg,2015-07-03 14:19:58,2015-07-03 14:19:58,-,1807203,-,-,3216x2136,AF-S DX VR Zoom-Nikkor 18-55mm f/3.5-5.6G,NIKON D5000,1c6aacf3e0e034c0609cf9cbd18ca261
/Users/mac24/a/projects/fotos/keep/images/Dropbox_2021_imac/Dropbox/2015,2015-07-03 14.31.58.jpg,2015-07-03 14:31:58,2015-07-03 14:31:58,-,1697716,-,-,2136x3216,AF-S DX VR Zoom-Nikkor 18-55mm f/3.5-5.6G,NIKON D5000,52411b3e2dd9f15ab3e99c6484a87527
/Users/mac24/a/projects/fotos/keep/images/Dropbox_2021_imac/Dropbox/2015,2015-07-03 14.32.12.jpg,2015-07-03 14:32:12,2015-07-03 14:32:12,-,1752976,-,-,2136x3216,AF-S DX VR Zoom-Nikkor 18-55mm f/3.5-5.6G,NIKON D5000,81d201c062fd829084d630b311f1910c
/Users/mac24/a/projects/fotos/keep/images/Dropbox_2021_imac/Dropbox/2015,2015-07-03 14.32.43.jpg,2015-07-03 14:32:43,2015-07-03 14:32:43,-,1752057,-,-,3216x2136,AF-S DX VR Zoom-Nikkor 18-55mm f/3.5-5.6G,NIKON D5000,64b7f3103ba8a3df4986e405bb3fe304
/Users/mac24/a/projects/fotos/keep/images/Dropbox_2021_imac/Dropbox/2015,2015-07-03 14.33.00.jpg,2015-07-03 14:33:00,2015-07-03 14:33:00,-,1764014,-,-,3216x2136,AF-S DX VR Zoom-Nikkor 18-55mm f/3.5-5.6G,NIKON D5000,123e2ce476cc951266ec1af7e7083207
/Users/mac24/a/projects/fotos/keep/images/Dropbox_2021_imac/Dropbox/2015,2015-07-03 14.33.25.jpg,2015-07-03 14:33:25,2015-07-03 14:33:25,-,1719259,-,-,3216x2136,AF-S DX VR Zoom-Nikkor 18-55mm f/3.5-5.6G,NIKON D5000,370c80ff6e98be47c46dbc27bf3b6c92
/Users/mac24/a/projects/fotos/keep/images/Dropbox_2021_imac/Dropbox/2015,2015-07-03 16.17.45.jpg,2015-07-03 16:17:45,2015-07-03 16:17:45,-,1817298,-,-,3216x2136,AF-S DX VR Zoom-Nikkor 18-55mm f/3.5-5.6G,NIKON D5000,08a1513a204bccba208f861bcd97894b
/Users/mac24/a/projects/fotos/keep/images/Dropbox_2021_imac/Dropbox/2015,2015-07-03 16.18.00.jpg,2015-07-03 16:18:00,2015-07-03 16:18:00,-,2088328,-,-,3216x2136,AF-S DX VR Zoom-Nikkor 18-55mm f/3.5-5.6G,NIKON D5000,f42418a1613fbd75b3da04d114a0bae3
/Users/mac24/a/projects/fotos/keep/images/Dropbox_2021_imac/Dropbox/2015,2015-07-03 16.20.14.jpg,2015-07-03 16:20:14,2015-07-03 16:20:14,-,1803732,-,-,3216x2136,AF-S DX VR Zoom-Nikkor 18-55mm f/3.5-5.6G,NIKON D5000,fc6eebc1c56e41ad1e260f7ed9c80486
/Users/mac24/a/projects/fotos/keep/images/Dropbox_2021_imac/Dropbox/2015,2015-07-03 16.21.27.jpg,2015-07-03 16:21:27,2015-07-03 16:21:27,-,2082723,-,-,2136x3216,AF-S DX VR Zoom-Nikkor 18-55mm f/3.5-5.6G,NIKON D5000,02b860a5ac20e4e13d6a10fc5f380220
/Users/mac24/a/projects/fotos/keep/images/Dropbox_2021_imac/Dropbox/2015,2015-07-03 16.21.53.jpg,2015-07-03 16:21:53,2015-07-03 16:21:53,-,1821369,-,-,3216x2136,AF-S DX VR Zoom-Nikkor 18-55mm f/3.5-5.6G,NIKON D5000,ed12bbe241ce14eb15b3b8d254f56831
/Users/mac24/a/projects/fotos/keep/images/Dropbox_2021_imac/Dropbox/2015,2015-07-03 16.22.14.jpg,2015-07-03 16:22:14,2015-07-03 16:22:14,-,1794613,-,-,3216x2136,AF-S DX VR Zoom-Nikkor 18-55mm f/3.5-5.6G,NIKON D5000,595f6dd97c3e4646d3547d672e403eb4
/Users/mac24/a/projects/fotos/keep/images/Dropbox_2021_imac/Dropbox/2015,2015-07-03 16.24.31.jpg,2015-07-03 16:24:31,2015-07-03 16:24:31,-,1835168,-,-,3216x2136,AF-S DX VR Zoom-Nikkor 18-55mm f/3.5-5.6G,NIKON D5000,3a9cb8dd8f2f112d4ef5d675e8f930e5
/Users/mac24/a/projects/fotos/keep/images/Dropbox_2021_imac/Dropbox/2015,2015-07-03 16.29.46.jpg,2015-07-03 16:29:46,2015-07-03 16:29:46,-,1701926,-,-,3216x2136,AF-S DX VR Zoom-Nikkor 18-55mm f/3.5-5.6G,NIKON D5000,0036131207001f4c3a17c3a8b0bbd793
/Users/mac24/a/projects/fotos/keep/images/Dropbox_2021_imac/Dropbox/2015,2015-07-03 16.29.57.jpg,2015-07-03 16:29:57,2015-07-03 16:29:57,-,1812123,-,-,3216x2136,AF-S DX VR Zoom-Nikkor 18-55mm f/3.5-5.6G,NIKON D5000,59c97493da06f987ddebd7c27227dbdd
/Users/mac24/a/projects/fotos/keep/images/Dropbox_2021_imac/Dropbox/2015,2015-07-03 16.30.00.jpg,2015-07-03 16:30:00,2015-07-03 16:30:00,-,1790403,-,-,3216x2136,AF-S DX VR Zoom-Nikkor 18-55mm f/3.5-5.6G,NIKON D5000,3aaa0dad17ef6e3f788de563f3d23ce5
/Users/mac24/a/projects/fotos/keep/images/Dropbox_2021_imac/Dropbox/2015,2015-07-03 16.39.54.jpg,2015-07-03 16:39:54,2015-07-03 16:39:54,-,2020544,-,-,2136x3216,AF-S DX VR Zoom-Nikkor 18-55mm f/3.5-5.6G,NIKON D5000,91a9ad61ad2d03acada6fd8b14c0c13c
/Users/mac24/a/projects/fotos/keep/images/Dropbox_2021_imac/Dropbox/2015,2015-07-03 16.40.07.jpg,2015-07-03 16:40:07,2015-07-03 16:40:07,-,1844613,-,-,3216x2136,AF-S DX VR Zoom-Nikkor 18-55mm f/3.5-5.6G,NIKON D5000,4fc56b0c6120c34870f0005f8995dfde
/Users/mac24/a/projects/fotos/keep/images/Dropbox_2021_imac/Dropbox/2015,2015-07-07 10.41.42.jpg,2015-07-07 10:41:42,2015-07-07 10:41:42,-,1154980,-,-,1152x2048,-,SCH-I535,7afd5b4b0d467d8aa4559828acdb31a0
/Users/mac24/a/projects/fotos/keep/images/Dropbox_2021_imac/Dropbox/2015,2015-07-07 14.22.11.mp4,2015-07-07 14:22:11,-,12.09 s,25633197,-,-,1920x1080,-,-,0a456c9b78f4b3de0e9ef9f574c588e3
/Users/mac24/a/projects/fotos/keep/images/Dropbox_2021_imac/Dropbox/2015,2015-07-07 14.39.26.mp4,2015-07-07 14:39:26,-,0:00:51,109123719,-,-,1920x1080,-,-,480d0605a3dc74609d9a1b059328d419
/Users/mac24/a/projects/fotos/keep/images/Dropbox_2021_imac/Dropbox/2015,2015-07-07 14.48.19.mp4,2015-07-07 14:48:19,-,26.62 s,57054365,-,-,1920x1080,-,-,9c3097c354a9640ea955987bfbf59a5d
/Users/mac24/a/projects/fotos/keep/images/Dropbox_2021_imac/Dropbox/2015,2015-07-07 14.48.51.jpg,2015-07-07 14:48:51,2015-07-07 14:48:51,-,786426,-,-,1152x2048,-,SCH-I535,84dd7fc9da71da602b0c421defdbe39c
/Users/mac24/a/projects/fotos/keep/images/Dropbox_2021_imac/Dropbox/2015,2015-07-07 17.14.52.mp4,2015-07-07 17:14:52,-,23.78 s,50978396,-,-,1920x1080,-,-,04f191afa1c98ee67361b076a1e6d223
/Users/mac24/a/projects/fotos/keep/images/Dropbox_2021_imac/Dropbox/2015,2015-07-12 16.43.52.jpg,2015-07-12 16:43:52,2015-07-12 16:43:52,-,757992,-,-,2048x1152,-,SCH-I535,02841f0b7d28d89d8e857d556d0fdff9
/Users/mac24/a/projects/fotos/keep/images/Dropbox_2021_imac/Dropbox/2015,2015-07-12 16.43.57.jpg,2015-07-12 16:43:57,2015-07-12 16:43:57,-,994775,-,-,2048x1152,-,SCH-I535,b5b156fa108a81c788413403631d3a88
/Users/mac24/a/projects/fotos/keep/images/Dropbox_2021_imac/Dropbox/2015,2015-07-12 16.44.31.jpg,2015-07-12 16:44:31,2015-07-12 16:44:31,-,1022555,-,-,2048x1152,-,SCH-I535,b030b299ba5d45a6d9e70a2e297461a0
/Users/mac24/a/projects/fotos/keep/images/Dropbox_2021_imac/Dropbox/2015,2015-07-12 16.44.32.jpg,2015-07-12 16:44:32,2015-07-12 16:44:32,-,1047420,-,-,2048x1152,-,SCH-I535,e5c9598694b6d8e1354b414b2ac8de8c
/Users/mac24/a/projects/fotos/keep/images/Dropbox_2021_imac/Dropbox/2015,2015-07-14 13.55.46.jpg,2015-07-14 13:55:46,2015-07-14 13:55:46,-,1452076,-,-,2048x1152,-,SCH-I535,884de43fca7774e2b94473a3a060c73a
/Users/mac24/a/projects/fotos/keep/images/Dropbox_2021_imac/Dropbox/2015,2015-07-16 19.24.54.jpg,2015-07-16 19:24:54,2015-07-16 19:24:54,-,833543,-,-,2048x1152,-,SCH-I535,bec121a15238aa02026743df66fa99d8
/Users/mac24/a/projects/fotos/keep/images/Dropbox_2021_imac/Dropbox/2015,2015-07-21 18.24.18.jpg,2015-07-21 18:24:18,2015-07-21 18:24:18,-,930232,-,-,2048x1152,-,SCH-I535,732ebe0c0bb4a54ebd7cf4c5c83774e7
/Users/mac24/a/projects/fotos/keep/images/Dropbox_2021_imac/Dropbox/2015,2015-07-21 18.25.34.jpg,2015-07-21 18:25:34,2015-07-21 18:25:34,-,918922,-,-,2048x1152,-,SCH-I535,99179e50dbdd2391ea17f9344ec59ac8
/Users/mac24/a/projects/fotos/keep/images/Dropbox_2021_imac/Dropbox/2015,2015-07-23 15.19.04.jpg,2015-07-23 15:19:04,2015-07-23 15:19:04,-,146771,-,-,480x640,-,SCH-I535,99d6b0af8f9ff760f8e0694ef18780e7
/Users/mac24/a/projects/fotos/keep/images/Dropbox_2021_imac/Dropbox/2015,2015-07-23 15.20.37.jpg,2015-07-23 15:20:37,2015-07-23 15:20:37,-,1697587,-,-,1152x2048,-,SCH-I535,765047e90f5695d69dad0fd2d6aad608
/Users/mac24/a/projects/fotos/keep/images/Dropbox_2021_imac/Dropbox/2015,2015-07-23 18.26.00.jpg,2015-07-23 18:26:00,2015-07-23 18:26:00,-,593608,-,-,1152x2048,-,SCH-I535,cc320eb44a9234976c79856533ea2474
/Users/mac24/a/projects/fotos/keep/images/Dropbox_2021_imac/Dropbox/2015,2015-07-23 18.26.06.jpg,2015-07-23 18:26:06,2015-07-23 18:26:06,-,488758,-,-,1152x2048,-,SCH-I535,07ee9c4bc07b49419aa6f2ba5600a047
/Users/mac24/a/projects/fotos/keep/images/Dropbox_2021_imac/Dropbox/2015,2015-07-23 18.27.10.jpg,2015-07-23 18:27:10,2015-07-23 18:27:10,-,929090,-,-,1152x2048,-,SCH-I535,0933b769b5a9858453c4d246cec603af
/Users/mac24/a/projects/fotos/keep/images/Dropbox_2021_imac/Dropbox/2015,2015-07-23 18.34.00.jpg,2015-07-23 18:34:00,2015-07-23 18:34:00,-,817285,-,-,1152x2048,-,SCH-I535,fea616b9c8e0ebd261b61775d0e458de
/Users/mac24/a/projects/fotos/keep/images/Dropbox_2021_imac/Dropbox/2015,2015-07-23 18.49.02.jpg,2015-07-23 18:49:02,2015-07-23 18:49:02,-,1058748,-,-,1152x2048,-,SCH-I535,ae0344db0bc57e7139a9ee42bfeb6b85
/Users/mac24/a/projects/fotos/keep/images/Dropbox_2021_imac/Dropbox/2015,2015-07-23 18.49.47.jpg,2015-07-23 18:49:47,2015-07-23 18:49:47,-,920500,-,-,1152x2048,-,SCH-I535,7ab049dca7f5ff3f1357486ae9a1455d
/Users/mac24/a/projects/fotos/keep/images/Dropbox_2021_imac/Dropbox/2015,2015-07-24 12.37.33.jpg,2015-07-24 12:37:33,2015-07-24 12:37:33,-,993411,-,-,1152x2048,-,SCH-I535,a9b1d8522ce9478b6deb59adef2dee24
/Users/mac24/a/projects/fotos/keep/images/Dropbox_2021_imac/Dropbox/2015,2015-07-24 12.38.45.jpg,2015-07-24 12:38:45,2015-07-24 12:38:45,-,890481,-,-,1152x2048,-,SCH-I535,1f3e5b538870948f502f4e16acd2ebc6
/Users/mac24/a/projects/fotos/keep/images/Dropbox_2021_imac/Dropbox/2015,2015-07-28 10.30.03.jpg,2015-07-28 10:30:03,2015-07-28 10:30:03,-,573395,-,-,1152x2048,-,SCH-I535,baa0d0cce202c130e548b003f354d321
/Users/mac24/a/projects/fotos/keep/images/Dropbox_2021_imac/Dropbox/2015,2015-08-02 08.29.29.jpg,2015-08-02 08:29:29,2015-08-02 08:29:29,-,1485533,-,-,1152x2048,-,SCH-I535,7d4f14af6c915d93a46fff9dd9f57805
/Users/mac24/a/projects/fotos/keep/images/Dropbox_2021_imac/Dropbox/2015,2015-08-02 08.31.36.jpg,2015-08-02 08:31:36,2015-08-02 08:31:36,-,893443,-,-,1152x2048,-,SCH-I535,021728a19afc47b33067d61b5d5fd51c
/Users/mac24/a/projects/fotos/keep/images/Dropbox_2021_imac/Dropbox/2015,2015-08-02 23.04.26.mp4,2015-08-02 23:04:27,-,0:00:57,120775323,-,-,1920x1080,-,-,738da25f6914604acf7aa6267bf0a5d8
/Users/mac24/a/projects/fotos/keep/images/Dropbox_2021_imac/Dropbox/2015,2015-08-05 13.32.31.jpg,2015-08-05 13:32:31,2015-08-05 13:32:31,-,146887,-,-,480x640,-,SCH-I535,fec567b3d17eb738bee642cdc2981cdb
/Users/mac24/a/projects/fotos/keep/images/Dropbox_2021_imac/Dropbox/2015,2015-08-05 13.32.44.jpg,2015-08-05 13:32:44,2015-08-05 13:32:44,-,935230,-,-,1152x2048,-,SCH-I535,58ba760aadc6f9e5343f3a0b8c4b060d
/Users/mac24/a/projects/fotos/keep/images/Dropbox_2021_imac/Dropbox/2015,2015-08-05 13.42.22.jpg,2015-08-05 13:42:22,2015-08-05 13:42:22,-,914178,-,-,2048x1152,-,SCH-I535,c51cde1f9a30c7113545fffa999ddf31
/Users/mac24/a/projects/fotos/keep/images/Dropbox_2021_imac/Dropbox/2015,2015-08-05 13.42.42.jpg,2015-08-05 13:42:42,2015-08-05 13:42:42,-,880067,-,-,2048x1152,-,SCH-I535,b901e0ba364da401b4e87cd4eef07865
/Users/mac24/a/projects/fotos/keep/images/Dropbox_2021_imac/Dropbox/2015,2015-08-05 13.56.47.jpg,2015-08-05 13:56:47,2015-08-05 13:56:47,-,1373942,-,-,1152x2048,-,SCH-I535,fd9b19f69947a9ee0bec8f78f8d763b4
/Users/mac24/a/projects/fotos/keep/images/Dropbox_2021_imac/Dropbox/2015,2015-08-06 08.59.05.jpg,2015-08-06 08:59:05,2015-08-06 08:59:05,-,1170613,-,-,1152x2048,-,SCH-I535,f2dcebd52faeeb4e8e01ece1076e9145
/Users/mac24/a/projects/fotos/keep/images/Dropbox_2021_imac/Dropbox/2015,2015-08-06 08.59.24.jpg,2015-08-06 08:59:24,2015-08-06 08:59:24,-,1020227,-,-,1152x2048,-,SCH-I535,80ea9be6c86b6bc3a909bd2002680eb4
/Users/mac24/a/projects/fotos/keep/images/Dropbox_2021_imac/Dropbox/2015,2015-08-06 11.26.30.jpg,2015-08-06 11:26:30,2015-08-06 11:26:30,-,704582,-,-,2048x1152,-,SCH-I535,ea7cde34052c53d67caaaa476fd4f6a0
/Users/mac24/a/projects/fotos/keep/images/Dropbox_2021_imac/Dropbox/2015,2015-08-06 11.29.04.jpg,2015-08-06 11:29:04,2015-08-06 11:29:04,-,647736,-,-,1152x2048,-,SCH-I535,784920e28df8843e7448bfbfc971c394
/Users/mac24/a/projects/fotos/keep/images/Dropbox_2021_imac/Dropbox/2015,2015-08-10 08.33.41.jpg,2015-08-10 08:33:41,2015-08-10 08:33:41,-,931576,-,-,2048x1152,-,SCH-I535,a9338070417cfdcab97f41768c9391b4
/Users/mac24/a/projects/fotos/keep/images/Dropbox_2021_imac/Dropbox/2015,2015-08-10 08.35.09.jpg,2015-08-10 08:35:09,2015-08-10 08:35:09,-,999674,-,-,1152x2048,-,SCH-I535,fd85897dc472f590f06cf769c394c7dd
/Users/mac24/a/projects/fotos/keep/images/Dropbox_2021_imac/Dropbox/2015,2015-08-10 08.41.51.jpg,2015-08-10 08:41:51,2015-08-10 08:41:51,-,1423061,-,-,2048x1152,-,SCH-I535,ba434f02afd7418a1068b9343c31d63b
/Users/mac24/a/projects/fotos/keep/images/Dropbox_2021_imac/Dropbox/2015,2015-08-10 08.44.57.jpg,2015-08-10 08:44:57,2015-08-10 08:44:57,-,1388612,-,-,1152x2048,-,SCH-I535,1959eff1ec95781dfc64eecfcb6c1674
/Users/mac24/a/projects/fotos/keep/images/Dropbox_2021_imac/Dropbox/2015,2015-08-10 08.55.37.jpg,2015-08-10 08:55:37,2015-08-10 08:55:37,-,772083,-,-,2048x1152,-,SCH-I535,c5ebe010a2ee1119b0e6ef7154eeca11
/Users/mac24/a/projects/fotos/keep/images/Dropbox_2021_imac/Dropbox/2015,2015-08-10 08.56.19.jpg,2015-08-10 08:56:19,2015-08-10 08:56:19,-,1179979,-,-,2048x1152,-,SCH-I535,7efa83c83680ff6486d86e014b5e3d72
/Users/mac24/a/projects/fotos/keep/images/Dropbox_2021_imac/Dropbox/2015,2015-08-10 12.58.08.mp4,2015-08-10 12:58:08,-,0:00:44,94877091,-,-,1920x1080,-,-,cbee0be3a00ca08365848d68b6afd714
/Users/mac24/a/projects/fotos/keep/images/Dropbox_2021_imac/Dropbox/2015,2015-08-23 15.27.31.jpg,2015-08-23 15:27:31,2015-08-23 15:27:31,-,925499,-,-,2048x1152,-,SCH-I535,eafebba044053f722d2bac85489d838f
/Users/mac24/a/projects/fotos/keep/images/Dropbox_2021_imac/Dropbox/2015,2015-08-26 21.52.09.jpg,2015-08-26 21:52:09,2015-08-26 21:52:09,-,917789,-,-,2048x1152,-,SCH-I535,40116a4b18a0be00a8ca8948048d2a90
/Users/mac24/a/projects/fotos/keep/images/Dropbox_2021_imac/Dropbox/2015,2015-08-27 09.52.51.jpg,2015-08-27 09:52:51,2015-08-27 09:52:51,-,1568969,-,-,2048x1152,-,SCH-I535,b3132a2d5ca0f93ff4c2b16f1d08c97c
/Users/mac24/a/projects/fotos/keep/images/Dropbox_2021_imac/Dropbox/2015,2015-08-27 09.54.07.jpg,2015-08-27 09:54:07,2015-08-27 09:54:07,-,1580066,-,-,2048x1152,-,SCH-I535,3fddb1d6563f4b7429f7bb59f69b19cd
/Users/mac24/a/projects/fotos/keep/images/Dropbox_2021_imac/Dropbox/2015,2015-08-27 09.54.57.jpg,2015-08-27 09:54:57,2015-08-27 09:54:57,-,1703674,-,-,2048x1152,-,SCH-I535,5acfc5b46322bb4e2017089d01d632b7
/Users/mac24/a/projects/fotos/keep/images/Dropbox_2021_imac/Dropbox/2015,2015-08-27 10.10.56.jpg,2015-08-27 10:10:56,2015-08-27 10:10:56,-,962475,-,-,2048x1152,-,SCH-I535,60e548eacfac370ade21228ca1be5622
/Users/mac24/a/projects/fotos/keep/images/Dropbox_2021_imac/Dropbox/2015,2015-08-27 10.11.23.jpg,2015-08-27 10:11:23,2015-08-27 10:11:23,-,1156550,-,-,2048x1152,-,SCH-I535,7460e94c8d6d943fd8a6b5777f589f1a
/Users/mac24/a/projects/fotos/keep/images/Dropbox_2021_imac/Dropbox/2015,2015-08-27 10.11.53.jpg,2015-08-27 10:11:53,2015-08-27 10:11:53,-,960256,-,-,2048x1152,-,SCH-I535,4786cc50a721b6fd13a1353a445f08fb
/Users/mac24/a/projects/fotos/keep/images/Dropbox_2021_imac/Dropbox/2015,2015-08-27 10.12.11.jpg,2015-08-27 10:12:11,2015-08-27 10:12:11,-,826271,-,-,2048x1152,-,SCH-I535,4812b621f5bb057a82857de597427cd1
/Users/mac24/a/projects/fotos/keep/images/Dropbox_2021_imac/Dropbox/2015,2015-08-27 14.24.39.jpg,2015-08-27 14:24:39,2015-08-27 14:24:39,-,404257,-,-,720x1280,-,SCH-I535,50e117a40966233ebc324f47862c97e1
/Users/mac24/a/projects/fotos/keep/images/Dropbox_2021_imac/Dropbox/2015,2015-08-27 14.58.35.jpg,2015-08-27 14:58:35,2015-08-27 14:58:35,-,491745,-,-,1280x720,-,SCH-I535,4dc9d6334dca6be568ea3a323a40f1b3
/Users/mac24/a/projects/fotos/keep/images/Dropbox_2021_imac/Dropbox/2015,2015-08-28 16.28.10.jpg,2015-08-28 16:28:10,2015-08-28 16:28:10,-,375582,-,-,1280x720,-,SCH-I535,40535754beb796b81ccc0ca5ce1a1706
/Users/mac24/a/projects/fotos/keep/images/Dropbox_2021_imac/Dropbox/2015,2015-08-29 14.02.14.jpg,2015-08-29 14:02:14,2015-08-29 14:02:14,-,469965,-,-,720x1280,-,SCH-I535,b963fd3d4c1e2da7f8a42da426d8aeb1
/Users/mac24/a/projects/fotos/keep/images/Dropbox_2021_imac/Dropbox/2015,2015-08-29 16.25.25.jpg,2015-08-29 16:25:25,2015-08-29 16:25:25,-,474720,-,-,720x1280,-,SCH-I535,57e65aea7b06075f637bee0d175438f7
/Users/mac24/a/projects/fotos/keep/images/Dropbox_2021_imac/Dropbox/2015,2015-08-30 16.11.53.jpg,2015-08-30 16:11:53,2015-08-30 16:11:53,-,414358,-,-,1280x720,-,SCH-I535,b8a273b305177a869fdd873832019b9e
/Users/mac24/a/projects/fotos/keep/images/Dropbox_2021_imac/Dropbox/2015,2015-08-31 11.17.56.jpg,2015-08-31 11:17:56,2015-08-31 11:17:56,-,272352,-,-,1280x720,-,SCH-I535,6ade4ac5374119ec640ef30204166a81
/Users/mac24/a/projects/fotos/keep/images/Dropbox_2021_imac/Dropbox/2015,2015-08-31 23.36.41.jpg,2015-08-31 23:36:41,2015-08-31 23:36:41,-,360865,-,-,1280x720,-,SCH-I535,43f3c5b3497f9127e8a2c846ec8deac4
/Users/mac24/a/projects/fotos/keep/images/Dropbox_2021_imac/Dropbox/2015,2015-08-31 23.38.44.jpg,2015-08-31 23:38:44,2015-08-31 23:38:44,-,382054,-,-,720x1280,-,SCH-I535,75e1bd0ab7f415eed909e6b022acd165
/Users/mac24/a/projects/fotos/keep/images/Dropbox_2021_imac/Dropbox/2015,2015-09-01 12.53.43.jpg,2015-09-01 12:53:43,2015-09-01 12:53:43,-,1126443,-,-,3216x2136,AF-S DX VR Zoom-Nikkor 18-55mm f/3.5-5.6G,NIKON D5000,8f3dec9ebd6d020b0a3f95e021c91707
/Users/mac24/a/projects/fotos/keep/images/Dropbox_2021_imac/Dropbox/2015,2015-09-08 16.09.04.jpg,2015-09-08 16:09:04,2015-09-08 16:09:04,-,557109,-,-,1280x720,-,SCH-I535,82cd1a59db91721c5f39c663f19ccec7
/Users/mac24/a/projects/fotos/keep/images/Dropbox_2021_imac/Dropbox/2015,2015-09-14 17.00.00.jpg,2015-09-14 17:00:00,2015-09-14 17:00:00,-,593153,-,-,720x1280,-,SCH-I535,b3b69ee2d028759d9826a6a631b68944
/Users/mac24/a/projects/fotos/keep/images/Dropbox_2021_imac/Dropbox/2015,2015-09-14 17.14.21.jpg,2015-09-14 17:14:21,2015-09-14 17:14:21,-,508373,-,-,720x1280,-,SCH-I535,fc1d838d4b3fcfdc832c90872c4cfb4d
/Users/mac24/a/projects/fotos/keep/images/Dropbox_2021_imac/Dropbox/2015,2015-09-18 18.31.36.jpg,2015-09-18 18:31:36,2015-09-18 18:31:36,-,820984,-,-,720x1280,-,SCH-I535,ae5bf40e2965163013ffb5074ee95916
/Users/mac24/a/projects/fotos/keep/images/Dropbox_2021_imac/Dropbox/2015,2015-09-23 14.31.58.jpg,2015-09-23 14:31:58,2015-09-23 14:31:58,-,2340555,39.1319,-77.2259444444445,2592x1936,iPad back camera 4.28mm f/2.4,iPad,8ba591db1584f255e9972738d2f9a10a
/Users/mac24/a/projects/fotos/keep/images/Dropbox_2021_imac/Dropbox/2015,2015-09-23 16.29.37.jpg,2015-09-23 16:29:37,2015-09-23 16:29:37,-,1865798,39.1317416666667,-77.2261361111111,2592x1936,iPad back camera 4.28mm f/2.4,iPad,deb492b2ef39313d0afadbfa67f646b1
/Users/mac24/a/projects/fotos/keep/images/Dropbox_2021_imac/Dropbox/2015,2015-09-23 16.31.37.jpg,2015-09-23 16:31:37,2015-09-23 16:31:37,-,2240474,39.13195,-77.2260361111111,2592x1936,iPad back camera 4.28mm f/2.4,iPad,c49742a88a29ca31194bac2425d81222
/Users/mac24/a/projects/fotos/keep/images/Dropbox_2021_imac/Dropbox/2015,2015-09-26 15.16.28.jpg,2015-09-26 15:16:28,2015-09-26 15:16:28,-,1754952,39.1315638888889,-77.2263805555556,2592x1936,iPad back camera 4.28mm f/2.4,iPad,20d58f17608202ddea75283a5bf8e525
/Users/mac24/a/projects/fotos/keep/images/Dropbox_2021_imac/Dropbox/2015,2015-10-04 09.03.50.jpg,2015-10-04 09:03:50,2015-10-04 09:03:50,-,623476,-,-,720x1280,-,SCH-I535,f77c5860cb097692ffab91f4637fa6a0
/Users/mac24/a/projects/fotos/keep/images/Dropbox_2021_imac/Dropbox/2015,2015-10-04 10.47.54.jpg,2015-10-04 10:47:54,2015-10-04 10:47:54,-,568562,-,-,1280x720,-,SCH-I535,53d387478fafc62dc0c94b792b277af4
/Users/mac24/a/projects/fotos/keep/images/Dropbox_2021_imac/Dropbox/2015,2015-10-05 18.21.08.jpg,2015-10-05 18:21:08,2015-10-05 18:21:08,-,751645,-,-,720x1280,-,SCH-I535,d0151b3c3a02c68ece31d328c0aa6196
/Users/mac24/a/projects/fotos/keep/images/Dropbox_2021_imac/Dropbox/2015,2015-10-16 17.59.42.jpg,2015-10-16 17:59:42,2015-10-16 17:59:42,-,808372,-,-,720x1280,-,SCH-I535,c8d824fae3b31ff77eafb12450ec164f
/Users/mac24/a/projects/fotos/keep/images/Dropbox_2021_imac/Dropbox/2015,2015-10-16 18.00.03.jpg,2015-10-16 18:00:03,2015-10-16 18:00:03,-,887471,-,-,720x1280,-,SCH-I535,b51301e298be166582c177d20f13e0a0
/Users/mac24/a/projects/fotos/keep/images/Dropbox_2021_imac/Dropbox/2015,2015-10-22 15.53.49.jpg,2015-10-22 15:53:49,2015-10-22 15:53:49,-,527242,-,-,1280x720,-,SCH-I535,dcab68cc879bbc01571562b5a0c0a539
/Users/mac24/a/projects/fotos/keep/images/Dropbox_2021_imac/Dropbox/2015,2015-10-23 15.26.16.jpg,2015-10-23 15:26:16,2015-10-23 15:26:16,-,484054,-,-,1280x720,-,SCH-I535,269e99f016f6d1be873c66be724394cd
/Users/mac24/a/projects/fotos/keep/images/Dropbox_2021_imac/Dropbox/2015,2015-10-25 15.18.09.jpg,2015-10-25 15:18:09,2015-10-25 15:18:09,-,405816,-,-,720x1280,-,SCH-I535,1dc52b7ba7e150abdd3a7f819899d36b
/Users/mac24/a/projects/fotos/keep/images/Dropbox_2021_imac/Dropbox/2015,2015-10-29 11.27.36.jpg,2015-10-29 11:27:36,2015-10-29 11:27:36,-,690814,-,-,720x1280,-,SCH-I535,c3fdc568e937fde97f91ad60910920f3
/Users/mac24/a/projects/fotos/keep/images/Dropbox_2021_imac/Dropbox/2015,2015-10-31 11.37.36.jpg,2015-10-31 11:37:36,2015-10-31 11:37:36,-,733998,-,-,720x1280,-,SCH-I535,422da9de1e86e7b9cfb945f66717297f
/Users/mac24/a/projects/fotos/keep/images/Dropbox_2021_imac/Dropbox/2015,2015-10-31 11.45.03.jpg,2015-10-31 11:45:03,2015-10-31 11:45:03,-,358641,-,-,720x1280,-,SCH-I535,97564ba6910cb5cb657adba0aa41174a
/Users/mac24/a/projects/fotos/keep/images/Dropbox_2021_imac/Dropbox/2015,2015-10-31 11.45.15.jpg,2015-10-31 11:45:15,2015-10-31 11:45:15,-,636865,-,-,720x1280,-,SCH-I535,b03d111cb276a77e712e37ab34473985
/Users/mac24/a/projects/fotos/keep/images/Dropbox_2021_imac/Dropbox/2015,2015-11-11 11.47.21.jpg,2015-11-11 11:47:21,2015-11-11 11:47:21,-,725881,-,-,720x1280,-,SCH-I535,f64b4a2d6f9a1be5a6b4dc8759db7397
/Users/mac24/a/projects/fotos/keep/images/Dropbox_2021_imac/Dropbox/2015,20150212_OilPastel.jpg,2015-02-13 23:11:05,2015-02-13 23:11:05,-,668344,-,-,1836x2464,AF-S DX VR Zoom-Nikkor 18-55mm f/3.5-5.6G,NIKON D5000,82e2fce30f9b024451f132ce8419bbd3
/Users/mac24/a/projects/fotos/keep/images/Dropbox_2021_imac/Dropbox/2015,20150213OilPastel.jpg,2015-02-13 23:10:01,2015-02-13 23:10:01,-,2067484,-,-,1432x1904,AF-S DX VR Zoom-Nikkor 18-55mm f/3.5-5.6G,NIKON D5000,1ae7dfa2a1db85628760a8a2a54dce07
/Users/mac24/a/projects/fotos/keep/images/Dropbox_2021_imac/Dropbox/2015,20150321_dancePair_pencil.jpg,2015-03-21 12:52:23,2015-03-21 12:52:23,-,1091965,-,-,1281x966,-,SCH-I535,2b89878b0b322f295743ff881f5320ba
/Users/mac24/a/projects/fotos/keep/images/Dropbox_2021_imac/Dropbox/2015,20150321_dancer_pencil.jpg,2015-03-21 12:54:03,2015-03-21 12:54:03,-,874987,-,-,1250x949,-,SCH-I535,914b257d5e6d9d5a290955488d4e593c
/Users/mac24/a/projects/fotos/keep/images/Dropbox_2021_imac/Dropbox/2015,20150409sisters_pencil.jpg,2015-04-09 12:00:06,2015-04-09 12:00:06,-,691576,-,-,1308x930,-,SCH-I535,e0476b7bcd717a058e30524da1aef275
/Users/mac24/a/projects/fotos/keep/images/Dropbox_2021_imac/Dropbox/2016,2016-01-18 14.57.28.jpg,2016-01-18 14:57:28,2016-01-18 14:57:28,-,1342069,39.1315916666667,-77.2262638888889,2592x1936,iPad back camera 4.28mm f/2.4,iPad,b55831e30fa09188e42425dc891c1baa
/Users/mac24/a/projects/fotos/keep/images/Dropbox_2021_imac/Dropbox/2016,2016-01-23 20.02.37.jpg,2016-01-23 20:02:37,2016-01-23 20:02:37,-,395530,-,-,1280x720,-,SCH-I535,5896b9a33a09568cc98bb7de7fd121a6
/Users/mac24/a/projects/fotos/keep/images/Dropbox_2021_imac/Dropbox/2016,2016-02-08 16.46.15.jpg,2016-02-08 16:46:15,2016-02-08 16:46:15,-,1861705,39.1317294722222,-77.2263118333333,1836x3264,-,LG-H811,1c7e08062636ff42bb440ac98e939289
/Users/mac24/a/projects/fotos/keep/images/Dropbox_2021_imac/Dropbox/2016,2016-02-08 18.52.04.mp4,2016-02-08 18:52:04,-,27.67 s,59814645,-,-,1920x1080,-,-,f1772a33c4716aa7ed92c54a1d86a39b
/Users/mac24/a/projects/fotos/keep/images/Dropbox_2021_imac/Dropbox/2016,2016-02-10 18.55.17.jpg,2016-02-10 18:55:17,2016-02-10 18:55:17,-,5449085,39.1317919166667,-77.2264634722222,5312x2988,-,LG-H811,77f8928b2d71ed96c62191345a2df358
/Users/mac24/a/projects/fotos/keep/images/Dropbox_2021_imac/Dropbox/2016,2016-02-27 15.07.54.jpg,2016-02-27 15:07:54,2016-02-27 15:07:54,-,8448891,39.1386052777778,-77.2361055,5312x2988,-,LG-H811,f661fbec480b4149d4baa3072234f002
/Users/mac24/a/projects/fotos/keep/images/Dropbox_2021_imac/Dropbox/2016,2016-03-02 22.41.44.jpg,2016-03-02 22:41:44,2016-03-02 22:41:44,-,4876444,39.1316930833333,-77.2263696944444,5312x2988,-,LG-H811,ab5b4dc007f7b6fd1ecc3f998352543e
/Users/mac24/a/projects/fotos/keep/images/Dropbox_2021_imac/Dropbox/2016,2016-03-14 13.27.44.jpg,2016-03-14 13:27:44,2016-03-14 13:27:44,-,1496619,39.1317733333333,-77.2264434166667,3915x2226,-,LG-H811,e824bf382c3e33f4803c00fe7fd1e30d
/Users/mac24/a/projects/fotos/keep/images/Dropbox_2021_imac/Dropbox/2016,2016-04-15 15.41.06.jpg,2016-04-15 15:41:06,2016-04-15 15:41:06,-,11126713,39.1292534166667,-77.2359534166667,5312x2988,-,LG-H811,81d457646061d981df71ac6f7eddfe14
/Users/mac24/a/projects/fotos/keep/images/Dropbox_2021_imac/Dropbox/2016,2016-05-02_185101.mp4,2016-05-02 22:51:52,-,0:00:49,294100388,39.0569,-77.1545,3840x2160,-,-,69111d2f7cc0c6e0fc6bbd53b44a55b4
/Users/mac24/a/projects/fotos/keep/images/Dropbox_2021_imac/Dropbox/2016,2016-07-10 15.20.25.jpg,2016-07-10 15:20:25,2016-07-10 15:20:25,-,409238,-,-,1280x720,-,SCH-I535,0780206f2dab543173fd255441fae219
/Users/mac24/a/projects/fotos/keep/images/Dropbox_2021_imac/Dropbox/2016,2016-07-18 22.49.33.jpg,2016-07-18 22:49:33,2016-07-18 22:49:33,-,1086224,-,-,2048x1536,-,SCH-I535,057da72e37555eec864afc8aca82bb3d
/Users/mac24/a/projects/fotos/keep/images/Dropbox_2021_imac/Dropbox/2016,2016-08-31 12.10.59.jpg,2016-08-31 12:10:59,2016-08-31 12:10:59,-,1832610,-,-,3216x2136,AF-S DX VR Zoom-Nikkor 18-55mm f/3.5-5.6G,NIKON D5000,eb5bc240821572b033165e1405ed6a40
/Users/mac24/a/projects/fotos/keep/images/Dropbox_2021_imac/Dropbox/2016,2016-08-31 12.12.10.jpg,2016-08-31 12:12:10,2016-08-31 12:12:10,-,1956962,-,-,3216x2136,AF-S DX VR Zoom-Nikkor 18-55mm f/3.5-5.6G,NIKON D5000,e2a9176f2d763292eafece4b7426c2d7
/Users/mac24/a/projects/fotos/keep/images/Dropbox_2021_imac/Dropbox/2016,2016-09-10 16.54.06.jpg,2016-09-10 16:54:06,2016-09-10 16:54:06,-,1713338,39.1314583333333,-77.2262333333333,2592x1936,iPad back camera 4.28mm f/2.4,iPad,f3ada6c40387de3f7cbef3f667b327fa
/Users/mac24/a/projects/fotos/keep/images/Dropbox_2021_imac/Dropbox/2016,2016-11-11 06.49.23.jpg,2016-11-11 06:49:23,2016-11-11 06:49:23,-,1359571,39.1314583333333,-77.22625,2592x1936,iPad back camera 4.28mm f/2.4,iPad,bfa933c7637aa20dd9733d6cbf367c1e
/Users/mac24/a/projects/fotos/keep/images/Dropbox_2021_imac/Dropbox/2017,2017-01-08 14.15.29.png,-,-,-,6847200,-,-,2048x1536,-,-,96c2489718d91baaa224905508389645
/Users/mac24/a/projects/fotos/keep/images/Dropbox_2021_imac/Dropbox/2017,2017-03-16 14.19.48.jpg,2017-03-16 14:19:48,2017-03-16 14:19:48,-,1692661,39.1316222222222,-77.2263111111111,2592x1936,iPad back camera 4.28mm f/2.4,iPad,020305d01cf90ad10d432cd6ca6c6e0a
/Users/mac24/a/projects/fotos/keep/images/Dropbox_2021_imac/Dropbox/2017,2017-08-03 16.59.12.jpg,2017-08-03 16:59:12,2017-08-03 16:59:12,-,2214790,-,-,4032x3024,iPad Pro (12.9-inch) back camera 3.99mm f/1.8,iPad Pro (12.9-inch),c562376c1236241d3f1dd09f93777e22
/Users/mac24/a/projects/fotos/keep/images/Dropbox_2021_imac/Dropbox/2017,2017-08-04 13.30.05 HDR.jpg,2017-08-04 13:30:05,2017-08-04 13:30:05,-,2658874,-,-,4032x3024,iPad Pro (12.9-inch) back camera 3.99mm f/1.8,iPad Pro (12.9-inch),bb775e4fdd9bc86d9217ead42b2c2ee4
/Users/mac24/a/projects/fotos/keep/images/Dropbox_2021_imac/Dropbox/2017,2017-08-13 11.38.36 HDR.jpg,2017-08-13 11:38:36,2017-08-13 11:38:36,-,1325361,-,-,3088x2320,iPad Pro (12.9-inch) front camera 2.87mm f/2.2,iPad Pro (12.9-inch),0985b8d72d423a8868ca3ee36a7ddd0b
/Users/mac24/a/projects/fotos/keep/images/Dropbox_2021_imac/Dropbox/2017,2017-12-03 20.48.33-1.jpg,2017-12-03 20:48:33,2017-12-03 20:48:33,-,2542746,39.1315694444444,-77.2263944444444,4032x3024,iPad Pro (12.9-inch) (2nd generation) back camera 3.99mm f/1.8,iPad Pro (12.9-inch) (2nd generation),404ff5d548202da87c91a7bc7f7cda13
/Users/mac24/a/projects/fotos/keep/images/Dropbox_2021_imac/Dropbox/2017,2017-12-03 20.48.33-2.jpg,2017-12-03 20:48:33,2017-12-03 20:48:33,-,1467529,39.1315694444444,-77.2263944444444,2515x3407,iPad Pro (12.9-inch) (2nd generation) back camera 3.99mm f/1.8,iPad Pro (12.9-inch) (2nd generation),818f4cec56dd0eb609d5a5fbe6e80349
/Users/mac24/a/projects/fotos/keep/images/Dropbox_2021_imac/Dropbox/2018,2018-01-23 22.16.18-1.jpg,2018-01-23 22:16:18,2018-01-23 22:16:18,-,2818290,39.1315777777778,-77.2261722222222,4032x3024,iPad Pro (12.9-inch) (2nd generation) back camera 3.99mm f/1.8,iPad Pro (12.9-inch) (2nd generation),cf3c5727829c1c7dcdfc8c1081d1fcf6
/Users/mac24/a/projects/fotos/keep/images/Dropbox_2021_imac/Dropbox/2018,2018-01-23 22.16.18-2.jpg,2018-01-23 22:16:18,2018-01-23 22:16:18,-,3169977,39.1315777777778,-77.2261722222222,4032x3024,iPad Pro (12.9-inch) (2nd generation) back camera 3.99mm f/1.8,iPad Pro (12.9-inch) (2nd generation),502d395770aa2b232930648098f24c5b
/Users/mac24/a/projects/fotos/keep/images/Dropbox_2021_imac/Dropbox/2018,2018-01-24 19.29.16-1.jpg,2018-01-24 19:29:16,2018-01-24 19:29:16,-,2618959,39.1317416666667,-77.2260972222222,4032x3024,iPad Pro (12.9-inch) (2nd generation) back camera 3.99mm f/1.8,iPad Pro (12.9-inch) (2nd generation),42af0b8e3e9d9ca51a391fdde84b5114
/Users/mac24/a/projects/fotos/keep/images/Dropbox_2021_imac/Dropbox/2018,2018-01-24 19.29.16-2.jpg,2018-01-24 19:29:16,2018-01-24 19:29:16,-,1953705,39.1317416666667,-77.2260972222222,2269x3475,iPad Pro (12.9-inch) (2nd generation) back camera 3.99mm f/1.8,iPad Pro (12.9-inch) (2nd generation),d2f597249bffd59dce73d874ccc735d5
/Users/mac24/a/projects/fotos/keep/images/Dropbox_2021_imac/Dropbox/2018,2018-02-27 12.00.04.jpg,2018-02-27 12:00:04,2018-02-27 12:00:04,-,1799197,-,-,3216x2136,AF-S DX Zoom-Nikkor 18-55mm f/3.5-5.6G ED II,NIKON D5000,670a41f153238ca2bf4082780fd2931e
/Users/mac24/a/projects/fotos/keep/images/Dropbox_2021_imac/Dropbox/2018,2018-03-01 11.52.36.jpg,2018-03-01 11:52:36,2018-03-01 11:52:36,-,1810946,-,-,3216x2136,AF-S DX Zoom-Nikkor 18-55mm f/3.5-5.6G ED II,NIKON D5000,b26270495caf1cb8f822e18c33f45b65
/Users/mac24/a/projects/fotos/keep/images/Dropbox_2021_imac/Dropbox/2018,2018-03-01 11.53.02.jpg,2018-03-01 11:53:02,2018-03-01 11:53:02,-,1806458,-,-,3216x2136,AF-S DX Zoom-Nikkor 18-55mm f/3.5-5.6G ED II,NIKON D5000,1894a6ebcf7854b9fff881f397ec1ebf
/Users/mac24/a/projects/fotos/keep/images/Dropbox_2021_imac/Dropbox/2018,2018-08-10 18.00.28.jpg,2018-08-10 18:00:28,2018-08-10 18:00:28,-,2071099,-,-,3216x2136,AF-S DX VR Zoom-Nikkor 55-200mm f/4-5.6G IF-ED,NIKON D5000,4c13cc67d9f03ad4d681bb674340d25d
/Users/mac24/a/projects/fotos/keep/images/Dropbox_2021_imac/Dropbox/2018,2018-08-10 18.01.53.jpg,2018-08-10 18:01:53,2018-08-10 18:01:53,-,1799707,-,-,3216x2136,AF-S DX VR Zoom-Nikkor 55-200mm f/4-5.6G IF-ED,NIKON D5000,12567e199c97cee844d8c281c8c84b5c
/Users/mac24/a/projects/fotos/keep/images/Dropbox_2021_imac/Dropbox/2018,2018-08-10 18.02.31.jpg,2018-08-10 18:02:31,2018-08-10 18:02:31,-,2019237,-,-,3216x2136,AF-S DX VR Zoom-Nikkor 55-200mm f/4-5.6G IF-ED,NIKON D5000,77a0d100b9392143fa2281b3bd429faa
/Users/mac24/a/projects/fotos/keep/images/Dropbox_2021_imac/Dropbox/2018,2018-08-10 18.04.35.jpg,2018-08-10 18:04:35,2018-08-10 18:04:35,-,1835377,-,-,3216x2136,AF-S DX VR Zoom-Nikkor 55-200mm f/4-5.6G IF-ED,NIKON D5000,24f372a90160a71e3069ba154266096c
/Users/mac24/a/projects/fotos/keep/images/Dropbox_2021_imac/Dropbox/2018,2018-08-10 18.05.51.jpg,2018-08-10 18:05:51,2018-08-10 18:05:51,-,1969499,-,-,3216x2136,AF-S DX VR Zoom-Nikkor 55-200mm f/4-5.6G IF-ED,NIKON D5000,11d18aa916b3fcaabd3849a722224dd7
/Users/mac24/a/projects/fotos/keep/images/Dropbox_2021_imac/Dropbox/2018,2018-08-10 18.10.47.jpg,2018-08-10 18:10:47,2018-08-10 18:10:47,-,1882471,-,-,3216x2136,AF-S DX VR Zoom-Nikkor 55-200mm f/4-5.6G IF-ED,NIKON D5000,01f703b7790eb807fa7aad354067b368
/Users/mac24/a/projects/fotos/keep/images/Dropbox_2021_imac/Dropbox/2018,2018-08-10 18.11.06.jpg,2018-08-10 18:11:06,2018-08-10 18:11:06,-,1990961,-,-,3216x2136,AF-S DX VR Zoom-Nikkor 55-200mm f/4-5.6G IF-ED,NIKON D5000,02afa29f39ff7a589e09d10edbd602a5
/Users/mac24/a/projects/fotos/keep/images/Dropbox_2021_imac/Dropbox/2018,2018-08-11 10.33.31.jpg,2018-08-11 10:33:31,2018-08-11 10:33:31,-,1814088,-,-,3216x2136,AF-S DX VR Zoom-Nikkor 55-200mm f/4-5.6G IF-ED,NIKON D5000,8950a44847f7694bc89ed00b2a7f051f
/Users/mac24/a/projects/fotos/keep/images/Dropbox_2021_imac/Dropbox/2018,2018-08-11 11.06.33.jpg,2018-08-11 11:06:33,2018-08-11 11:06:33,-,1517410,-,-,3216x2136,AF-S DX VR Zoom-Nikkor 55-200mm f/4-5.6G IF-ED,NIKON D5000,9dfeaed8198baa39d13f4cb71d204dcb
/Users/mac24/a/projects/fotos/keep/images/Dropbox_2021_imac/Dropbox/2018,2018-08-11 11.28.52.jpg,2018-08-11 11:28:52,2018-08-11 11:28:52,-,1709021,-,-,3216x2136,AF-S DX VR Zoom-Nikkor 55-200mm f/4-5.6G IF-ED,NIKON D5000,f2885f539971fd8ceff1b0dcea182fac
/Users/mac24/a/projects/fotos/keep/images/Dropbox_2021_imac/Dropbox/2018,2018-08-17 10.57.07.jpg,2018-08-17 10:57:07,2018-08-17 10:57:07,-,1855559,-,-,3216x2136,AF-S DX VR Zoom-Nikkor 55-200mm f/4-5.6G IF-ED,NIKON D5000,4a13ee7e233200b1eac6da8ef39c5859
/Users/mac24/a/projects/fotos/keep/images/Dropbox_2021_imac/Dropbox/2018,2018-09-25 21.48.42.jpeg,-,-,-,44113,-,-,640x427,-,-,d653444716d72b06cb1ea2a1c65414f3
/Users/mac24/a/projects/fotos/keep/images/Dropbox_2021_imac/Dropbox/2019,2019-02-28 12.03.59.jpg,2019-02-28 12:03:59,2019-02-28 12:03:59,-,1874987,-,-,3216x2136,AF-S DX Zoom-Nikkor 18-55mm f/3.5-5.6G ED II,NIKON D5000,72821996a64190f5bc37c90f25389c78
/Users/mac24/a/projects/fotos/keep/images/Dropbox_2021_imac/Dropbox/2019,2019-09-13 14.51.48.jpg,2019-09-13 14:51:48,2019-09-13 14:51:48,-,2098665,-,-,2736x1824,-,DSC-RX100M6,becf3723f73d864e38f2e24ddd9c515e
/Users/mac24/a/projects/fotos/keep/images/Dropbox_2021_imac/Dropbox/2019,2019-09-13 15.02.02.jpg,2019-09-13 15:02:02,2019-09-13 15:02:02,-,2165184,-,-,2736x1824,-,DSC-RX100M6,a1673cda7a45421c3cc92dfab61ac7c6
/Users/mac24/a/projects/fotos/keep/images/Dropbox_2021_imac/Dropbox/2019,2019-09-13 15.02.32.jpg,2019-09-13 15:02:32,2019-09-13 15:02:32,-,1934691,-,-,2736x1824,-,DSC-RX100M6,3a13af3e5dd5a9d5332dc911982723eb
/Users/mac24/a/projects/fotos/keep/images/Dropbox_2021_imac/Dropbox/2019,2019-09-13 15.12.06.jpg,2019-09-13 15:12:06,2019-09-13 15:12:06,-,2290692,-,-,2736x1824,-,DSC-RX100M6,2e2d5c78897982a1bc7f95d284b7ff8d
/Users/mac24/a/projects/fotos/keep/images/Dropbox_2021_imac/Dropbox/2019,2019-09-13 15.14.09.jpg,2019-09-13 15:14:09,2019-09-13 15:14:09,-,5715895,-,-,2736x1824,-,DSC-RX100M6,bc58d3cfffa76de268ff388ec8de59a9
/Users/mac24/a/projects/fotos/keep/images/Dropbox_2021_imac/Dropbox/2019,2019-09-13 15.19.46.jpg,2019-09-13 15:19:46,2019-09-13 15:19:46,-,2148264,-,-,2736x1824,-,DSC-RX100M6,6417d1a66544f820064af07d58c87c04
/Users/mac24/a/projects/fotos/keep/images/Dropbox_2021_imac/Dropbox/2019,2019-09-13 15.23.19.jpg,2019-09-13 15:23:19,2019-09-13 15:23:19,-,2642816,-,-,2736x1824,-,DSC-RX100M6,e9d7f4f896e35bcd397a7c428cedd4ff
/Users/mac24/a/projects/fotos/keep/images/Dropbox_2021_imac/Dropbox/2019,2019-09-18 15.30.31.jpg,2019-09-18 15:30:31,2019-09-18 15:30:31,-,3132841,-,-,2736x1824,-,DSC-RX100M6,b5f7aae32d82fc9c02568b28551cbbe2
/Users/mac24/a/projects/fotos/keep/images/Dropbox_2021_imac/Dropbox/2019,2019-09-18 15.47.04.jpg,2019-09-18 15:47:04,2019-09-18 15:47:04,-,1954445,-,-,2736x1824,-,DSC-RX100M6,50c2b519311c02db034687b4896c23aa
/Users/mac24/a/projects/fotos/keep/images/Dropbox_2021_imac/Dropbox/2019,2019-09-18 15.47.19.jpg,2019-09-18 15:47:19,2019-09-18 15:47:19,-,1783225,-,-,2736x1824,-,DSC-RX100M6,6683188dd0277b7c8713cc06a664a554
/Users/mac24/a/projects/fotos/keep/images/Dropbox_2021_imac/Dropbox/2019,2019-09-18 15.50.57.jpg,2019-09-18 15:50:57,2019-09-18 15:50:57,-,3058954,-,-,2736x1824,-,DSC-RX100M6,9b490e0c4494b4869d0f925a0944aa3e
/Users/mac24/a/projects/fotos/keep/images/Dropbox_2021_imac/Dropbox/2019,2019-09-18 16.32.31.jpg,2019-09-18 16:32:31,2019-09-18 16:32:31,-,1832681,-,-,2736x1824,-,DSC-RX100M6,b55709da03958a711f198ff4dfd3929f
/Users/mac24/a/projects/fotos/keep/images/Dropbox_2021_imac/Dropbox/2019,2019-09-18 16.36.40.jpg,2019-09-18 16:36:40,2019-09-18 16:36:40,-,2450723,-,-,2736x1824,-,DSC-RX100M6,74e82049056ac1e2353ecc559858537f
/Users/mac24/a/projects/fotos/keep/images/Dropbox_2021_imac/Dropbox/2019,2019-09-18 16.37.05.jpg,2019-09-18 16:37:05,2019-09-18 16:37:05,-,1698589,-,-,2736x1824,-,DSC-RX100M6,ec9f2930246dbb9c9901fd259168a3e2
/Users/mac24/a/projects/fotos/keep/images/Dropbox_2021_imac/Dropbox/2019,2019-09-27 18.40.48.jpg,2019-09-27 18:40:48,2019-09-27 18:40:48,-,4036158,-,-,2736x1824,-,DSC-RX100M6,977e7f04ee326a516618a19be680dddb
/Users/mac24/a/projects/fotos/keep/images/Dropbox_2021_imac/Dropbox/2019,2019-09-28 07.46.07.jpg,2019-09-28 07:46:07,2019-09-28 07:46:07,-,3108266,-,-,2736x1824,-,DSC-RX100M6,f31622277231e9d7d4ff33aa11b1cdae
/Users/mac24/a/projects/fotos/keep/images/Dropbox_2021_imac/Dropbox/2019,2019-09-28 07.47.04.jpg,2019-09-28 07:47:04,2019-09-28 07:47:04,-,3478041,-,-,2736x1824,-,DSC-RX100M6,b50dd6036e7ad2eb50ec76def8440eca
/Users/mac24/a/projects/fotos/keep/images/Dropbox_2021_imac/Dropbox/2019,2019-09-28 09.13.45.jpg,2019-09-28 09:13:45,2019-09-28 09:13:45,-,4090802,-,-,2736x1824,-,DSC-RX100M6,b12b93aa2db5eb9a93c095f897f0e644
/Users/mac24/a/projects/fotos/keep/images/Dropbox_2021_imac/Dropbox/2019,2019-09-28 09.13.48.jpg,2019-09-28 09:13:48,2019-09-28 09:13:48,-,4241849,-,-,2736x1824,-,DSC-RX100M6,988b11bb20ac6164698004d0696f9436
/Users/mac24/a/projects/fotos/keep/images/Dropbox_2021_imac/Dropbox/2019,2019-09-28 09.19.34.jpg,2019-09-28 09:19:34,2019-09-28 09:19:34,-,3107314,-,-,2736x1824,-,DSC-RX100M6,c84a31aee4044464ec8ddf37d4ac44be
/Users/mac24/a/projects/fotos/keep/images/Dropbox_2021_imac/Dropbox/2019,2019-09-28 10.09.22.jpg,2019-09-28 10:09:22,2019-09-28 10:09:22,-,4400942,-,-,2736x1824,-,DSC-RX100M6,96e8f603f391c44f48bb471154efba75
/Users/mac24/a/projects/fotos/keep/images/Dropbox_2021_imac/Dropbox/2019,2019-09-28 13.13.11.jpg,2019-09-28 13:13:11,2019-09-28 13:13:11,-,2657835,-,-,2736x1824,-,DSC-RX100M6,0769998a80e00c0da28ec9eb3df0f465
/Users/mac24/a/projects/fotos/keep/images/Dropbox_2021_imac/Dropbox/2019,2019-09-28 13.13.31.jpg,2019-09-28 13:13:31,2019-09-28 13:13:31,-,3368700,-,-,2736x1824,-,DSC-RX100M6,ab13133e816f93927abc3ea5b728b32b
/Users/mac24/a/projects/fotos/keep/images/Dropbox_2021_imac/Dropbox/2019,2019-09-29 09.09.24.jpg,2019-09-29 09:09:24,2019-09-29 09:09:24,-,3684752,-,-,2736x1824,-,DSC-RX100M6,cfd6aaff0a98cfffdf77fcb931e918eb
/Users/mac24/a/projects/fotos/keep/images/Dropbox_2021_imac/Dropbox/2019,2019-09-29 09.09.41.jpg,2019-09-29 09:09:41,2019-09-29 09:09:41,-,3373759,-,-,2736x1824,-,DSC-RX100M6,7f3241b70e3697caa1dd34bc2f46f3bb
/Users/mac24/a/projects/fotos/keep/images/Dropbox_2021_imac/Dropbox/2019,2019-11-06 17.27.58.jpg,2019-11-06 17:27:58,2019-11-06 17:27:58,-,3635323,-,-,2736x1824,-,DSC-RX100M6,8e142eecaf3d4d8e511171646f5f47f2
/Users/mac24/a/projects/fotos/keep/images/Dropbox_2021_imac/Dropbox/2019,2019-11-06 17.29.14.jpg,2019-11-06 17:29:14,2019-11-06 17:29:14,-,3257053,-,-,2736x1824,-,DSC-RX100M6,2fbdfbed9769cbdd145d7f2039f7fb57
/Users/mac24/a/projects/fotos/keep/images/Dropbox_2021_imac/Dropbox/2019,2019-11-06 17.29.37.jpg,2019-11-06 17:29:37,2019-11-06 17:29:37,-,3302606,-,-,2736x1824,-,DSC-RX100M6,06d51ed83bfd0a531074a39bee264e92
/Users/mac24/a/projects/fotos/keep/images/Dropbox_2021_imac/Dropbox/2019,2019-11-06 17.30.30.jpg,2019-11-06 17:30:30,2019-11-06 17:30:30,-,2476221,-,-,2736x1824,-,DSC-RX100M6,ae4390a9faf13c0b41583387b996fa8c
/Users/mac24/a/projects/fotos/keep/images/Dropbox_2021_imac/Dropbox/2020,2020-02-14-18.47.44.jpg,2020-02-14 18:47:44,2020-02-14 18:47:44,-,3083123,39.1318109722222,-77.2263149722222,4032x3024,-,moto x4,a3fdf588c923adc305f180906bf1e116
/Users/mac24/a/projects/fotos/keep/images/Dropbox_2021_imac/Dropbox/2020,2020-02-14.jpg,2020-02-14 18:58:37,2020-02-14 18:58:37,-,3616873,39.1317469722222,-77.2262939722222,4032x3024,-,moto x4,6ac50210e6934897ee62ff61af66b470
/Users/mac24/a/projects/fotos/keep/images/Dropbox_2021_imac/Dropbox/2020,2020-03-22.jpg,2020-03-22 18:20:50,2020-03-22 18:20:50,-,2554463,-,-,2736x1824,-,DSC-RX100M6,855f1d4cbe0df69fc087435893eea3c2
/Users/mac24/a/projects/fotos/keep/images/Dropbox_2021_imac/Dropbox/2020,2020-03-23-17.14.08.jpg,2020-03-23 17:14:08,2020-03-23 17:14:08,-,2754965,-,-,2736x1824,-,DSC-RX100M6,19864f60f2e720abd41de8e8d087744c
/Users/mac24/a/projects/fotos/keep/images/Dropbox_2021_imac/Dropbox/2020,2020-03-23-17.17.06.jpg,2020-03-23 17:17:06,2020-03-23 17:17:06,-,2593142,-,-,2736x1824,-,DSC-RX100M6,dc596e50ab086dfe07d23fc9c84a85cd
/Users/mac24/a/projects/fotos/keep/images/Dropbox_2021_imac/Dropbox/2020,2020-03-23-17.39.13.jpg,2020-03-23 17:39:13,2020-03-23 17:39:13,-,2268485,-,-,2736x1824,-,DSC-RX100M6,7c8655f85ffe573125587a98d7623efc
/Users/mac24/a/projects/fotos/keep/images/Dropbox_2021_imac/Dropbox/2020,2020-04-05-22.58.50.jpg,2020-04-05 22:58:50,2020-04-05 22:58:50,-,2543310,39.1315333333333,-77.226425,4032x3024,iPad Pro (12.9-inch) (2nd generation) back camera 3.99mm f/1.8,iPad Pro (12.9-inch) (2nd generation),0f5f9c1a2ea2520cd055e24770df0026
/Users/mac24/a/projects/fotos/keep/images/Dropbox_2021_imac/Dropbox/2020,2020-04-05.jpg,2020-04-05 23:00:44,2020-04-05 23:00:44,-,2964471,39.1315694444444,-77.2264472222222,4032x3024,iPad Pro (12.9-inch) (2nd generation) back camera 3.99mm f/1.8,iPad Pro (12.9-inch) (2nd generation),cd5bde266ff9598913bca62de95b40ea
/Users/mac24/a/projects/fotos/keep/images/Dropbox_2021_imac/Dropbox/2020,2020-04-20.jpg,2020-04-20 11:40:13,2020-04-20 11:40:13,-,3459098,39.1316638888889,-77.2262333333333,4032x3024,iPad Pro (12.9-inch) (2nd generation) back camera 3.99mm f/1.8,iPad Pro (12.9-inch) (2nd generation),4a96d241ffa20dd729f6903f4ebad15b
/Users/mac24/a/projects/fotos/keep/images/Dropbox_2021_imac/Dropbox/2020,2020-05-24.jpg,2020-05-24 15:17:55,2020-05-24 15:17:55,-,3692366,-,-,2736x1824,-,DSC-RX100M6,e3c29627fefa0d275c11b9760b97d01c
/Users/mac24/a/projects/fotos/keep/images/Dropbox_2021_imac/Dropbox/2020,2020-06-18-19.15.40.jpg,2020-06-18 19:15:40,2020-06-18 19:15:40,-,2076220,-,-,2736x1824,-,DSC-RX100M6,be3de981a958202be24be949d0c908c7
/Users/mac24/a/projects/fotos/keep/images/Dropbox_2021_imac/Dropbox/2020,2020-06-18.jpg,2020-06-18 19:15:57,2020-06-18 19:15:57,-,2488673,-,-,2736x1824,-,DSC-RX100M6,2e1189817dc055b969382e758af3d280
/Users/mac24/a/projects/fotos/keep/images/Dropbox_2021_imac/Dropbox/2020,2020-09-25-17.58.41.jpg,2020-09-25 17:58:41,2020-09-25 17:58:41,-,3120458,-,-,2736x1824,-,DSC-RX100M6,6633520d7ce2519611a4e5f932a3dab6
/Users/mac24/a/projects/fotos/keep/images/Dropbox_2021_imac/Dropbox/2020,2020-09-25-17.59.09.jpg,2020-09-25 17:59:09,2020-09-25 17:59:09,-,3177714,-,-,2736x1824,-,DSC-RX100M6,12fef3a01a8784212a60c221ee1e66e1
/Users/mac24/a/projects/fotos/keep/images/Dropbox_2021_imac/Dropbox/2020,2020-09-25-17.59.37.jpg,2020-09-25 17:59:37,2020-09-25 17:59:37,-,3413902,-,-,2736x1824,-,DSC-RX100M6,a9969ecde8fcb2a1d2e1d7edaec52ea7
/Users/mac24/a/projects/fotos/keep/images/Dropbox_2021_imac/Dropbox/2020,2020-09-25-18.02.22.jpg,2020-09-25 18:02:22,2020-09-25 18:02:22,-,3346963,-,-,2736x1824,-,DSC-RX100M6,2f321d1eeeeec6126f443c0f99591462
/Users/mac24/a/projects/fotos/keep/images/Dropbox_2021_imac/Dropbox/2020,2020-09-25-18.14.45.jpg,2020-09-25 18:14:45,2020-09-25 18:14:45,-,4584348,-,-,2736x1824,-,DSC-RX100M6,f69c69388746efe49f1ac09038177496
/Users/mac24/a/projects/fotos/keep/images/Dropbox_2021_imac/Dropbox/2020,2020-09-25.jpg,2020-09-25 18:15:36,2020-09-25 18:15:36,-,4795863,-,-,2736x1824,-,DSC-RX100M6,dd8eb7ac5ef50533b20e582242c8581e
/Users/mac24/a/projects/fotos/keep/images/Dropbox_2021_imac/Dropbox/2020,2020-10-08 16.37.04.jpg,2020-10-08 16:37:04,2020-10-08 16:37:04,-,5041559,-,-,2736x1824,-,DSC-RX100M6,c75b119aed61e5d4cb32da396bb5820c
/Users/mac24/a/projects/fotos/keep/images/Dropbox_2021_imac/Dropbox/2020,2020-10-08 16.37.26.jpg,2020-10-08 16:37:26,2020-10-08 16:37:26,-,5055607,-,-,2736x1824,-,DSC-RX100M6,6aa2aad8761a00e2136ca825491bd7e2
/Users/mac24/a/projects/fotos/keep/images/Dropbox_2021_imac/Dropbox/2020,2020-10-08 16.51.32.jpg,2020-10-08 16:51:32,2020-10-08 16:51:32,-,5412212,-,-,2736x1824,-,DSC-RX100M6,769fa6f2479fb3a9c5490ea2521e01f4
/Users/mac24/a/projects/fotos/keep/images/Dropbox_2021_imac/Dropbox/2020,2020-10-08 16.52.54.jpg,2020-10-08 16:52:54,2020-10-08 16:52:54,-,5745999,-,-,2736x1824,-,DSC-RX100M6,ab409e85a9f19d0c38a5e24aeef68fa3
/Users/mac24/a/projects/fotos/keep/images/Dropbox_2021_imac/Dropbox/2020,2020-10-16 15.28.51.jpg,2020-10-16 15:28:51,2020-10-16 15:28:51,-,2959737,-,-,2736x1824,-,DSC-RX100M6,262f340893828a4de1a6148444322f62
/Users/mac24/a/projects/fotos/keep/images/Dropbox_2021_imac/Dropbox/2020,2020-10-16 15.30.21.jpg,2020-10-16 15:30:21,2020-10-16 15:30:21,-,4410659,-,-,2736x1824,-,DSC-RX100M6,f02c9141ce882c6e2e8e9b8152e47858
/Users/mac24/a/projects/fotos/keep/images/Dropbox_2021_imac/Dropbox/2020,2020-10-16 15.31.56.jpg,2020-10-16 15:31:56,2020-10-16 15:31:56,-,4313768,-,-,2736x1824,-,DSC-RX100M6,95d5ff65ffcf7a899141269bf15da2ce
/Users/mac24/a/projects/fotos/keep/images/Dropbox_2021_imac/Dropbox/2020,2020-10-16 15.32.18.jpg,2020-10-16 15:32:18,2020-10-16 15:32:18,-,2251435,-,-,2736x1824,-,DSC-RX100M6,4c71cdff420b43688650b1a5c35c3fad
/Users/mac24/a/projects/fotos/keep/images/Dropbox_2021_imac/Dropbox/2020,2020-10-16 15.38.32.jpg,2020-10-16 15:38:32,2020-10-16 15:38:32,-,4679795,-,-,2736x1824,-,DSC-RX100M6,0185633aafbed56ccb5cd091f9fb9e2d
/Users/mac24/a/projects/fotos/keep/images/Dropbox_2021_imac/Dropbox/2020,2020-10-16 15.56.51.jpg,2020-10-16 15:56:51,2020-10-16 15:56:51,-,3872998,-,-,2736x1824,-,DSC-RX100M6,0cdebf7c04333cfd5590b3e007bf487d
/Users/mac24/a/projects/fotos/keep/images/Dropbox_2021_imac/Dropbox/2020,2020-10-16 16.15.15.jpg,2020-10-16 16:15:15,2020-10-16 16:15:15,-,2879394,-,-,2736x1824,-,DSC-RX100M6,ddf78cf129b012f5f29a2dde844bc11e
/Users/mac24/a/projects/fotos/keep/images/Dropbox_2021_imac/Dropbox/2020,2020-10-22 12.20.01.jpg,2020-10-22 12:20:01,2020-10-22 12:20:01,-,3072701,-,-,2736x1824,-,DSC-RX100M6,f62ba3647e11c38fe4f667ae679fcda2
/Users/mac24/a/projects/fotos/keep/images/Dropbox_2021_imac/Dropbox/2020,2020-10-29 14.53.21.jpg,2020-10-29 14:53:21,2020-10-29 14:53:21,-,3772736,-,-,2736x1824,-,DSC-RX100M6,e6946ba34eb07ea6d33803fbe9e76279
/Users/mac24/a/projects/fotos/keep/images/Dropbox_2021_imac/Dropbox/2020,2020-10-29 14.56.23.jpg,2020-10-29 14:56:23,2020-10-29 14:56:23,-,4343895,-,-,2736x1824,-,DSC-RX100M6,4859be66a53d60494f683d44261f249a
/Users/mac24/a/projects/fotos/keep/images/Dropbox_2021_imac/Dropbox/2020,2020-10-29 15.06.28.jpg,2020-10-29 15:06:28,2020-10-29 15:06:28,-,4545306,-,-,2736x1824,-,DSC-RX100M6,3776e705e8b1a7e70500875521410434
/Users/mac24/a/projects/fotos/keep/images/Dropbox_2021_imac/Dropbox/2020,2020-10-31 00.13.32.jpg,2020-10-31 00:13:32,2020-10-31 00:13:32,-,2518560,-,-,2736x1824,-,DSC-RX100M6,76283bcffdc9b4c8de98cf8e2c6ca860
/Users/mac24/a/projects/fotos/keep/images/Dropbox_2021_imac/Dropbox/2020,2020-10-31 00.14.17_2.jpg,-,-,-,1079699,-,-,2088x1581,-,-,98d33f46b4d79b8cc59de5d777880d60
/Users/mac24/a/projects/fotos/keep/images/Dropbox_2021_imac/Dropbox/2020,2020-10-31 00.14.17.jpg,2020-10-31 00:14:17,2020-10-31 00:14:17,-,2468261,-,-,2736x1824,-,DSC-RX100M6,0ed909e08e5eb35dea89ebd739ed7f05
/Users/mac24/a/projects/fotos/keep/images/Dropbox_2021_imac/Dropbox/2020,2020-10-31 00.14.47.jpg,2020-10-31 00:14:47,2020-10-31 00:14:47,-,2298979,-,-,2736x1824,-,DSC-RX100M6,8a50629af0d94a212784fa2623418d96
/Users/mac24/a/projects/fotos/keep/images/Dropbox_2021_imac/Dropbox/2020,2020-10-31 00.15.18.jpg,2020-10-31 00:15:18,2020-10-31 00:15:18,-,2132438,-,-,2736x1824,-,DSC-RX100M6,75f15de149b9582049f80ea50e3cf296
/Users/mac24/a/projects/fotos/keep/images/Dropbox_2021_imac/Dropbox/2020,2020-10-31 00.18.10.jpg,2020-10-31 00:18:10,2020-10-31 00:18:10,-,2121291,-,-,2736x1824,-,DSC-RX100M6,17a07227e699732f8deb7ef6ca402d17
/Users/mac24/a/projects/fotos/keep/images/Dropbox_2021_imac/Dropbox/2020,2020-11-01 20.47.23.jpg,2020-11-01 20:47:23,2020-11-01 20:47:23,-,2932551,-,-,2736x1824,-,DSC-RX100M6,06e45137feb918b17a8b7c85980ee343
/Users/mac24/a/projects/fotos/keep/images/Dropbox_2021_imac/Dropbox/2020,2020-11-02 17.23.52.jpg,2020-11-02 17:23:52,2020-11-02 17:23:52,-,3932594,-,-,2736x1824,-,DSC-RX100M6,c1948c887ec20a04226e1fea7f437218
/Users/mac24/a/projects/fotos/keep/images/Dropbox_2021_imac/Dropbox/2020,2020-11-02 17.41.13.jpg,2020-11-02 17:41:13,2020-11-02 17:41:13,-,4752149,-,-,2736x1824,-,DSC-RX100M6,7f650ea0a6f2892d932d843786ddd46b
/Users/mac24/a/projects/fotos/keep/images/Dropbox_2021_imac/Dropbox/2020,2020-11-05 08.03.13.jpg,2020-11-05 08:03:13,2020-11-05 08:03:13,-,2361774,-,-,2736x1824,-,DSC-RX100M6,0a59ad1738bc31c3c6986f9c3e210f16
/Users/mac24/a/projects/fotos/keep/images/Dropbox_2021_imac/Dropbox/2020,2020-11-05 20.34.54.jpg,2020-11-05 20:34:54,2020-11-05 20:34:54,-,1051771,-,-,1796x1359,Sony 24-200mm F2.8-4.5,DSC-RX100M6,99f301bd5f5bdf53a74ba0f29fdc20cf
/Users/mac24/a/projects/fotos/keep/images/Dropbox_2021_imac/Dropbox/2020,2020-11-11 18.31.01.jpg,2020-11-11 18:31:01,2020-11-11 18:31:01,-,2402910,-,-,2736x1824,-,DSC-RX100M6,39b31a9fd165b70e49f93e1e99e7cf0e
/Users/mac24/a/projects/fotos/keep/images/Dropbox_2021_imac/Dropbox/2020,2020-11-12 19.56.08.jpg,2020-11-12 19:56:08,2020-11-12 19:56:08,-,2339401,-,-,2736x1824,-,DSC-RX100M6,d66bbee97b31689572712a618d25059f
/Users/mac24/a/projects/fotos/keep/images/Dropbox_2021_imac/Dropbox/2020,2020-11-16 23.04.54.jpg,2020-11-16 23:04:54,2020-11-16 23:04:54,-,2309296,-,-,2736x1824,-,DSC-RX100M6,f4e026e8ad84fc29ca7b4b06f6bf7dd1
/Users/mac24/a/projects/fotos/keep/images/Dropbox_2021_imac/Dropbox/2020,2020-11-23 16.51.25.jpg,2020-11-23 16:51:25,2020-11-23 16:51:25,-,4930867,-,-,2736x1824,-,DSC-RX100M6,a41d56e3df5a6a48d983129a98d19ce1
/Users/mac24/a/projects/fotos/keep/images/Dropbox_2021_imac/Dropbox/2020,2020-11-23 17.20.27.jpg,2020-11-23 17:20:27,2020-11-23 17:20:27,-,4825246,-,-,2736x1824,-,DSC-RX100M6,1b4d30ce9d862d6703ddb25195452c12
/Users/mac24/a/projects/fotos/keep/images/Dropbox_2021_imac/Dropbox/2020,2020-11-23 17.28.34.jpg,2020-11-23 17:28:34,2020-11-23 17:28:34,-,4171285,-,-,2736x1824,-,DSC-RX100M6,dcd149cf72a15fab7d7876af0dfe5c42
/Users/mac24/a/projects/fotos/keep/images/Dropbox_2021_imac/Dropbox/2020,2020-11-23 17.28.46.jpg,2020-11-23 17:28:46,2020-11-23 17:28:46,-,4163781,-,-,2736x1824,-,DSC-RX100M6,75b8b12517f5926d77c1f99567c0b03a
/Users/mac24/a/projects/fotos/keep/images/Dropbox_2021_imac/Dropbox/2020,2020-11-24 16.47.35.jpg,2020-11-24 16:47:35,2020-11-24 16:47:35,-,2222717,-,-,2736x1824,-,DSC-RX100M6,5f448645506f0615b02f6120c4e38b67
/Users/mac24/a/projects/fotos/keep/images/Dropbox_2021_imac/Dropbox/2020,2020-11-25 16.43.30.jpg,2020-11-25 16:43:30,2020-11-25 16:43:30,-,4194022,-,-,2736x1824,-,DSC-RX100M6,f8586a0b13aaa474f9847b9da33827ec
/Users/mac24/a/projects/fotos/keep/images/Dropbox_2021_imac/Dropbox/2020,2020-11-25 17.03.07.jpg,2020-11-25 17:03:07,2020-11-25 17:03:07,-,4984799,-,-,2736x1824,-,DSC-RX100M6,5b17e9a280a56a7943482e526b5d2e34
/Users/mac24/a/projects/fotos/keep/images/Dropbox_2021_imac/Dropbox/2020,2020-11-30 13.02.08.jpg,2020-11-30 13:02:08,2020-11-30 13:02:08,-,3820689,-,-,2736x1824,-,DSC-RX100M6,79121ef30fd09145bbf2587ee9ec33ac
/Users/mac24/a/projects/fotos/keep/images/Dropbox_2021_imac/Dropbox/2020,2020-11-30 18.03.11.jpg,2020-11-30 18:03:11,2020-11-30 18:03:11,-,2992372,-,-,2736x1824,-,DSC-RX100M6,26f1b35720010c4d3b2c508c6583fd23
/Users/mac24/a/projects/fotos/keep/images/Dropbox_2021_imac/Dropbox/2020,2020-11-30 18.03.52.jpg,2020-11-30 18:03:52,2020-11-30 18:03:52,-,2862705,-,-,2736x1824,-,DSC-RX100M6,7c9f04ed4e5e575cebd0d2ee5b93aeee
/Users/mac24/a/projects/fotos/keep/images/Dropbox_2021_imac/Dropbox/2020,2020-12-01 12.28.28.jpg,2020-12-01 12:28:28,2020-12-01 12:28:28,-,2374098,-,-,2736x1824,-,DSC-RX100M6,1b1e95abd9f859ef8ce0aa140bb62df9
/Users/mac24/a/projects/fotos/keep/images/Dropbox_2021_imac/Dropbox/2020,2020-12-02 21.17.36.jpg,2020-12-02 21:17:36,2020-12-02 21:17:36,-,2503461,-,-,2736x1824,-,DSC-RX100M6,4c9c87fcdef1e5123e84021de09c2373
/Users/mac24/a/projects/fotos/keep/images/Dropbox_2021_imac/Dropbox/2020,2020-12-04 11.59.51.jpg,2020-12-04 11:59:51,2020-12-04 11:59:51,-,2081989,-,-,2736x1824,-,DSC-RX100M6,4d867bedd4d16ecd2b7bb06b8cdad8df
/Users/mac24/a/projects/fotos/keep/images/Dropbox_2021_imac/Dropbox/2020,2020-12-04 14.50.48.jpg,2020-12-04 14:50:48,2020-12-04 14:50:48,-,2232908,-,-,2736x1824,-,DSC-RX100M6,9113b91a5ccf0ccfc29c4a8844d88b93
/Users/mac24/a/projects/fotos/keep/images/Dropbox_2021_imac/Dropbox/2020,2020-12-04 14.57.27.jpg,2020-12-04 14:57:27,2020-12-04 14:57:27,-,2114608,-,-,2736x1824,-,DSC-RX100M6,ade49eb19bf49252e6ff367cb7daab5d
/Users/mac24/a/projects/fotos/keep/images/Dropbox_2021_imac/Dropbox/2020,2020-12-04 14.58.51.jpg,2020-12-04 14:58:51,2020-12-04 14:58:51,-,3415670,-,-,2736x1824,-,DSC-RX100M6,d7c4165ca858b06ad0071016c5e15e9b
/Users/mac24/a/projects/fotos/keep/images/Dropbox_2021_imac/Dropbox/2020/shed,shedRoof.jpg,2020-11-05 08:16:11,2020-11-05 08:16:11,-,221646,-,-,1827x1347,-,DSC-RX100M6,9c4485244f0e232ddc419e437e990b81
/Users/mac24/a/projects/fotos/keep/images/Dropbox_2021_imac/Dropbox/2021,2021-06-24 10.47.54.jpg,2021-06-24 10:47:54,2021-06-24 10:47:54,-,3206022,-,-,2736x1824,-,DSC-RX100M6,1d4bf22717873a084c3d4b29985231de
/Users/mac24/a/projects/fotos/keep/images/Dropbox_2021_imac/Dropbox/2021,2021-06-24 10.50.49.jpg,2021-06-24 10:50:49,2021-06-24 10:50:49,-,2877973,-,-,2736x1824,-,DSC-RX100M6,87d5511842ab6db3649ef9f324753b29
/Users/mac24/a/projects/fotos/keep/images/Dropbox_2021_imac/Dropbox/2021,2021-06-24 10.55.44.jpg,2021-06-24 10:55:44,2021-06-24 10:55:44,-,4231282,-,-,2736x1824,-,DSC-RX100M6,6232f193729cbf926c12e0193952cb62
/Users/mac24/a/projects/fotos/keep/images/Dropbox_2021_imac/Dropbox/2021,2021-06-24 16.03.29.jpg,2021-06-24 16:03:29,2021-06-24 16:03:29,-,3119672,-,-,2736x1824,-,DSC-RX100M6,037a7fdb6ef37f3d5c442e76aa14ae01
/Users/mac24/a/projects/fotos/keep/images/Dropbox_2021_imac/Dropbox/2021,2021-06-26 16.38.06.jpg,2021-06-26 16:38:06,2021-06-26 16:38:06,-,3178983,-,-,2736x1824,-,DSC-RX100M6,f0448b7cc86b54fb6651796e7c3981b8
/Users/mac24/a/projects/fotos/keep/images/Dropbox_2021_imac/Dropbox/2021,2021-06-27 19.33.06.jpg,2021-06-27 19:33:06,2021-06-27 19:33:06,-,4110173,-,-,2736x1824,-,DSC-RX100M6,2f1222b0c4f2a0190726038d41207607
/Users/mac24/a/projects/fotos/keep/images/Dropbox_2021_imac/Dropbox/2021,2021-06-27 19.33.13.jpg,2021-06-27 19:33:13,2021-06-27 19:33:13,-,4084256,-,-,2736x1824,-,DSC-RX100M6,cd804c9734f994d919a3ef9196c89e51
/Users/mac24/a/projects/fotos/keep/images/Dropbox_2021_imac/Dropbox/2021,2021-06-27 19.33.20.jpg,2021-06-27 19:33:20,2021-06-27 19:33:20,-,3926872,-,-,2736x1824,-,DSC-RX100M6,39ab11e111438f1549de5c3652c38180
/Users/mac24/a/projects/fotos/keep/images/Dropbox_2021_imac/Dropbox/2021,2021-06-27 19.58.59.jpg,2021-06-27 19:58:59,2021-06-27 19:58:59,-,3775877,-,-,2736x1824,-,DSC-RX100M6,90248bc9ba59f2b3143caf5fbc6da182
/Users/mac24/a/projects/fotos/keep/images/Dropbox_2021_imac/Dropbox/2021,2021-06-27 20.27.58.jpg,2021-06-27 20:27:58,2021-06-27 20:27:58,-,2292476,-,-,2736x1824,-,DSC-RX100M6,b14545eb07f71b309103243233338f20
/Users/mac24/a/projects/fotos/keep/images/Dropbox_2021_imac/Dropbox/2021,2021-06-29 13.59.51.jpg,2021-06-29 13:59:51,2021-06-29 13:59:51,-,2438275,-,-,2736x1824,-,DSC-RX100M6,b43ea37150268741251e06577ded27e8
/Users/mac24/a/projects/fotos/keep/images/Dropbox_2021_imac/Dropbox/2021,2021-06-29 14.01.21.jpg,2021-06-29 14:01:21,2021-06-29 14:01:21,-,1969821,-,-,2736x1824,-,DSC-RX100M6,c85b9f77afde4ec0039d102fe56a4117
/Users/mac24/a/projects/fotos/keep/images/Dropbox_2021_imac/Dropbox/2021,2021-06-29 14.04.42.jpg,2021-06-29 14:04:42,2021-06-29 14:04:42,-,1666111,-,-,2736x1824,-,DSC-RX100M6,9feb21be7715cf2c96136bd29a810373
/Users/mac24/a/projects/fotos/keep/images/Dropbox_2021_imac/Dropbox/2021,2021-06-29 19.43.14.jpg,2021-06-29 19:43:14,2021-06-29 19:43:14,-,1476142,-,-,2736x1824,-,DSC-RX100M6,4f01ececf064ab8be741b02367cbbb83
/Users/mac24/a/projects/fotos/keep/images/Dropbox_2021_imac/Dropbox/2021,2021-06-29 19.51.35.jpg,2021-06-29 19:51:35,2021-06-29 19:51:35,-,4849241,-,-,2736x1824,-,DSC-RX100M6,5da530195deae2fbdacb26342bf88e42
/Users/mac24/a/projects/fotos/keep/images/Dropbox_2021_imac/Dropbox/2021,2021-06-29 19.55.23.jpg,2021-06-29 19:55:23,2021-06-29 19:55:23,-,1765337,-,-,2736x1824,-,DSC-RX100M6,10ddc6b8215aaa1ef67ed440ca4fc39a
/Users/mac24/a/projects/fotos/keep/images/Dropbox_2021_imac/Dropbox/2021,2021-09-07 23.04.16.jpg,2021-09-07 23:04:16,2021-09-07 23:04:16,-,2365335,-,-,2736x1824,-,DSC-RX100M6,1274335ba6d1e923f8c0daf47250995f
/Users/mac24/a/projects/fotos/keep/images/Dropbox_2021_imac/Dropbox/2021,2021-09-07 23.05.01.jpg,2021-09-07 23:05:01,2021-09-07 23:05:01,-,3709427,-,-,2736x1824,-,DSC-RX100M6,7f94879ef68f613a6a51579eee1f9298
/Users/mac24/a/projects/fotos/keep/images/Dropbox_2021_imac/Dropbox/2021,2021-09-07 23.06.16.jpg,2021-09-07 23:06:16,2021-09-07 23:06:16,-,2390168,-,-,2736x1824,-,DSC-RX100M6,ef905c382e1b8617e046ac58f0b1c455
/Users/mac24/a/projects/fotos/keep/images/Dropbox_2021_imac/Dropbox/2021,2021-09-07 23.07.00.jpg,2021-09-07 23:07:00,2021-09-07 23:07:00,-,1948656,-,-,2736x1824,-,DSC-RX100M6,8a7bed2b5c1d8f2ab27e0a7bb503299a
/Users/mac24/a/projects/fotos/keep/images/Dropbox_2021_imac/Dropbox/2021,2021-09-07 23.08.22.jpg,2021-09-07 23:08:22,2021-09-07 23:08:22,-,1407742,-,-,2736x1824,-,DSC-RX100M6,acd9ef74a7225d378c9e2feaec75fd70
/Users/mac24/a/projects/fotos/keep/images/Dropbox_2021_imac/Dropbox/2021,2021-09-08 16.11.13.jpg,2021-09-08 16:11:13,2021-09-08 16:11:13,-,3839975,-,-,2736x1824,-,DSC-RX100M6,dc943afe10b82a9b5c54e26e22007934
/Users/mac24/a/projects/fotos/keep/images/Dropbox_2021_imac/Dropbox/2021,2021-09-08 16.38.22.jpg,2021-09-08 16:38:22,2021-09-08 16:38:22,-,3455665,-,-,2736x1824,-,DSC-RX100M6,998302ef6e999c76421264e2692624ff
/Users/mac24/a/projects/fotos/keep/images/Dropbox_2021_imac/Dropbox/2021,2021-09-08 16.44.14.jpg,2021-09-08 16:44:14,2021-09-08 16:44:14,-,3567967,-,-,2736x1824,-,DSC-RX100M6,3794041542b07f10a7b3ce890609f1b6
/Users/mac24/a/projects/fotos/keep/images/Dropbox_2021_imac/Dropbox/2021,2021-09-08 16.44.36.jpg,2021-09-08 16:44:36,2021-09-08 16:44:36,-,3529438,-,-,2736x1824,-,DSC-RX100M6,73a8ac92cbf79fb77ab019c9668988e1
/Users/mac24/a/projects/fotos/keep/images/Dropbox_2021_imac/Dropbox/2021,2021-09-08 16.44.51.jpg,2021-09-08 16:44:51,2021-09-08 16:44:51,-,4261236,-,-,2736x1824,-,DSC-RX100M6,642dccbb40da792a2d25ae23d75948e6
/Users/mac24/a/projects/fotos/keep/images/Dropbox_2021_imac/Dropbox/2021,2021-09-08 16.45.02.jpg,2021-09-08 16:45:02,2021-09-08 16:45:02,-,2741069,-,-,2736x1824,-,DSC-RX100M6,20d2bcdf2179cb559f1432c7eff34ea7
/Users/mac24/a/projects/fotos/keep/images/Dropbox_2021_imac/Dropbox/2021,2021-09-08 16.45.15.jpg,2021-09-08 16:45:15,2021-09-08 16:45:15,-,3321646,-,-,2736x1824,-,DSC-RX100M6,f0205b64c21851af89e69a4c7f428a35
/Users/mac24/a/projects/fotos/keep/images/Dropbox_2021_imac/Dropbox/2021,2021-09-08 16.52.35.jpg,2021-09-08 16:52:35,2021-09-08 16:52:35,-,3340506,-,-,2736x1824,-,DSC-RX100M6,3bae9348ce53edc81c95a8a01f058c2d
/Users/mac24/a/projects/fotos/keep/images/Dropbox_2021_imac/Dropbox/2021,2021-09-08 17.18.28.jpg,2021-09-08 17:18:28,2021-09-08 17:18:28,-,2843994,-,-,2736x1824,-,DSC-RX100M6,fca38b4a0c082afe22eca9d97c522f45
/Users/mac24/a/projects/fotos/keep/images/Dropbox_2021_imac/Dropbox/2021,2021-09-08 17.19.12.jpg,2021-09-08 17:19:12,2021-09-08 17:19:12,-,3480810,-,-,2736x1824,-,DSC-RX100M6,bdcfd18a10e79444a6f95f11c611b2f5
/Users/mac24/a/projects/fotos/keep/images/Dropbox_2021_imac/Dropbox/2021,2021-09-08 17.19.21.jpg,2021-09-08 17:19:21,2021-09-08 17:19:21,-,2266413,-,-,2736x1824,-,DSC-RX100M6,49c066049c6a11d3ab57d9179bd2134b
/Users/mac24/a/projects/fotos/keep/images/Dropbox_2021_imac/Dropbox/2021,2021-09-08 17.35.14.jpg,2021-09-08 17:35:14,2021-09-08 17:35:14,-,4436106,-,-,2736x1824,-,DSC-RX100M6,527a1d24172783626cab7976391cbeee
/Users/mac24/a/projects/fotos/keep/images/Dropbox_2021_imac/Dropbox/2021,2021-09-08 17.35.38.jpg,2021-09-08 17:35:38,2021-09-08 17:35:38,-,3005659,-,-,2736x1824,-,DSC-RX100M6,c0b898c32cea0b7b4ad7bf1085c5bc27
/Users/mac24/a/projects/fotos/keep/images/Dropbox_2021_imac/Dropbox/2021,2021-09-08 17.36.03.jpg,2021-09-08 17:36:03,2021-09-08 17:36:03,-,3656643,-,-,2736x1824,-,DSC-RX100M6,60610f3302d46e89398b02dc2c7d1124
/Users/mac24/a/projects/fotos/keep/images/Dropbox_2021_imac/Dropbox/2021,2021-09-08 17.36.29.jpg,2021-09-08 17:36:29,2021-09-08 17:36:29,-,4929981,-,-,2736x1824,-,DSC-RX100M6,0c81b83838eed17bc3de595512d715b5
/Users/mac24/a/projects/fotos/keep/images/Dropbox_2021_imac/Dropbox/2021,2021-09-08 17.36.48.jpg,2021-09-08 17:36:48,2021-09-08 17:36:48,-,5322708,-,-,2736x1824,-,DSC-RX100M6,a9dc37cdaf2747682e3b2b2829562e03
/Users/mac24/a/projects/fotos/keep/images/Dropbox_2021_imac/Dropbox/2021,2021-09-08 17.40.58.jpg,2021-09-08 17:40:58,2021-09-08 17:40:58,-,3811148,-,-,2736x1824,-,DSC-RX100M6,7634a041b439377d83f499c30f22ca44
/Users/mac24/a/projects/fotos/keep/images/Dropbox_2021_imac/Dropbox/2021,2021-09-08 17.43.03.jpg,2021-09-08 17:43:03,2021-09-08 17:43:03,-,2835823,-,-,2736x1824,-,DSC-RX100M6,d25554a2958f8f15d8b2b921a554faf0
/Users/mac24/a/projects/fotos/keep/images/Dropbox_2021_imac/Dropbox/2021,2021-09-08 17.43.41.jpg,2021-09-08 17:43:41,2021-09-08 17:43:41,-,4609736,-,-,2736x1824,-,DSC-RX100M6,36bb4f388ef6e56a6ca70f371569777e
/Users/mac24/a/projects/fotos/keep/images/Dropbox_2021_imac/Dropbox/2021,2021-09-08 17.46.07.jpg,2021-09-08 17:46:07,2021-09-08 17:46:07,-,4692459,-,-,2736x1824,-,DSC-RX100M6,87d7c2ddb5ed610535df73083fa638ae
/Users/mac24/a/projects/fotos/keep/images/Dropbox_2021_imac/Phil,Untitled_Artwork.png,-,-,-,9185491,-,-,3451x2478,-,-,d0c9f3ea837cc81eada57a7d55f20619
/Users/mac24/a/projects/fotos/keep/images/Dropbox_2021_imac/Phil,Untitled_Artwork57.png,-,-,-,4340184,-,-,1800x1200,-,-,9ac846475c774ce394aab7c6af9ed7ba
/Users/mac24/a/projects/fotos/keep/images/familyHistory,67_Lincklaen_st_home.jpg,2003-01-06 23:38:32,2003-01-06 23:38:32,-,17544,-,-,245x157,-,C-5000Z,1240a90a64de9e4d6f46507f7f6a9985
/Users/mac24/a/projects/fotos/keep/images/familyHistory,Dommet_Gladys_Baptism_1894.jpg,2009-08-06 16:59:38,2009-08-06 16:59:38,-,559533,-,-,3130x1324,-,NIKON D5000,e8be0310d30050322990a8f3e0a9533c
/Users/mac24/a/projects/fotos/keep/images/familyHistory,GrimeTree.jpg,2009-03-28 14:45:54,2009-03-28 14:45:55,-,386473,-,-,2430x1650,-,NIKON D40,398bcc5fa874fe99593d9ffc36d66673
/Users/mac24/a/projects/fotos/keep/images/familyHistory,RVirgo_KingFerrySundaySchool.jpg,2008-08-08 11:52:04,2008-08-08 11:52:04,-,461693,-,-,2000x3008,-,NIKON D40,22493189d13ed1698ba4e73c35843e57
/Users/mac24/a/projects/fotos/keep/images/familyHistory,Virgo_Beatrice_1899_Baptism.jpg,2009-08-06 16:08:57,2009-08-06 16:08:57,-,768413,-,-,1988x3122,-,NIKON D5000,b6f0c06fffee992b87608ba33b5b7bf9
/Users/mac24/a/projects/fotos/keep/images/familyHistory,Virgo_Census_ND_1915.jpg,2009-08-06 16:14:23,2009-08-06 16:14:23,-,833429,-,-,2986x2136,-,NIKON D5000,a5a48da51772346b3416196e4843284a
/Users/mac24/a/projects/fotos/keep/images/familyHistory,Virgo_George_L_Homestead_Claim_1904.jpg,2009-08-06 16:18:42,2009-08-06 16:18:42,-,1443591,-,-,1861x3216,-,NIKON D5000,ef797fa61f3d04aa93f4422c68975886
/Users/mac24/a/projects/fotos/keep/images/familyHistory,Virgo_Joseph_Rodrique_Baptism_1899_1956.jpg,2009-08-06 16:23:00,2009-08-06 16:23:00,-,531975,-,-,1538x2674,-,NIKON D5000,de311da520c47b6a954c98d26ad9f51b
/Users/mac24/a/projects/fotos/keep/images/familyHistory,Virgo_Josesph_Rodrique_1899_Baptism.jpg,2009-08-06 16:08:49,2009-08-06 16:08:49,-,746820,-,-,1977x3142,-,NIKON D5000,9be9c754fc111b9ae711ca0cdbdd4acc
/Users/mac24/a/projects/fotos/keep/images/familyHistory,Virgo_Roderick_Gladys_Marriage_1918.jpg,2009-08-06 16:22:25,2009-08-06 16:22:25,-,621121,-,-,2027x2841,-,NIKON D5000,0ebd480f7929a5b744500009c1186d19
/Users/mac24/a/projects/fotos/keep/images/familyHistory/Marcy1950/oldVerssion,19501007AdmitNote.jpg,-,2003-09-12 10:44:21,-,388488,-,-,1103x1361,-,HP PhotoSmart 618 (V1.1),bda580dfd84400c80af3ce64a9700efc
/Users/mac24/a/projects/fotos/keep/images/familyHistory/Marcy1950/oldVerssion,19501011GrimeInfo1.jpg,-,2003-09-14 14:18:16,-,403833,-,-,945x1151,-,HP PhotoSmart 618 (V1.1),ac772072f858ef4ba8aad2d5d68f9ae3
/Users/mac24/a/projects/fotos/keep/images/familyHistory/Marcy1950/oldVerssion,19501011GrimeInfo2.jpg,-,2003-09-14 14:26:03,-,327880,-,-,1024x1264,-,HP PhotoSmart 618 (V1.1),08bef5b582ac48882f7b2c714c9ad413
/Users/mac24/a/projects/fotos/keep/images/familyHistory/Marcy1950/oldVerssion,19501011GrimeInfo3.jpg,-,2003-09-14 14:29:53,-,330726,-,-,1069x1287,-,HP PhotoSmart 618 (V1.1),08728899bd6f8efa073b01c686e8c264
/Users/mac24/a/projects/fotos/keep/images/familyHistory/Marcy1950/oldVerssion,19501212diagConference1.jpg,-,2003-09-12 10:31:54,-,396880,-,-,1046x1372,-,HP PhotoSmart 618 (V1.1),62a43d6858c550bccfe19ecd1b3a668a
/Users/mac24/a/projects/fotos/keep/images/familyHistory/Marcy1950/oldVerssion,19501212diagConference2.jpg,-,2003-09-12 10:37:22,-,378251,-,-,1058x1270,-,HP PhotoSmart 618 (V1.1),6aec3607d929d060a75ca46ebb2e5bb4
/Users/mac24/a/projects/fotos/keep/images/familyHistory/Marcy1950/oldVerssion,19501212diagConference3.jpg,-,2003-09-12 10:50:51,-,311008,-,-,1035x1213,-,HP PhotoSmart 618 (V1.1),b4bfb2071306a052b066f03df8c7679a
/Users/mac24/a/projects/fotos/keep/images/familyHistory/Marcy1950/oldVerssion,19501213psychReport1.jpg,-,2003-09-14 15:33:38,-,352927,-,-,1059x1259,-,HP PhotoSmart 618 (V1.1),6cbbb2c0785a2bcbe2b0e3bbebf73d47
/Users/mac24/a/projects/fotos/keep/images/familyHistory/Marcy1950/oldVerssion,19510117notes.jpg,-,2003-09-15 20:10:19,-,252439,-,-,870x1098,-,HP PhotoSmart 618 (V1.1),5dc3c81c75b0b25b62161ee7cbc8623a
/Users/mac24/a/projects/fotos/keep/images/familyHistory/Marcy1950/oldVerssion,19510202clinicSummary.jpg,-,2003-09-14 14:08:23,-,629587,-,-,1117x1428,-,HP PhotoSmart 618 (V1.1),cacc7ddbbbf477609c482f5cc35bc924
/Users/mac24/a/projects/fotos/keep/images/familyHistory/Marcy1950/oldVerssion,19510204notes.jpg,-,2003-09-15 20:16:20,-,212815,-,-,881x1065,-,HP PhotoSmart 618 (V1.1),0e3516d672fa89e0a0ede3e386070c3d
/Users/mac24/a/projects/fotos/keep/images/familyHistory/Marcy1950/oldVerssion,19510504notes.jpg,-,2003-09-15 20:32:56,-,199801,-,-,837x1070,-,HP PhotoSmart 618 (V1.1),26ecca4a7950812287fef7e284d84335
/Users/mac24/a/projects/fotos/keep/images/familyHistory/Marcy1950/oldVerssion,19520207intervalak.jpg,-,2003-09-16 21:16:26,-,236914,-,-,898x1159,-,HP PhotoSmart 618 (V1.1),8007f0654d0dbc08fd9a7dea1de1d956
/Users/mac24/a/projects/fotos/keep/images/familyHistory/Marcy1950/oldVerssion,19520207notes.jpg,-,2003-09-17 00:16:32,-,230276,-,-,806x1123,-,HP PhotoSmart 618 (V1.1),d9dd9961ef49285d09a61f877a5a187c
/Users/mac24/a/projects/fotos/keep/images/familyHistory/Marcy1950/oldVerssion,19520207statisticalData.jpg,-,2003-09-15 20:43:12,-,274318,-,-,1003x1234,-,HP PhotoSmart 618 (V1.1),82f51f3e7c786ff2b155b7b4ec7b2870
/Users/mac24/a/projects/fotos/keep/images/familyHistory/Marcy1950/oldVerssion,19520210MentalExam.jpg,-,2003-09-16 22:27:09,-,172899,-,-,901x1131,-,HP PhotoSmart 618 (V1.1),bdf93f31de92aa45e67ef8658a2c37fe
/Users/mac24/a/projects/fotos/keep/images/familyHistory/Marcy1950/oldVerssion,19520325DiagConference1.jpg,-,2003-09-16 21:00:36,-,313921,-,-,901x1159,-,HP PhotoSmart 618 (V1.1),2b44d87051d45f6a9e962a16d8e95b37
/Users/mac24/a/projects/fotos/keep/images/familyHistory/Marcy1950/oldVerssion,19520325DiagConference2.jpg,-,2003-09-16 21:04:05,-,278761,-,-,870x1106,-,HP PhotoSmart 618 (V1.1),2235f21cbf526b206d497493c7abd5de
/Users/mac24/a/projects/fotos/keep/images/familyHistory/Marcy1950/oldVerssion,19520325DiagConference3.jpg,-,2003-09-16 21:11:14,-,182550,-,-,854x1101,-,HP PhotoSmart 618 (V1.1),ec96b71e91f2c290ef9ccb5b2c322b0c
/Users/mac24/a/projects/fotos/keep/images/familyHistory/Marcy1950/oldVerssion,19520402notes.jpg,-,2003-09-17 00:19:46,-,245149,-,-,879x1165,-,HP PhotoSmart 618 (V1.1),5f5acd7a82a515dd40cc8579bdc27b07
/Users/mac24/a/projects/fotos/keep/images/familyHistory/Marcy1950/oldVerssion,19520409AbstractCert.jpg,-,2003-09-16 20:55:23,-,214359,-,-,926x1145,-,HP PhotoSmart 618 (V1.1),ebd710cf45af48109a1ff00e0af96161
/Users/mac24/a/projects/fotos/keep/images/familyHistory/Marcy1950/oldVerssion,19520906notes.jpg,-,2003-09-17 00:23:06,-,214157,-,-,845x1131,-,HP PhotoSmart 618 (V1.1),7a629918c9c95243132d6700c3c66a31
/Users/mac24/a/projects/fotos/keep/images/familyHistory/Marcy1950/oldVerssion,19521206notes.jpg,-,2003-09-22 22:19:33,-,261610,-,-,810x1023,-,HP PhotoSmart 618 (V1.1),8d80851c61c208f257ea2c7ec368dac0
/Users/mac24/a/projects/fotos/keep/images/familyHistory/Marcy1950/oldVerssion,19530609notes.jpg,-,2003-09-22 22:22:36,-,241117,-,-,786x1032,-,HP PhotoSmart 618 (V1.1),a30be8d486187b14c59086d586608236
/Users/mac24/a/projects/fotos/keep/images/familyHistory/Marcy1950/oldVerssion,19530630notes.jpg,-,2003-09-22 22:26:02,-,260542,-,-,792x1055,-,HP PhotoSmart 618 (V1.1),89fdfe278447dd6a138c55dcaad871af
/Users/mac24/a/projects/fotos/keep/images/familyHistory/Marcy1950/oldVerssion,19530706psychReport1.jpg,-,2003-09-16 22:58:43,-,250311,-,-,892x1140,-,HP PhotoSmart 618 (V1.1),9926c089b9daa2139548ca9936dd3e2b
/Users/mac24/a/projects/fotos/keep/images/familyHistory/Marcy1950/oldVerssion,19530706psychReport2.jpg,-,2003-09-17 00:11:28,-,180023,-,-,815x929,-,HP PhotoSmart 618 (V1.1),058eedb15c37b809c017c8ac47db6d82
/Users/mac24/a/projects/fotos/keep/images/familyHistory/Marcy1950/oldVerssion,19530827notes.jpg,-,2003-09-22 22:29:14,-,210702,-,-,760x921,-,HP PhotoSmart 618 (V1.1),b8585730b588147d02c11b15da17c640
/Users/mac24/a/projects/fotos/keep/images/familyHistory/Marcy1950/oldVerssion,19530929notes.jpg,-,2003-09-22 22:31:48,-,250951,-,-,778x988,-,HP PhotoSmart 618 (V1.1),7d9f374d8c3f850435f814846953fc8c
/Users/mac24/a/projects/fotos/keep/images/familyHistory/Marcy1950/oldVerssion,19531105notes.jpg,-,2003-09-22 22:33:51,-,276472,-,-,783x1014,-,HP PhotoSmart 618 (V1.1),8bddc4f4bb90a3da93f42bcc4f31892f
/Users/mac24/a/projects/fotos/keep/images/familyHistory/Marcy1950/oldVerssion,19531124notes.jpg,-,2003-09-22 22:36:11,-,208113,-,-,813x951,-,HP PhotoSmart 618 (V1.1),2587fb9ea50237a0f0e4274e9495393e
/Users/mac24/a/projects/fotos/keep/images/familyHistory/Marcy1950/oldVerssion,19540119notes.jpg,-,2003-09-22 22:38:39,-,221212,-,-,711x1014,-,HP PhotoSmart 618 (V1.1),8f024fc30340eae58bfd4770a0138c56
/Users/mac24/a/projects/fotos/keep/images/familyHistory/Marcy1950/oldVerssion,19540324notes.jpg,-,2003-09-22 22:41:15,-,240928,-,-,745x1014,-,HP PhotoSmart 618 (V1.1),29bc7750b3aaf9db1383b6dce60cf26e
/Users/mac24/a/projects/fotos/keep/images/familyHistory/Marcy1950/oldVerssion,convelescent19530731.jpg,-,2003-09-22 22:45:15,-,233787,-,-,808x1031,-,HP PhotoSmart 618 (V1.1),af928784ca9b7036121bbdd5f3911dc1
/Users/mac24/a/projects/fotos/keep/images/familyHistory/OldPhotos,1947DodyVirgo.jpg,-,2003-12-30 00:27:34,-,221992,-,-,556x738,-,HP PhotoSmart 618 (V1.1),83b353ef4ea1c6758c1a9206dca6e42f
/Users/mac24/a/projects/fotos/keep/images/familyHistory/OldPhotos,1950DodyVirgo.jpg,-,2003-12-30 00:29:34,-,331808,-,-,627x812,-,HP PhotoSmart 618 (V1.1),e7f60a44a758cf1935ff62945e56ac07
/Users/mac24/a/projects/fotos/keep/images/familyHistory/OldPhotos,1951Dody&Phil.jpg,-,-,-,734284,-,-,1504x1258,-,-,46a520baf3274a59f1078fe2392a2d1e
/Users/mac24/a/projects/fotos/keep/images/familyHistory/OldPhotos,1957PhilBarbInkyRodDodyDickJim.jpg,-,2003-12-30 00:25:14,-,635063,-,-,974x1229,-,HP PhotoSmart 618 (V1.1),1f35cd21790a8b226ee1b8c6f08e85ed
/Users/mac24/a/projects/fotos/keep/images/familyHistory/OldPhotos,DorthyRoderick.jpg,-,-,-,2044999,-,-,1641x927,-,-,186c7f09525d9d5c2b2651702f3f6aed
/Users/mac24/a/projects/fotos/keep/images/familyHistory/OldPhotos,GRIMESFAMILY1954.jpg,2009-10-11 22:33:18,2001-08-24 11:59:50,-,1056896,-,-,1600x1097,-,HP PhotoSmart 618 (V1.10),2b684f9f625f832da564666eadb331c2
/Users/mac24/a/projects/fotos/keep/images/familyHistory/video,dad_Barb_jim_phil_ruth_deb.mp4,2018-12-29 03:04:55,-,0:45:24,552805882,-,-,640x480,-,-,8c1cc2b66ccf4f7d53dd06af9df7d1f7
/Users/mac24/a/projects/fotos/keep/images/familyHistory/video,FleaCircus.mp4,2018-12-30 01:13:29,-,0:02:59,36551434,-,-,640x480,-,-,dbfe3974ece3b8bf429d598593568c3e
/Users/mac24/a/projects/fotos/keep/images/familyHistory/video,JimDebWedding1998.mp4,2018-12-29 17:54:34,-,0:21:58,268029792,-,-,640x480,-,-,bc1d2d5847bd030781afa4aa6660d5de
/Users/mac24/a/projects/fotos/keep/images/familyHistory/video,joshVirgo_brownbelt.mp4,2018-12-29 02:18:08,-,0:33:54,414199108,-,-,640x480,-,-,50a6ce7b34bfedc55f81c1b5f41cbdf8
/Users/mac24/a/projects/fotos/keep/images/familyHistory/video,virgos_1940s1950s.mp4,2018-12-29 17:10:53,-,0:49:06,599644158,-,-,640x480,-,-,bc7a6afc9f607904388be7e3d937a1e7
/Users/mac24/a/projects/fotos/keep/images/familyHistory/video,Virgos_1994.mp4,2018-12-29 05:02:49,-,1:18:48,957984776,-,-,640x480,-,-,4b75a3131ec1dbb4815dfb004ecf4f8d
/Users/mac24/a/projects/fotos/keep/images/familyHistory/video,virgos1997.mp4,2018-12-30 00:37:07,-,1:08:01,824878217,-,-,640x480,-,-,4e21e9302f799d634d18afdf2780cd81
/Users/mac24/a/projects/fotos/keep/images/familyHistory/video,virtualtipsnook on 2020-04-24 22:56.mp4,0000:00:00 00:00:00,-,0:28:13,492797450,-,-,1280x720,-,-,3765d4084f402186df4a71de3a6e1b09
/Users/mac24/a/projects/fotos/keep/images/googleDrive_imac2021,oneMoon.png,-,-,-,92168,-,-,960x724,-,-,a8fc1ac21b71bc949911918f7f4a4cfb
/Users/mac24/a/projects/fotos/keep/images/googleDrive_imac2021,Untitled_Artwork 1.png,-,-,-,11812487,-,-,2480x3508,-,-,23942b245d9db818db687b4f75868aea
/Users/mac24/a/projects/fotos/keep/images/googleDrive_imac2021,Untitled_Artwork 2.png,-,-,-,8434239,-,-,2480x3508,-,-,8d4fcf98b81ad8bb069eb9ceb3b0b7a4
/Users/mac24/a/projects/fotos/keep/images/googleDrive_imac2021,Untitled_Artwork 3.png,-,-,-,2029148,-,-,1315x549,-,-,07e3bc1c9cf2bdc8df74170bbbd6a4c3
/Users/mac24/a/projects/fotos/keep/images/googleDrive_imac2021,Untitled_Artwork 4.jpg,-,-,-,1109514,-,-,2732x2048,-,-,c5073e4a696074aa38bb7a4c320a9795
/Users/mac24/a/projects/fotos/keep/images/googleDrive_imac2021,Untitled_Artwork.png,-,-,-,8581394,-,-,2480x3508,-,-,d2bd89014208c67febbc70bbaa51c954
/Users/mac24/a/projects/fotos/keep/images/googleDrive_imac2021/code/js/readLocalFiles/test,stepper-32x32@2x.png,-,-,-,6651,-,-,64x64,-,-,e8e8546f6a11f7ee0e87716c249ad2c2
/Users/mac24/a/projects/fotos/keep/images/googleDrive_imac2021/code/projects/csv (1)/docs,fsm.png,-,-,-,52958,-,-,727x700,-,-,995ca4fac634b0ae7ff340e2776aad67
/Users/mac24/a/projects/fotos/keep/images/googleDrive_imac2021/Job,RHYMIS_Extranet_demo.mov,2014-09-13 02:58:44,-,0:08:13,203536524,-,-,1468x970,-,-,1598244e8053005f08aaca46d52c71f6
/Users/mac24/a/projects/fotos/keep/images/googleDrive_imac2021/learn/bayes/coursera,L-3.mp4,0000:00:00 00:00:00,-,0:07:18,10405109,-,-,640x360,-,-,ef668a8a3355f737e76eddfa5a043af3
/Users/mac24/a/projects/fotos/keep/images/googleDrive_imac2021/learn/bayes/coursera,L7-2.mp4,0000:00:00 00:00:00,-,0:04:51,6673083,-,-,640x360,-,-,da9a9b754047eb5db0f3cec2510be108
/Users/mac24/a/projects/fotos/keep/images/googleDrive_imac2021/learn/bayes/coursera,L7-R-walkThru.mp4,0000:00:00 00:00:00,-,0:12:59,12219802,-,-,640x360,-,-,d73b4c8549454d623ab8023db092dc92
/Users/mac24/a/projects/fotos/keep/images/googleDrive_imac2021/learn/bayes/coursera,L7.1.mp4,0000:00:00 00:00:00,-,0:03:32,4919297,-,-,640x360,-,-,ebb20502d514f15b9aaae71fc4d3e90b
/Users/mac24/a/projects/fotos/keep/images/googleDrive_imac2021/learn/bayes/coursera,L8.mp4,0000:00:00 00:00:00,-,0:08:27,11559828,-,-,640x360,-,-,6d7e42425bc4d5ecb752ef7f151b51c0
/Users/mac24/a/projects/fotos/keep/images/googleDrive_imac2021/learn/bayes/coursera,lesson10-2.mp4,0000:00:00 00:00:00,-,0:03:07,4468911,-,-,640x360,-,-,43bde3f927b1678317b32f81ce412dbc
/Users/mac24/a/projects/fotos/keep/images/googleDrive_imac2021/learn/bayes/coursera,lesson10.mp4,0000:00:00 00:00:00,-,0:03:52,5243877,-,-,640x360,-,-,8ec89d42ab97ad3dbdd101fea319a5e6
/Users/mac24/a/projects/fotos/keep/images/googleDrive_imac2021/learn/bayes/coursera,lesson11_linearRegression_R.mp4,0000:00:00 00:00:00,-,0:17:10,14974779,-,-,640x360,-,-,708750e1dd690f812d2fd27dea82b46b
/Users/mac24/a/projects/fotos/keep/images/googleDrive_imac2021/learn/bayes/coursera,lesson11-1.mp4,0000:00:00 00:00:00,-,0:08:17,10597178,-,-,640x360,-,-,139513f27df14588aac70d0ca5838dc0
/Users/mac24/a/projects/fotos/keep/images/googleDrive_imac2021/learn/bayes/coursera,lesson11-2.mp4,0000:00:00 00:00:00,-,0:03:17,3975357,-,-,640x360,-,-,e1db2ed4985c307caca967c017bf7072
/Users/mac24/a/projects/fotos/keep/images/googleDrive_imac2021/learn/bayes/coursera,lesson9-1.mp4,0000:00:00 00:00:00,-,0:04:03,5097925,-,-,640x360,-,-,9849fbf8a7bb2560c760d3b7e8499b05
/Users/mac24/a/projects/fotos/keep/images/googleDrive_imac2021/learn/bitcoin,lecture1-1-cryptographicHash.mp4,0000:00:00 00:00:00,-,0:18:43,21423962,-,-,640x360,-,-,f3c72ab36409fcd6bc67132fe764a57c
/Users/mac24/a/projects/fotos/keep/images/googleDrive_imac2021/learn/bitcoin,lecture1-2-hashPointers.mp4,0000:00:00 00:00:00,-,0:09:00,11528903,-,-,640x360,-,-,b66bd43ce8480c7e939d36d41c7bd2f0
/Users/mac24/a/projects/fotos/keep/images/googleDrive_imac2021/learn/bitcoin,lecture1-3-digitalSignatures.mp4,0000:00:00 00:00:00,-,0:09:46,9567921,-,-,640x360,-,-,aa893fba493e933f57b0cca1860f14c4
/Users/mac24/a/projects/fotos/keep/images/googleDrive_imac2021/learn/bitcoin,lecture1-4-publicKeyIdentities.mp4,0000:00:00 00:00:00,-,0:05:33,6682741,-,-,640x360,-,-,ecf7be971b7382c9fc6f1fd8506360ec
/Users/mac24/a/projects/fotos/keep/images/googleDrive_imac2021/learn/bitcoin,lecture1-5-simpleCryptoCurrency.mp4,0000:00:00 00:00:00,-,0:14:05,19738883,-,-,640x360,-,-,5e386a735c65bf9339cf72089e88783a
/Users/mac24/a/projects/fotos/keep/images/googleDrive_imac2021/learn/progLang/racket,curry.jpg,-,-,-,8429,-,-,157x193,-,-,1fd5453a5e7cbea2e37ce615368a6ab8
/Users/mac24/a/projects/fotos/keep/images/googleDrive_imac2021/learn/progLang/racket,dan.jpg,-,-,-,16336,-,-,169x185,-,-,8fc523bb331ebf550f53d9d8f550ee92
/Users/mac24/a/projects/fotos/keep/images/googleDrive_imac2021/learn/progLang/racket,dog.jpg,-,-,-,11687,-,-,188x173,-,-,343b9c1ae6e49b65ece3082b7b7aa0b8
/Users/mac24/a/projects/fotos/keep/images/googleDrive_imac2021/learn/progLang/racket,dog2.jpg,-,-,-,12969,-,-,194x156,-,-,edab4ac677585f383903a2971e4633ad
/Users/mac24/a/projects/fotos/keep/images/googleDrive_imac2021/learn/python/py_data_sci/course1_downloads,histo.png,-,-,-,7472,-,-,600x400,-,-,15a3536f5747f8c9f4a6066ad807b73c
/Users/mac24/a/projects/fotos/keep/images/googleDrive_imac2021/learn/python/PythonBooks/inventwithpython,baddie.png,-,-,-,378,-,-,20x20,-,-,b5a49a048b788603b67c4b8b3605a062
/Users/mac24/a/projects/fotos/keep/images/googleDrive_imac2021/learn/python/PythonBooks/inventwithpython,cherry.png,-,-,-,360,-,-,20x20,-,-,64bf0300bdc1c8de86a067647a22fc18
/Users/mac24/a/projects/fotos/keep/images/googleDrive_imac2021/learn/python/PythonBooks/inventwithpython,player.png,-,-,-,913,-,-,40x40,-,-,91c1fc102403014d37e1f31a76483cac
/Users/mac24/a/projects/fotos/keep/images/googleDrive_imac2021/learn/python/ThinkStats2/book,back.png,-,-,-,4440,-,-,48x48,-,-,246d7ba60e41ec0805bb56a318245fee
/Users/mac24/a/projects/fotos/keep/images/googleDrive_imac2021/learn/python/ThinkStats2/book,next.png,-,-,-,4479,-,-,48x48,-,-,05643a8ec892a4f30c757daabe345ad3
/Users/mac24/a/projects/fotos/keep/images/googleDrive_imac2021/learn/python/ThinkStats2/book,up.png,-,-,-,4426,-,-,48x48,-,-,ca100310c9d43a2e3f563542e39b5947
/Users/mac24/a/projects/fotos/keep/images/googleDrive_imac2021/learn/python/ThinkStats2/book/figs,actual_speeds.png,-,-,-,140763,-,-,2400x1800,-,-,81abdc98de0bc19f4a2415cb83e4cbbf
/Users/mac24/a/projects/fotos/keep/images/googleDrive_imac2021/learn/python/ThinkStats2/book/figs,age_scatter.png,-,-,-,303469,-,-,2400x1800,-,-,0196b55771151d05a1d8a9a9784fd72d
/Users/mac24/a/projects/fotos/keep/images/googleDrive_imac2021/learn/python/ThinkStats2/book/figs,bq_cdf.png,-,-,-,44745,-,-,800x600,-,-,3b3367c29779aa8f500290ce778345d8
/Users/mac24/a/projects/fotos/keep/images/googleDrive_imac2021/learn/python/ThinkStats2/book/figs,bq_cdf1.png,-,-,-,43578,-,-,800x600,-,-,e4f12a5bcb8252ae436042de4cc642c9
/Users/mac24/a/projects/fotos/keep/images/googleDrive_imac2021/learn/python/ThinkStats2/book/figs,bq_cdf2.png,-,-,-,38110,-,-,800x600,-,-,44f0ae40345df79fa4e8aa1f33d41186
/Users/mac24/a/projects/fotos/keep/images/googleDrive_imac2021/learn/python/ThinkStats2/book/figs,bq_gap1.png,-,-,-,241673,-,-,2400x1800,-,-,fea5b5f2fc77d363d6996562aaaaba69
/Users/mac24/a/projects/fotos/keep/images/googleDrive_imac2021/learn/python/ThinkStats2/book/figs,bq_gap2.png,-,-,-,245360,-,-,2400x1800,-,-,5496418efbca882c5931448d6d1810be
/Users/mac24/a/projects/fotos/keep/images/googleDrive_imac2021/learn/python/ThinkStats2/book/figs,brfss_change.png,-,-,-,23626,-,-,800x600,-,-,9b99b699684ffa3576cddada2e22be34
/Users/mac24/a/projects/fotos/keep/images/googleDrive_imac2021/learn/python/ThinkStats2/book/figs,brfss_change2.png,-,-,-,29333,-,-,800x600,-,-,2c3c87c0689beee8313005d471fddae0
/Users/mac24/a/projects/fotos/keep/images/googleDrive_imac2021/learn/python/ThinkStats2/book/figs,brfss_scatter.png,-,-,-,305811,-,-,800x600,-,-,bda649c1692b870f73ca4d7ff0aafb92
/Users/mac24/a/projects/fotos/keep/images/googleDrive_imac2021/learn/python/ThinkStats2/book/figs,conditional.png,-,-,-,60043,-,-,800x600,-,-,8fcfe598a5c0b40e2f54fee91d598583
/Users/mac24/a/projects/fotos/keep/images/googleDrive_imac2021/learn/python/ThinkStats2/book/figs,Correlation_examples.png,-,-,-,15745,-,-,824x346,-,-,e69227d959b35b12f69b363c678df786
/Users/mac24/a/projects/fotos/keep/images/googleDrive_imac2021/learn/python/ThinkStats2/book/figs,correlation.png,-,-,-,17400,-,-,459x185,-,-,527cbeca6d5ab2127118ace7d469b087
/Users/mac24/a/projects/fotos/keep/images/googleDrive_imac2021/learn/python/ThinkStats2/book/figs,distribution_functions.png,-,-,-,34258,-,-,2250x1000,-,-,ce49766c3d324a1709e3228b9e73f7d5
/Users/mac24/a/projects/fotos/keep/images/googleDrive_imac2021/learn/python/ThinkStats2/book/figs,example_cdf.png,-,-,-,58604,-,-,2400x1800,-,-,09b08fa4eb0e5c755b440c4e7f7fe159
/Users/mac24/a/projects/fotos/keep/images/googleDrive_imac2021/learn/python/ThinkStats2/book/figs,expo_cdf.png,-,-,-,89930,-,-,2400x1800,-,-,6a373743d8fa0072f2ff10f247178a80
/Users/mac24/a/projects/fotos/keep/images/googleDrive_imac2021/learn/python/ThinkStats2/book/figs,heri1.png,-,-,-,49877,-,-,800x600,-,-,791f770e9a04923b039950cd3e1c3e67
/Users/mac24/a/projects/fotos/keep/images/googleDrive_imac2021/learn/python/ThinkStats2/book/figs,heri2.png,-,-,-,42000,-,-,800x600,-,-,46598bce19fc965e0ee7f04f7da71553
/Users/mac24/a/projects/fotos/keep/images/googleDrive_imac2021/learn/python/ThinkStats2/book/figs,heri3.png,-,-,-,54718,-,-,800x600,-,-,c3066fe2249e9b873204d3b9343778ec
/Users/mac24/a/projects/fotos/keep/images/googleDrive_imac2021/learn/python/ThinkStats2/book/figs,income_loglog.png,-,-,-,17135,-,-,800x600,-,-,a95d04b67c0d493e8846249c33093cf1
/Users/mac24/a/projects/fotos/keep/images/googleDrive_imac2021/learn/python/ThinkStats2/book/figs,income_logx.png,-,-,-,15178,-,-,800x600,-,-,1701f9e6906ce05e530b4fa007f98406
/Users/mac24/a/projects/fotos/keep/images/googleDrive_imac2021/learn/python/ThinkStats2/book/figs,interarrivals_logy.png,-,-,-,84112,-,-,2400x1800,-,-,9efa64a50494fe5355ab05eab527fb70
/Users/mac24/a/projects/fotos/keep/images/googleDrive_imac2021/learn/python/ThinkStats2/book/figs,interarrivals_model.png,-,-,-,101006,-,-,2400x1800,-,-,b7a028055af79e8a397591c9956ece54
/Users/mac24/a/projects/fotos/keep/images/googleDrive_imac2021/learn/python/ThinkStats2/book/figs,interarrivals.png,-,-,-,77576,-,-,2400x1800,-,-,e0f9cda5a0e664e194be00a41eba6c7a
/Users/mac24/a/projects/fotos/keep/images/googleDrive_imac2021/learn/python/ThinkStats2/book/figs,length_analytic_deltas_cdf.png,-,-,-,43951,-,-,800x600,-,-,13c94f6778fa9598c035522e095ebb34
/Users/mac24/a/projects/fotos/keep/images/googleDrive_imac2021/learn/python/ThinkStats2/book/figs,length_deltas_cdf.png,-,-,-,116199,-,-,2400x1800,-,-,a6774324295adf0ee628a1833e1ee978
/Users/mac24/a/projects/fotos/keep/images/googleDrive_imac2021/learn/python/ThinkStats2/book/figs,locomotive.png,-,-,-,150800,-,-,2400x1800,-,-,6abdc456fc15109acfff0c20abd8af0f
/Users/mac24/a/projects/fotos/keep/images/googleDrive_imac2021/learn/python/ThinkStats2/book/figs,marathon_cdf.png,-,-,-,141522,-,-,2400x1800,-,-,09109a0ededba10c1fba2c4b577dd7d1
/Users/mac24/a/projects/fotos/keep/images/googleDrive_imac2021/learn/python/ThinkStats2/book/figs,marathon_pmf.png,-,-,-,267403,-,-,2400x1800,-,-,b61eec2a6d63b6f764c0c6a9fbdb7e9f
/Users/mac24/a/projects/fotos/keep/images/googleDrive_imac2021/learn/python/ThinkStats2/book/figs,nlsy_scatter.png,-,-,-,1726,-,-,500x400,-,-,870cfacb1d50efb628bbaac2a40647de
/Users/mac24/a/projects/fotos/keep/images/googleDrive_imac2021/learn/python/ThinkStats2/book/figs,nnsfg_birthwgt_model.png,-,-,-,1726,-,-,500x400,-,-,870cfacb1d50efb628bbaac2a40647de
/Users/mac24/a/projects/fotos/keep/images/googleDrive_imac2021/learn/python/ThinkStats2/book/figs,normal_cdf.png,-,-,-,89388,-,-,2400x1800,-,-,b38c3c2bf3cba6cd419695df707c5a49
/Users/mac24/a/projects/fotos/keep/images/googleDrive_imac2021/learn/python/ThinkStats2/book/figs,nsfg_age_cdf.png,-,-,-,136970,-,-,2400x1800,-,-,ad3dee37f4a0db8f1c3fc6ca5e8f792c
/Users/mac24/a/projects/fotos/keep/images/googleDrive_imac2021/learn/python/ThinkStats2/book/figs,nsfg_birthwgt_cdf.png,-,-,-,113835,-,-,2400x1800,-,-,d7d4616b8d73d108bdf85034f2168f28
/Users/mac24/a/projects/fotos/keep/images/googleDrive_imac2021/learn/python/ThinkStats2/book/figs,nsfg_birthwgt_lognormal.png,-,-,-,1726,-,-,500x400,-,-,870cfacb1d50efb628bbaac2a40647de
/Users/mac24/a/projects/fotos/keep/images/googleDrive_imac2021/learn/python/ThinkStats2/book/figs,nsfg_birthwgt_model.png,-,-,-,109314,-,-,2400x1800,-,-,906dcdb3baccb24fe66b2bd1c814119b
/Users/mac24/a/projects/fotos/keep/images/googleDrive_imac2021/learn/python/ThinkStats2/book/figs,nsfg_birthwgt_normal.png,-,-,-,93211,-,-,2400x1800,-,-,a619770882df31739375d283044b4fdd
/Users/mac24/a/projects/fotos/keep/images/googleDrive_imac2021/learn/python/ThinkStats2/book/figs,nsfg_birthwgt_pmf.png,-,-,-,128530,-,-,2400x1800,-,-,7b2ca1dd7d82d893a2cca97f0143485d
/Users/mac24/a/projects/fotos/keep/images/googleDrive_imac2021/learn/python/ThinkStats2/book/figs,nsfg_diffs.png,-,-,-,78007,-,-,2400x1800,-,-,673bdc862375726a65cd48e09904bc07
/Users/mac24/a/projects/fotos/keep/images/googleDrive_imac2021/learn/python/ThinkStats2/book/figs,nsfg_hist.png,-,-,-,94575,-,-,2400x1800,-,-,5f5c6cd180c55a24fddf609fd9f2b667
/Users/mac24/a/projects/fotos/keep/images/googleDrive_imac2021/learn/python/ThinkStats2/book/figs,nsfg_oz_pmf.png,-,-,-,29871,-,-,800x600,-,-,ed51cfc6380f6948d4e32a8c73a14fbc
/Users/mac24/a/projects/fotos/keep/images/googleDrive_imac2021/learn/python/ThinkStats2/book/figs,nsfg_pmf.png,-,-,-,81247,-,-,2400x1800,-,-,78b6e4a128b15f29ccdd3167fab9b786
/Users/mac24/a/projects/fotos/keep/images/googleDrive_imac2021/learn/python/ThinkStats2/book/figs,nsfg_ratios.png,-,-,-,1726,-,-,500x400,-,-,870cfacb1d50efb628bbaac2a40647de
/Users/mac24/a/projects/fotos/keep/images/googleDrive_imac2021/learn/python/ThinkStats2/book/figs,observed_speeds.png,-,-,-,146953,-,-,2400x1800,-,-,f83c6cf0ad15999d06093e8f613c9309
/Users/mac24/a/projects/fotos/keep/images/googleDrive_imac2021/learn/python/ThinkStats2/book/figs,pareto_cdf.png,-,-,-,83441,-,-,2400x1800,-,-,f7665d22d8b434ba5d27ab6fd3b4f2e5
/Users/mac24/a/projects/fotos/keep/images/googleDrive_imac2021/learn/python/ThinkStats2/book/figs,pareto_height.png,-,-,-,90763,-,-,2400x1800,-,-,edc50084c60bc3a5a26cd03192b4b5d6
/Users/mac24/a/projects/fotos/keep/images/googleDrive_imac2021/learn/python/ThinkStats2/book/figs,populations_loglog.png,-,-,-,134904,-,-,2400x1800,-,-,0cddd9f1fa732fdbc95b9b15912e296c
/Users/mac24/a/projects/fotos/keep/images/googleDrive_imac2021/learn/python/ThinkStats2/book/figs,populations_logx.png,-,-,-,116271,-,-,2400x1800,-,-,de0daaada0d7a0663a3b762eb19e377f
/Users/mac24/a/projects/fotos/keep/images/googleDrive_imac2021/learn/python/ThinkStats2/book/figs,populations_rankit.png,-,-,-,88477,-,-,2400x1800,-,-,5fcb248e3545aa847c31e442d83b08c3
/Users/mac24/a/projects/fotos/keep/images/googleDrive_imac2021/learn/python/ThinkStats2/book/figs,populations.png,-,-,-,107109,-,-,2400x1800,-,-,c81e36111dc625ef4ce1ccf8827f8ff7
/Users/mac24/a/projects/fotos/keep/images/googleDrive_imac2021/learn/python/ThinkStats2/book/figs,posteriors.png,-,-,-,21910,-,-,500x400,-,-,0f909aca3a5cdd7002308ee7b5c9b41f
/Users/mac24/a/projects/fotos/keep/images/googleDrive_imac2021/learn/python/ThinkStats2/book/figs,race_predictor1.png,-,-,-,61789,-,-,800x600,-,-,86ab618e4ca9a755f0fb50b6aa9c1345
/Users/mac24/a/projects/fotos/keep/images/googleDrive_imac2021/learn/python/ThinkStats2/book/figs,race_predictor2.png,-,-,-,68671,-,-,800x600,-,-,c207336bb803935a836dda93567f99a6
/Users/mac24/a/projects/fotos/keep/images/googleDrive_imac2021/learn/python/ThinkStats2/book/figs,race_predictor3.png,-,-,-,44674,-,-,800x600,-,-,5a4fe5b08ff9768a63a00fb8186e88cb
/Users/mac24/a/projects/fotos/keep/images/googleDrive_imac2021/learn/python/ThinkStats2/book/figs,race_predictor4.png,-,-,-,233782,-,-,2400x1800,-,-,b9812b97beebbca5cc58f827fa13944a
/Users/mac24/a/projects/fotos/keep/images/googleDrive_imac2021/learn/python/ThinkStats2/book/figs,relay_normal.png,-,-,-,24553,-,-,800x600,-,-,870ff11494c8075ac6f11c2c23d12b74
/Users/mac24/a/projects/fotos/keep/images/googleDrive_imac2021/learn/python/ThinkStats2/book/figs,resample_cdf.png,-,-,-,32413,-,-,800x600,-,-,efbe6f52a71d359e912a3eebe5a9bfe1
/Users/mac24/a/projects/fotos/keep/images/googleDrive_imac2021/learn/python/ThinkStats2/book/figs,resampled_delta_cdf.png,-,-,-,20957,-,-,500x400,-,-,d2bb1b7a1d33e434a37f76f2e24166db
/Users/mac24/a/projects/fotos/keep/images/googleDrive_imac2021/learn/python/ThinkStats2/book/figs,scatter1.png,-,-,-,195259,-,-,2400x1800,-,-,72ba24e59b0f69449170676f5f43c788
/Users/mac24/a/projects/fotos/keep/images/googleDrive_imac2021/learn/python/ThinkStats2/book/figs,scatter2.png,-,-,-,252515,-,-,2400x1800,-,-,928cf1dd6d17b30d82436b8edf9d7fb9
/Users/mac24/a/projects/fotos/keep/images/googleDrive_imac2021/learn/python/ThinkStats2/book/figs,scatter3.png,-,-,-,298679,-,-,2400x1800,-,-,5c953d263ea0e10a69b3df29e6e67d79
/Users/mac24/a/projects/fotos/keep/images/googleDrive_imac2021/learn/python/ThinkStats2/book/figs,scatter4.png,-,-,-,264307,-,-,2400x1800,-,-,61f4bc92b8842b36830892c45e942875
/Users/mac24/a/projects/fotos/keep/images/googleDrive_imac2021/learn/python/ThinkStats2/book/figs,sigma.png,-,-,-,34870,-,-,800x600,-,-,85108a2677a5b93fa8d87cc9a22351d5
/Users/mac24/a/projects/fotos/keep/images/googleDrive_imac2021/learn/python/ThinkStats2/book/figs,slashdot.loglog.png,-,-,-,26498,-,-,800x600,-,-,20d9f21d05e6187f5f4d14604d8aee86
/Users/mac24/a/projects/fotos/keep/images/googleDrive_imac2021/learn/python/ThinkStats2/book/figs,slashdot.logx.png,-,-,-,119478,-,-,2400x1800,-,-,7abdb329ea89b3dcd857a4c2f8e7d2a1
/Users/mac24/a/projects/fotos/keep/images/googleDrive_imac2021/learn/python/ThinkStats2/book/figs,survival1.png,-,-,-,147952,-,-,2400x1800,-,-,62392be4529d06cd5f55d79102527946
/Users/mac24/a/projects/fotos/keep/images/googleDrive_imac2021/learn/python/ThinkStats2/book/figs,survival2.png,-,-,-,199296,-,-,2400x1800,-,-,20e730d4076a98610f3a415988ff218f
/Users/mac24/a/projects/fotos/keep/images/googleDrive_imac2021/learn/python/ThinkStats2/book/figs,survival3.png,-,-,-,127702,-,-,2400x1800,-,-,0c935c6b663ec337589d8dd9c7c617ef
/Users/mac24/a/projects/fotos/keep/images/googleDrive_imac2021/learn/python/ThinkStats2/book/figs,survival4.png,-,-,-,475055,-,-,2400x1800,-,-,1a9a5314381735c8718bc541ba3e220a
/Users/mac24/a/projects/fotos/keep/images/googleDrive_imac2021/learn/python/ThinkStats2/book/figs,survival5.png,-,-,-,436296,-,-,2400x1800,-,-,f763c83f598cba8723e698d9c69b8e35
/Users/mac24/a/projects/fotos/keep/images/googleDrive_imac2021/learn/python/ThinkStats2/book/figs,survival6.png,-,-,-,214954,-,-,4200x1800,-,-,fd1ea73874dd61fe0db702a31506c096
/Users/mac24/a/projects/fotos/keep/images/googleDrive_imac2021/learn/python/ThinkStats2/book/figs,weight_deltas_cdf.png,-,-,-,23891,-,-,500x400,-,-,6efbbb3c089b3b3693d881d8c7acdd4d
/Users/mac24/a/projects/fotos/keep/images/googleDrive_imac2021/myStuff/things/inventory,20090121newSofa.jpg,2009-01-21 11:21:19,2009-01-21 11:21:20,-,503914,-,-,3008x2000,-,NIKON D40,9e458722b1bc03d7fde750dc332b764c
/Users/mac24/a/projects/fotos/keep/images/googleDrive_imac2021/myStuff/things/inventory,pennies1862to1909.jpg,2009-01-25 12:26:15,2009-01-25 12:26:16,-,677972,-,-,2961x1071,-,NIKON D40,c4be9047959da3b2d98a655c285a75c5
/Users/mac24/a/projects/fotos/keep/images/googleDrive_imac2021/myStuff/things/inventory,pennies1941to1974.jpg,2008-11-18 21:33:39,2008-11-18 21:33:39,-,387699,-,-,1951x914,-,NIKON D40,eed8f0909c2bdee7875ca50bb6ac8baa
/Users/mac24/a/projects/fotos/keep/images/googleDrive_imac2021/programming/RHYMIS/apps/UML,fedxfer.class.png,-,-,-,146521,-,-,1050x1220,-,-,001f49261972a6a0072498a26c9b325b
/Users/mac24/a/projects/fotos/keep/images/googleDrive_imac2021/programming/RHYMIS/apps/UML,fedxfer.comply.class.png,-,-,-,69008,-,-,1070x790,-,-,2ce34ee3bacd2a7f3a39160f3a414e83
/Users/mac24/a/projects/fotos/keep/images/googleDrive_imac2021/programming/RHYMIS/apps/UML,fedxfer.db1.class.png,-,-,-,80916,-,-,1020x800,-,-,1bff3890923c699c2ecd230e0ca4ffc4
/Users/mac24/a/projects/fotos/keep/images/googleDrive_imac2021/programming/RHYMIS/apps/UML,fedxfer.db2.class.png,-,-,-,119921,-,-,870x1460,-,-,cbf0701feffb84d33455d9ac271f82e1
/Users/mac24/a/projects/fotos/keep/images/googleDrive_imac2021/programming/RHYMIS/apps/UML,rhyIntegrate.control.class.png,-,-,-,92226,-,-,930x870,-,-,9e5a75f02e569199de2985c6d68006c4
/Users/mac24/a/projects/fotos/keep/images/googleDrive_imac2021/programming/RHYMIS/apps/UML,rhyIntegrate.db.class.png,-,-,-,108643,-,-,850x970,-,-,f9793da56d85c5f792939e45f9982d24
/Users/mac24/a/projects/fotos/keep/images/googleDrive_imac2021/programming/RHYMIS/apps/UML,rhyIntegrate.qc.class.png,-,-,-,63617,-,-,850x720,-,-,5217e2aeedb3fac6f70182e835f0cdd3
/Users/mac24/a/projects/fotos/keep/images/googleDrive_imac2021/programming/RHYMIS/apps/UML,rhyIntegrate.utils.class.png,-,-,-,19721,-,-,570x440,-,-,b6d817173cc8b52d0d06fdebee650551
/Users/mac24/a/projects/fotos/keep/images/googleDrive_imac2021/programming/RHYMIS/grants,Grants_Entities_20140401.png,-,-,-,35394,-,-,788x1001,-,-,24361e8786c9858f04db0a556fcaa2b0
/Users/mac24/a/projects/fotos/keep/images/googleDrive_imac2021/programming/RHYMIS/grants,Grants_Entities_20140402.png,-,-,-,38764,-,-,788x1001,-,-,6c5e751f9826ba52fbd5931afdafdce3
/Users/mac24/a/projects/fotos/keep/images/macbook2012,pwv20131204.jpg,-,-,-,69606,-,-,399x572,-,-,46a0b82201dc63015ee651090cb3e5a9
/Users/mac24/a/projects/fotos/keep/images/macbook2012/code/android,land-1024x600-mdpi.png,-,-,-,79373,-,-,1024x600,-,-,eade706b084d3705f08cdbd10e2866f0
/Users/mac24/a/projects/fotos/keep/images/macbook2012/code/android,land-480x800-hdpi.png,-,-,-,83912,-,-,800x480,-,-,c73b927e07bdf0e0e136a61e4a8efb3c
/Users/mac24/a/projects/fotos/keep/images/macbook2012/code/android,OneMoon.png,-,-,-,121990,-,-,720x1280,-,-,25d85b04cef19233010d1d3062d5ca6e
/Users/mac24/a/projects/fotos/keep/images/macbook2012/code/android,port-2560x1600-xhdpi.png,-,-,-,355128,-,-,1600x2560,-,-,72f676e94575bcfdd0a579780aae9988
/Users/mac24/a/projects/fotos/keep/images/macbook2012/code/android,port-320x480-mdpi.png,-,-,-,58905,-,-,320x480,-,-,379e7730b6d399208ebe70fd5b240e17
/Users/mac24/a/projects/fotos/keep/images/macbook2012/code/android/OneMoon,ic_launcher-web.png,-,-,-,65870,-,-,512x512,-,-,eb367fda87c3da7ff9e911411061af56
/Users/mac24/a/projects/fotos/keep/images/macbook2012/code/android/OneMoon/bin/res/crunch/drawable-hdpi,ic_launcher.png,-,-,-,5940,-,-,72x72,-,-,907cc348977594a9be37f3e4325e1452
/Users/mac24/a/projects/fotos/keep/images/macbook2012/code/android/OneMoon/bin/res/crunch/drawable-mdpi,ic_launcher.png,-,-,-,3398,-,-,48x48,-,-,1a3531409c7189602eccdd19a23482e0
/Users/mac24/a/projects/fotos/keep/images/macbook2012/code/android/OneMoon/bin/res/crunch/drawable-mdpi,one_moon.png,-,-,-,69437,-,-,960x724,-,-,f782a49261b37a134baa48ce9381676c
/Users/mac24/a/projects/fotos/keep/images/macbook2012/code/android/OneMoon/bin/res/crunch/drawable-mdpi,wasok.png,-,-,-,94196,-,-,724x960,-,-,e95514faca05c0ee21483d3df691492d
/Users/mac24/a/projects/fotos/keep/images/macbook2012/code/android/OneMoon/bin/res/crunch/drawable-xhdpi,ic_launcher.png,-,-,-,8708,-,-,96x96,-,-,9b537893f997a64ef79f3c31647e5296
/Users/mac24/a/projects/fotos/keep/images/macbook2012/code/android/OneMoon/bin/res/crunch/drawable-xxhdpi,ic_launcher.png,-,-,-,14817,-,-,144x144,-,-,1905bac3c6ac0b0f8ea5c0e670d02358
/Users/mac24/a/projects/fotos/keep/images/macbook2012/code/android/OneMoon/res/drawable-hdpi,ic_launcher.png,-,-,-,5835,-,-,72x72,-,-,908b88cc3bc7e85a09882d43b5471ae0
/Users/mac24/a/projects/fotos/keep/images/macbook2012/code/android/OneMoon/res/drawable-mdpi,ic_launcher.png,-,-,-,3393,-,-,48x48,-,-,47f040db2dce607be7c02014ffa088c5
/Users/mac24/a/projects/fotos/keep/images/macbook2012/code/android/OneMoon/res/drawable-mdpi,one_moon.png,-,-,-,92168,-,-,960x724,-,-,a8fc1ac21b71bc949911918f7f4a4cfb
/Users/mac24/a/projects/fotos/keep/images/macbook2012/code/android/OneMoon/res/drawable-mdpi,wasok.png,-,-,-,111404,-,-,724x960,-,-,5a9f10a88a979dcc2720cc795c09f069
/Users/mac24/a/projects/fotos/keep/images/macbook2012/code/android/OneMoon/res/drawable-xhdpi,ic_launcher.png,-,-,-,8121,-,-,96x96,-,-,7c04acf36a81ce9ea94dadf7fef306d7
/Users/mac24/a/projects/fotos/keep/images/macbook2012/code/android/OneMoon/res/drawable-xxhdpi,ic_launcher.png,-,-,-,13596,-,-,144x144,-,-,6096415b139fc39c5a54e03594c66ce2
/Users/mac24/a/projects/fotos/keep/images/macbook2012/code/python,xxx.png,-,-,-,18715,-,-,800x600,-,-,8042ccb8f14438ce729d4aab8fb88fdf
/Users/mac24/a/projects/fotos/keep/images/macbook2012/code/python/pandas-cookbook/cookbook/images,function-completion.png,-,-,-,11371,-,-,338x210,-,-,0fe927dcb10ca3e0c378454c95b116ae
/Users/mac24/a/projects/fotos/keep/images/macbook2012/code/python/pandas-cookbook/cookbook/images,tab-4-times.png,-,-,-,41786,-,-,1281x242,-,-,ff4541adbe1b44e5d4e8592bc0c5c5d0
/Users/mac24/a/projects/fotos/keep/images/macbook2012/code/python/pandas-cookbook/cookbook/images,tab-once.png,-,-,-,16370,-,-,849x166,-,-,f6df830beda14c02fd269f0f0e35a79b
/Users/mac24/a/projects/fotos/keep/images/macbook2012/code/python/pandas-cookbook/cookbook/images,tab-twice.png,-,-,-,34769,-,-,844x282,-,-,0fd276268e1b420d30b0c1370855f80f
/Users/mac24/a/projects/fotos/keep/images/macbook2012/code/r/stats/RhyBCP_Recidivism,RplotAbuse.png,-,-,-,30311,-,-,897x454,-,-,f1a85673fb1e7fa4af2b8fb22a0a1103
/Users/mac24/a/projects/fotos/keep/images/macbook2012/code/r/stats/RhyBCP_Recidivism,RplotDrugs.png,-,-,-,31772,-,-,897x454,-,-,502e3d6fd5385222d1917ed1a1e94c3c
/Users/mac24/a/projects/fotos/keep/images/macbook2012/code/r/stats/RhyBCP_Recidivism,RplotFoster.png,-,-,-,29326,-,-,897x454,-,-,a0a29fba6f3368b42c03ce011bb8c29d
/Users/mac24/a/projects/fotos/keep/images/macbook2012/code/r/stats/RhyBCP_Recidivism,RplotGender.png,-,-,-,31084,-,-,690x454,-,-,78606938aa036ea4843412b03c47d5ee
/Users/mac24/a/projects/fotos/keep/images/macbook2012/code/r/stats/RhyBCP_Recidivism,RplotGenderMF.png,-,-,-,29778,-,-,690x454,-,-,8e15275ee34768b0ced2d716e37fe87f
/Users/mac24/a/projects/fotos/keep/images/macbook2012/code/r/stats/RhyBCP_Recidivism,RplotJuvJust.png,-,-,-,29867,-,-,897x454,-,-,2b2d45483936a181286ca4a1a482128d
/Users/mac24/a/projects/fotos/keep/images/macbook2012/code/r/stats/RhyBCP_Recidivism,RplotRace.png,-,-,-,33954,-,-,897x454,-,-,24982591f879df260ddb32073b8811ad
/Users/mac24/a/projects/fotos/keep/images/macbook2012/code/r/stats/RhyBCP_Recidivism,RplotRegion.png,-,-,-,30112,-,-,690x454,-,-,ba598a3623f0880ccd68dc972696a474
/Users/mac24/a/projects/fotos/keep/images/macbook2012/code/r/stats/RhyBCP_Recidivism,RplotSafeExit.png,-,-,-,30395,-,-,897x454,-,-,c6e6c1ea131f6094d33309d0e5a7c3ab
/Users/mac24/a/projects/fotos/keep/images/macbook2012/code/r/stats/RhyBCP_Recidivism,RplotSchool.png,-,-,-,36049,-,-,897x454,-,-,8cb76b42532edeedc871e844b0d8a7ca
/Users/mac24/a/projects/fotos/keep/images/macbook2012/code/r/stats/RhyBCP_Recidivism,RplotSexOrient.png,-,-,-,33431,-,-,897x454,-,-,9c17cca0c653883620bceb8e39443aea
/Users/mac24/a/projects/fotos/keep/images/macbook2012/Dropbox/Camera Uploads,2012-12-09 20.50.33.jpg,2012-12-09 20:50:33,2012-12-09 20:50:33,-,2060495,39.1315,-77.2263333333333,2592x1936,-,iPad,7ab9a12b8cb015c2afaeafe902030fde
/Users/mac24/a/projects/fotos/keep/images/macbook2012/Dropbox/Camera Uploads,2013-01-08 20.33.23.jpg,2013-01-08 20:33:23,2013-01-08 20:33:23,-,2190384,39.1315,-77.2263333333333,2592x1936,-,iPad,f560782e3aa3595a3e52515b8dd760aa
/Users/mac24/a/projects/fotos/keep/images/macbook2012/Dropbox/Camera Uploads,2014-11-07 18.32.55.jpg,-,-,-,75738,-,-,1024x768,-,-,8439b054b22bbb8afd4ef59803c8ceca
/Users/mac24/a/projects/fotos/keep/images/macbook2012/Dropbox/Camera Uploads,2014-11-07 18.32.56.jpg,-,-,-,69972,-,-,1024x768,-,-,939f199c9a3f63897b20dc9a9c229e42
/Users/mac24/a/projects/fotos/keep/images/macbook2012/Dropbox/Camera Uploads,2014-11-07 18.32.57.jpg,-,-,-,67993,-,-,1024x768,-,-,0417ed59ab008d77dcfb5ca19f7dd660
/Users/mac24/a/projects/fotos/keep/images/macbook2012/Dropbox/Camera Uploads,2014-11-07 18.32.58.jpg,-,-,-,50980,-,-,1024x768,-,-,bd42ec7280e110c9360dbd86e5c2c3db
/Users/mac24/a/projects/fotos/keep/images/macbook2012/Dropbox/Camera Uploads,2014-11-07 18.32.59-1.jpg,-,-,-,59171,-,-,1024x768,-,-,3ab8353a800f18814cf632a607975318
/Users/mac24/a/projects/fotos/keep/images/macbook2012/Dropbox/Camera Uploads,2014-11-07 18.32.59-2.jpg,-,-,-,47844,-,-,1024x768,-,-,10dec0ec3408a49cbac21918a5966e29
/Users/mac24/a/projects/fotos/keep/images/macbook2012/Dropbox/Camera Uploads,2014-11-07 18.33.00.jpg,-,-,-,36534,-,-,1024x768,-,-,19886cea001e49379133f78a1f9c4d6c
/Users/mac24/a/projects/fotos/keep/images/macbook2012/Dropbox/Camera Uploads,2014-11-07 18.33.01.jpg,-,-,-,45897,-,-,1024x768,-,-,d254c52a01fc1ce2f078288c79eeba66
/Users/mac24/a/projects/fotos/keep/images/macbook2012/Dropbox/Camera Uploads,2014-11-22 11.18.53.png,-,-,-,2645205,-,-,1536x2048,-,-,90dc3f0d9e5a00470f1323a54f2eecb1
/Users/mac24/a/projects/fotos/keep/images/macbook2012/Dropbox/Camera Uploads,2014-12-16 16.26.46.jpg,2014-12-16 16:26:46,2014-12-16 16:26:46,-,126375,39.1315388888889,-77.2262277777778,480x480,iPad front camera 1.85mm f/2.4,iPad,99d39cc4d7a6d0c8f09b668dd634fe31
/Users/mac24/a/projects/fotos/keep/images/macbook2012/Dropbox/Camera Uploads,2015-02-10 12.53.59.png,-,-,-,5832394,-,-,1536x2048,-,-,ce27d85ab71dcee345a9acf475d301ab
/Users/mac24/a/projects/fotos/keep/images/macbook2012/Dropbox/Camera Uploads,2015-10-04 09.03.54.jpg,2015-10-04 09:03:54,2015-10-04 09:03:54,-,578817,-,-,720x1280,-,SCH-I535,eced012f5b7c13f6cb879f4887eaf82a
/Users/mac24/a/projects/fotos/keep/images/macbook2012/Dropbox/Camera Uploads,2015-11-19 18.59.55.jpg,2015-11-19 18:59:55,2015-11-19 18:59:55,-,1458257,-,-,2592x1936,iPad back camera 4.28mm f/2.4,iPad,6257468cbd9d1bbce1a0ac313e636799
/Users/mac24/a/projects/fotos/keep/images/macbook2012/Dropbox/Camera Uploads,2016-02-06 23.30.50.jpg,2016-02-06 23:30:50,2016-02-06 23:30:50,-,4212753,39.1316679166667,-77.2264559444444,5312x2988,-,LG-H811,e48babbe7d7f898f152540550cab5e76
/Users/mac24/a/projects/fotos/keep/images/macbook2012/Dropbox/Camera Uploads,2016-08-06 09.16.53.jpg,2016-08-06 09:16:53,2016-08-06 09:16:53,-,1469570,-,-,1536x2048,-,SCH-I535,8624549fcb0702e5df95846ca3f9e31d
/Users/mac24/a/projects/fotos/keep/images/macbook2012/Dropbox/Camera Uploads,2016-08-10 17.16.10.jpg,2016-08-10 17:16:10,2016-08-10 17:16:10,-,153162,-,-,640x480,-,SCH-I535,67c96c2ee77369fa14b657f35962f1c6
/Users/mac24/a/projects/fotos/keep/images/macbook2012/Dropbox/Camera Uploads,2018-10-24 14.17.38.jpg,2018-10-24 14:17:38,2018-10-24 14:17:38,-,5535119,-,-,2736x1824,-,DSC-RX100M6,5f9df27ac54e329120d2ae27c530d97f
/Users/mac24/a/projects/fotos/keep/images/macbook2012/Dropbox/Camera Uploads/2011,2011-05-21 01.06.15.jpg,-,-,-,265645,-,-,960x1280,-,SCH-I510,d70124c63dc00194d7f6a56c7420ec06
/Users/mac24/a/projects/fotos/keep/images/macbook2012/Dropbox/Camera Uploads/2011,2011-05-23 12.47.48.jpg,2011-05-23 12:47:48,2011-05-23 12:47:48,-,3444180,-,-,2448x3264,-,SCH-I510,7bb25b57a338767a9015e18dc6d0fea3
/Users/mac24/a/projects/fotos/keep/images/macbook2012/Dropbox/Camera Uploads/2011,2011-05-23 12.52.29.jpg,2011-05-23 12:52:29,2011-05-23 12:52:29,-,3341981,-,-,2448x3264,-,SCH-I510,0c7707aac8e61a98285a39d54113bcd5
/Users/mac24/a/projects/fotos/keep/images/macbook2012/Dropbox/Camera Uploads/2011,2011-05-23 17.31.49.jpg,2011-05-23 17:31:49,2011-05-23 17:31:49,-,2493845,-,-,3264x2448,-,SCH-I510,bdd1a8c2502bae9fcd1163e6fd362521
/Users/mac24/a/projects/fotos/keep/images/macbook2012/Dropbox/Camera Uploads/2011,2011-05-24 12.05.35.jpg,2011-05-24 12:05:35,2011-05-24 12:05:35,-,1493226,-,-,2448x3264,-,SCH-I510,0dd6e02e0bbb93bdbfda43b8ca0fb87a
/Users/mac24/a/projects/fotos/keep/images/macbook2012/Dropbox/Camera Uploads/2011,2011-05-24 12.08.49.jpg,2011-05-24 12:08:49,2011-05-24 12:08:49,-,2453067,-,-,3264x2448,-,SCH-I510,88a0991944195ed580be2b70d658ab45
/Users/mac24/a/projects/fotos/keep/images/macbook2012/Dropbox/Camera Uploads/2011,2011-05-24 12.24.36.jpg,2011-05-24 12:24:36,2011-05-24 12:24:36,-,3227883,-,-,2448x3264,-,SCH-I510,9c7ce9dc9e93f49b68a66b29d8313350
/Users/mac24/a/projects/fotos/keep/images/macbook2012/Dropbox/Camera Uploads/2011,2011-05-24 13.47.35.jpg,2011-05-24 13:47:35,2011-05-24 13:47:35,-,1538063,-,-,3264x2448,-,SCH-I510,5661c15126507b6405e7c7ca1458bbfa
/Users/mac24/a/projects/fotos/keep/images/macbook2012/Dropbox/Camera Uploads/2011,2011-05-24 15.12.14.jpg,2011-05-24 15:12:14,2011-05-24 15:12:14,-,1674440,-,-,2448x3264,-,SCH-I510,29012c3f31a282315c3c37f7b53903b4
/Users/mac24/a/projects/fotos/keep/images/macbook2012/Dropbox/Camera Uploads/2011,2011-05-24 15.12.58.jpg,2011-05-24 15:12:58,2011-05-24 15:12:58,-,3561468,-,-,2448x3264,-,SCH-I510,bccbdd19ba946d140abaebd7c9c47726
/Users/mac24/a/projects/fotos/keep/images/macbook2012/Dropbox/Camera Uploads/2011,2011-05-24 16.14.28.jpg,2011-05-24 16:14:28,2011-05-24 16:14:28,-,1999094,-,-,3264x2448,-,SCH-I510,a4b019faa3d1b15233c8f4d3e840b2bc
/Users/mac24/a/projects/fotos/keep/images/macbook2012/Dropbox/Camera Uploads/2011,2011-05-25 10.54.36.jpg,2011-05-25 10:54:36,2011-05-25 10:54:36,-,3544217,-,-,3264x2448,-,SCH-I510,4656877ac56e5fbb5351b2332df0aa17
/Users/mac24/a/projects/fotos/keep/images/macbook2012/Dropbox/Camera Uploads/2011,2011-05-25 11.12.10.jpg,2011-05-25 11:12:10,2011-05-25 11:12:10,-,3642205,-,-,3264x2448,-,SCH-I510,47c005ae0b365be7cdfa980cf86a66a8
/Users/mac24/a/projects/fotos/keep/images/macbook2012/Dropbox/Camera Uploads/2011,2011-06-04 12.26.42.jpg,2011-06-04 12:26:42,2011-06-04 12:26:42,-,1730336,-,-,3264x2448,-,SCH-I510,25a05338da862cd429584f2acf30136d
/Users/mac24/a/projects/fotos/keep/images/macbook2012/Dropbox/Camera Uploads/2011,2011-06-04 12.27.13.jpg,2011-06-04 12:27:13,2011-06-04 12:27:13,-,3657376,-,-,3264x2448,-,SCH-I510,90aa0b7b1d78bf05d9664fdc7c1d8026
/Users/mac24/a/projects/fotos/keep/images/macbook2012/Dropbox/Camera Uploads/2011,2011-08-06 17.56.02.jpg,2011-08-06 17:56:02,2011-08-06 17:56:02,-,1080526,42.8413888888889,-75.9369444444444,2448x3264,-,SCH-I510,ba9e39c82d9d6d9f4b3360243dc5f135
/Users/mac24/a/projects/fotos/keep/images/macbook2012/Dropbox/Camera Uploads/2011,2011-08-06 17.56.36.jpg,2011-08-06 17:56:36,2011-08-06 17:56:36,-,997575,42.8252777777778,-75.9011111111111,2448x3264,-,SCH-I510,f4ea07d9aa0bc4fede38d20880f4aab3
/Users/mac24/a/projects/fotos/keep/images/macbook2012/Dropbox/Camera Uploads/2011,2011-08-31 19.33.24.jpg,2011-08-31 19:33:24,2011-08-31 19:33:24,-,1151283,39.1238888888889,-77.2291666666667,3264x2448,-,SCH-I510,d8c1c63005d21fed116ebcf730989252
/Users/mac24/a/projects/fotos/keep/images/macbook2012/Dropbox/Camera Uploads/2011,2011-09-12 23.07.24.jpg,2011-09-12 23:07:24,2011-09-12 23:07:24,-,587447,39.1263888888889,-77.2263888888889,3264x2448,-,SCH-I510,7e716c62df677f7433cd2972a299b1a5
/Users/mac24/a/projects/fotos/keep/images/macbook2012/Dropbox/Camera Uploads/2011,2011-09-16 15.12.00.jpg,-,-,-,410887,39.13812,-4294967219.22507,960x1280,-,SCH-I510,464bbb93a3852f2fc07e830e1c461a05
/Users/mac24/a/projects/fotos/keep/images/macbook2012/Dropbox/Camera Uploads/2011,2011-09-20 18.01.31.jpg,2011-09-20 18:01:31,2011-09-20 18:01:31,-,2512305,39.1502777777778,-77.2255555555556,3264x2448,-,SCH-I510,7dc2511c0377662fab1cc2dbd5e5521a
/Users/mac24/a/projects/fotos/keep/images/macbook2012/Dropbox/Camera Uploads/2011,2011-09-20 18.02.34.jpg,2011-09-20 18:02:34,2011-09-20 18:02:34,-,2047642,39.1502777777778,-77.2255555555556,3264x2448,-,SCH-I510,fa90a590c4ce8908244cefa211cee002
/Users/mac24/a/projects/fotos/keep/images/macbook2012/Dropbox/Camera Uploads/2012,2012-06-23 18.31.55.jpg,2012-06-23 18:31:55,2012-06-23 18:31:55,-,277442,39.1291666666667,-77.2261111111111,480x800,-,SCH-I510,f98ae7f21381aa2996872fe8e4b91674
/Users/mac24/a/projects/fotos/keep/images/macbook2012/Dropbox/Camera Uploads/2012,2012-06-23 18.32.55.jpg,2012-06-23 18:32:55,2012-06-23 18:32:55,-,289197,39.1291666666667,-77.2261111111111,800x480,-,SCH-I510,f41743ede80329dc413556ef993b9198
/Users/mac24/a/projects/fotos/keep/images/macbook2012/Dropbox/Camera Uploads/2012,2012-06-23 18.33.07.jpg,2012-06-23 18:33:07,2012-06-23 18:33:07,-,275456,39.1291666666667,-77.2261111111111,480x800,-,SCH-I510,6fa4bf82395b4604f7954be16ea7de87
/Users/mac24/a/projects/fotos/keep/images/macbook2012/Dropbox/Camera Uploads/2012,2012-07-14 14.55.10.jpg,2012-07-14 14:55:10,2012-07-14 14:55:10,-,1874752,39.1315,-77.2263333333333,1936x2592,-,iPad,9d13a08824c1eaf91dcbe2bc9d0debd6
/Users/mac24/a/projects/fotos/keep/images/macbook2012/Dropbox/Camera Uploads/2012,2012-07-16 00.49.32.mp4,0000:00:00 00:00:00,-,22.15 s,9797060,-,-,720x480,-,-,ea8996293f158c8df80432e821b57057
/Users/mac24/a/projects/fotos/keep/images/macbook2012/Dropbox/Camera Uploads/2012,2012-08-18 16.00.00.jpg,2012-08-18 16:00:00,2012-08-18 16:00:00,-,2245162,41.3483333333333,-70.5066666666667,3264x2448,-,SCH-I510,3392beb6884ad5ac73817908778d944d
/Users/mac24/a/projects/fotos/keep/images/macbook2012/Dropbox/Camera Uploads/2013,2013-01-21 14.28.27.jpg,2013-01-21 14:28:27,2013-01-21 14:28:27,-,873911,-,-,2144x1424,AF-S DX VR Zoom-Nikkor 18-55mm f/3.5-5.6G,NIKON D5000,f06a8ec1a546ef948488f8e3ec3ee16e
/Users/mac24/a/projects/fotos/keep/images/macbook2012/Dropbox/Camera Uploads/2013,2013-02-11 01.25.47.jpg,2013-02-11 01:25:47,2013-02-11 01:25:47,-,1271504,-,-,1536x2048,-,SCH-I535,30aca55c94fb682bf2876924802a5b66
/Users/mac24/a/projects/fotos/keep/images/macbook2012/Dropbox/Camera Uploads/2013,2013-02-11 01.31.57.jpg,2013-02-11 01:31:57,2013-02-11 01:31:57,-,641225,-,-,1536x2048,-,SCH-I535,2f832162a1a9ab41f34b38be0b302016
/Users/mac24/a/projects/fotos/keep/images/macbook2012/Dropbox/Camera Uploads/2013,2013-02-11 03.25.41.jpg,2013-02-11 03:25:41,2013-02-11 03:25:41,-,1337393,-,-,2048x1536,-,SCH-I535,40cef8121f934ca99ef554a648e49bdc
/Users/mac24/a/projects/fotos/keep/images/macbook2012/Dropbox/Camera Uploads/2013,2013-02-11 03.49.53.jpg,2013-02-11 03:49:53,2013-02-11 03:49:53,-,728338,-,-,1536x2048,-,SCH-I535,8108bd645d49b8f6a2b693a2e5ef815f
/Users/mac24/a/projects/fotos/keep/images/macbook2012/Dropbox/Camera Uploads/2013,2013-02-11 03.50.37.jpg,2013-02-11 03:50:37,2013-02-11 03:50:37,-,693366,-,-,1536x2048,-,SCH-I535,d5237b12de10f5118f8dfbd699028af4
/Users/mac24/a/projects/fotos/keep/images/macbook2012/Dropbox/Camera Uploads/2013,2013-02-11 03.53.04.jpg,2013-02-11 03:53:04,2013-02-11 03:53:04,-,690704,-,-,1536x2048,-,SCH-I535,865ba35a084905145b9e9105c5c2b710
/Users/mac24/a/projects/fotos/keep/images/macbook2012/Dropbox/Camera Uploads/2013,2013-02-11 05.52.24.jpg,2013-02-11 05:52:24,2013-02-11 05:52:24,-,1291368,-,-,2048x1536,-,SCH-I535,318e3dfe324091a67be637695e8e1339
/Users/mac24/a/projects/fotos/keep/images/macbook2012/Dropbox/Camera Uploads/2013,2013-02-12 09.17.46.jpg,2013-02-12 09:17:46,2013-02-12 09:17:46,-,1610999,-,-,2048x1536,-,SCH-I535,169ab94cc4b0aab2e03fe7f8ce7db68b
/Users/mac24/a/projects/fotos/keep/images/macbook2012/Dropbox/Camera Uploads/2013,2013-02-12 09.20.20.jpg,2013-02-12 09:20:20,2013-02-12 09:20:20,-,1046664,-,-,2048x1536,-,SCH-I535,dccdd06979bcfaccfeb44d5846b4038a
/Users/mac24/a/projects/fotos/keep/images/macbook2012/Dropbox/Camera Uploads/2013,2013-02-12 09.20.27.jpg,2013-02-12 09:20:27,2013-02-12 09:20:27,-,1077886,-,-,2048x1536,-,SCH-I535,64d9a797eecdd8fcaa75fb9268ef6fc0
/Users/mac24/a/projects/fotos/keep/images/macbook2012/Dropbox/Camera Uploads/2013,2013-02-12 09.21.17.jpg,2013-02-12 09:21:17,2013-02-12 09:21:17,-,1272732,-,-,2048x1536,-,SCH-I535,1b4647b802c9c62481f2556f7b99d496
/Users/mac24/a/projects/fotos/keep/images/macbook2012/Dropbox/Camera Uploads/2013,2013-02-12 09.52.14.jpg,2013-02-12 09:52:14,2013-02-12 09:52:14,-,1050847,-,-,2048x1536,-,SCH-I535,628bef7b317e601f9ab18801dc095471
/Users/mac24/a/projects/fotos/keep/images/macbook2012/Dropbox/Camera Uploads/2013,2013-02-12 23.09.06.jpg,-,-,-,1220679,-,-,1536x2048,-,SCH-I535,506ec1340e64808869615c5aa7b110da
/Users/mac24/a/projects/fotos/keep/images/macbook2012/Dropbox/Camera Uploads/2013,2013-02-13 09.04.09.jpg,2013-02-13 09:04:09,2013-02-13 09:04:09,-,901894,-,-,2048x1536,-,SCH-I535,c147e7fb4af8cdaf7463d9cd30200205
/Users/mac24/a/projects/fotos/keep/images/macbook2012/Dropbox/Camera Uploads/2013,2013-02-13 09.04.45.jpg,2013-02-13 09:04:45,2013-02-13 09:04:45,-,706113,-,-,1536x2048,-,SCH-I535,89114fe414f30b57b56d10d23ec2cdd7
/Users/mac24/a/projects/fotos/keep/images/macbook2012/Dropbox/Camera Uploads/2013,2013-02-13 09.38.35.jpg,2013-02-13 09:38:35,2013-02-13 09:38:35,-,1652472,-,-,2048x1536,-,SCH-I535,693ccfbc9a3820db33e137b9987a6ca5
/Users/mac24/a/projects/fotos/keep/images/macbook2012/Dropbox/Camera Uploads/2013,2013-02-13 13.32.27.jpg,2013-02-13 13:32:27,2013-02-13 13:32:27,-,1002649,-,-,2048x1536,-,SCH-I535,c2510be6909aa068fd8059652a06095a
/Users/mac24/a/projects/fotos/keep/images/macbook2012/Dropbox/Camera Uploads/2013,2013-02-13 13.33.16.jpg,2013-02-13 13:33:16,2013-02-13 13:33:16,-,929206,-,-,2048x1536,-,SCH-I535,dd9c6ca27fe87ee72fc1bc38e99017a8
/Users/mac24/a/projects/fotos/keep/images/macbook2012/Dropbox/Camera Uploads/2013,2013-02-13 13.33.26.jpg,2013-02-13 13:33:26,2013-02-13 13:33:26,-,774769,-,-,2048x1536,-,SCH-I535,dc781bb0b848149e445db286ee927435
/Users/mac24/a/projects/fotos/keep/images/macbook2012/Dropbox/Camera Uploads/2013,2013-02-13 13.34.52.jpg,2013-02-13 13:34:52,2013-02-13 13:34:52,-,936338,-,-,2048x1536,-,SCH-I535,a5d7178d1cb454045b41376c631d1e69
/Users/mac24/a/projects/fotos/keep/images/macbook2012/Dropbox/Camera Uploads/2013,2013-02-13 13.37.08.jpg,2013-02-13 13:37:08,2013-02-13 13:37:08,-,910572,-,-,2048x1536,-,SCH-I535,5a01f07208ece74bf002ccd880dba86e
/Users/mac24/a/projects/fotos/keep/images/macbook2012/Dropbox/Camera Uploads/2013,2013-02-13 13.40.22.jpg,2013-02-13 13:40:22,2013-02-13 13:40:22,-,670977,-,-,2048x1536,-,SCH-I535,36997e898ed018ce8088c3f88c5da1db
/Users/mac24/a/projects/fotos/keep/images/macbook2012/Dropbox/Camera Uploads/2013,2013-02-13 13.41.35.jpg,2013-02-13 13:41:35,2013-02-13 13:41:35,-,871105,-,-,2048x1536,-,SCH-I535,e9b13fbf58547ec454e21b1568caa1d9
/Users/mac24/a/projects/fotos/keep/images/macbook2012/Dropbox/Camera Uploads/2013,2013-02-13 13.44.18.jpg,2013-02-13 13:44:18,2013-02-13 13:44:18,-,1180713,-,-,2048x1536,-,SCH-I535,6bab4900bb54fcf97d6ac99c61a27729
/Users/mac24/a/projects/fotos/keep/images/macbook2012/Dropbox/Camera Uploads/2013,2013-02-13 13.47.11.jpg,2013-02-13 13:47:11,2013-02-13 13:47:11,-,773837,-,-,2048x1536,-,SCH-I535,fce00474f9d7bccc809517b2eb3026d1
/Users/mac24/a/projects/fotos/keep/images/macbook2012/Dropbox/Camera Uploads/2013,2013-02-13 13.47.33.jpg,2013-02-13 13:47:33,2013-02-13 13:47:33,-,752819,-,-,2048x1536,-,SCH-I535,8ca932cd58f9556c29ecca45e23ca5a0
/Users/mac24/a/projects/fotos/keep/images/macbook2012/Dropbox/Camera Uploads/2013,2013-02-13 13.48.20.jpg,2013-02-13 13:48:20,2013-02-13 13:48:20,-,776326,-,-,2048x1536,-,SCH-I535,6a3a39fd9949f0e26e5ecbeeff8a82b4
/Users/mac24/a/projects/fotos/keep/images/macbook2012/Dropbox/Camera Uploads/2013,2013-02-13 13.50.29.jpg,2013-02-13 13:50:29,2013-02-13 13:50:29,-,637205,-,-,2048x1536,-,SCH-I535,268d6dd7d0aedcced3c77781b093e6ae
/Users/mac24/a/projects/fotos/keep/images/macbook2012/Dropbox/Camera Uploads/2013,2013-02-13 13.59.10.jpg,2013-02-13 13:59:10,2013-02-13 13:59:10,-,1234935,-,-,1536x2048,-,SCH-I535,eb7ab98e76bf860b328cf32cc99608a9
/Users/mac24/a/projects/fotos/keep/images/macbook2012/Dropbox/Camera Uploads/2013,2013-02-13 14.01.56.jpg,2013-02-13 14:01:56,2013-02-13 14:01:56,-,1099268,-,-,2048x1536,-,SCH-I535,023ad1721213c14f92aac6b92f6399d9
/Users/mac24/a/projects/fotos/keep/images/macbook2012/Dropbox/Camera Uploads/2013,2013-02-14 10.18.27.jpg,2013-02-14 10:18:27,2013-02-14 10:18:27,-,665622,-,-,1536x2048,-,SCH-I535,4c63d6970ad999f8ab0edf7103ff6ad8
/Users/mac24/a/projects/fotos/keep/images/macbook2012/Dropbox/Camera Uploads/2013,2013-02-14 10.18.35.jpg,2013-02-14 10:18:35,2013-02-14 10:18:35,-,1029603,-,-,1536x2048,-,SCH-I535,88dd826455cc2aa4afe8f47f9e9029ed
/Users/mac24/a/projects/fotos/keep/images/macbook2012/Dropbox/Camera Uploads/2013,2013-02-14 10.23.10.jpg,2013-02-14 10:23:10,2013-02-14 10:23:10,-,1188529,-,-,2048x1536,-,SCH-I535,90fd6e535d53a4b41f2853565e6d6e4c
/Users/mac24/a/projects/fotos/keep/images/macbook2012/Dropbox/Camera Uploads/2013,2013-02-28 11.49.26.jpg,2013-02-28 11:49:26,2013-02-28 11:49:26,-,251031,-,-,720x1280,-,SCH-I535,788b93db3be778f8ffa6d308b78841a5
/Users/mac24/a/projects/fotos/keep/images/macbook2012/Dropbox/Camera Uploads/2013,2013-03-02 16.35.56.jpg,2013-03-02 16:35:56,2013-03-02 16:35:56,-,872405,-,-,1536x2048,-,SCH-I535,53825bda58cfb52c7256f53bc51615c5
/Users/mac24/a/projects/fotos/keep/images/macbook2012/Dropbox/Camera Uploads/2013,2013-03-15 12.54.33.jpg,2013-03-15 12:54:33,2013-03-15 12:54:33,-,378844,-,-,720x1280,-,SCH-I535,54ad9241f87b335f724888ab18423194
/Users/mac24/a/projects/fotos/keep/images/macbook2012/Dropbox/Camera Uploads/2013,2013-03-23 18.28.24.jpg,2013-03-23 18:28:24,2013-03-23 18:28:24,-,409863,-,-,720x1280,-,SCH-I535,8261231358f7fe4edb68f492d68ae71d
/Users/mac24/a/projects/fotos/keep/images/macbook2012/Dropbox/Camera Uploads/2013,2013-04-09 15.13.21.jpg,2013-04-09 15:13:21,2013-04-09 15:13:21,-,861505,-,-,2144x1424,AF-S DX VR Zoom-Nikkor 55-200mm f/4-5.6G IF-ED,NIKON D5000,cbbabcf57f16f4cd4ff9dd9ddd50c7fb
/Users/mac24/a/projects/fotos/keep/images/macbook2012/Dropbox/Camera Uploads/2013,2013-04-09 15.15.50.jpg,2013-04-09 15:15:50,2013-04-09 15:15:50,-,650229,-,-,2144x1424,AF-S DX VR Zoom-Nikkor 55-200mm f/4-5.6G IF-ED,NIKON D5000,69b8d9b677dfae1e5a78785b51b986d9
/Users/mac24/a/projects/fotos/keep/images/macbook2012/Dropbox/Camera Uploads/2013,2013-04-14 18.48.51.jpg,2013-04-14 18:48:51,2013-04-14 18:48:51,-,434248,-,-,720x1280,-,SCH-I535,03b10d1b679c346b02d91381b61f3856
/Users/mac24/a/projects/fotos/keep/images/macbook2012/Dropbox/Camera Uploads/2013,2013-04-18 16.50.54.jpg,2013-04-18 16:50:54,2013-04-18 16:50:54,-,2063202,-,-,1536x2048,-,SCH-I535,9d0e0958aea2d36b147ba434ae58e3b8
/Users/mac24/a/projects/fotos/keep/images/macbook2012/Dropbox/Camera Uploads/2013,2013-04-18 16.52.15.jpg,2013-04-18 16:52:15,2013-04-18 16:52:15,-,1649012,-,-,2048x1536,-,SCH-I535,7d5e2ee5c5f0aa7cf92da915642a3fc7
/Users/mac24/a/projects/fotos/keep/images/macbook2012/Dropbox/Camera Uploads/2013,2013-04-21 15.43.11.jpg,2013-04-21 15:43:11,2013-04-21 15:43:11,-,834660,-,-,2048x1536,-,SCH-I535,db6897a7a0be712a2de838cd5652e83b
/Users/mac24/a/projects/fotos/keep/images/macbook2012/Dropbox/Camera Uploads/2013,2013-04-22 18.48.07.jpg,2013-04-22 18:48:07,2013-04-22 18:48:07,-,409735,-,-,720x1280,-,SCH-I535,852e956935539cd66c3231faf2db95b1
/Users/mac24/a/projects/fotos/keep/images/macbook2012/Dropbox/Camera Uploads/2013,2013-04-22 18.53.55.jpg,2013-04-22 18:53:55,2013-04-22 18:53:55,-,371635,-,-,720x1280,-,SCH-I535,d64aeda1217556f8825ff54c4413e00c
/Users/mac24/a/projects/fotos/keep/images/macbook2012/Dropbox/Camera Uploads/2013,2013-04-22 18.54.32.jpg,2013-04-22 18:54:32,2013-04-22 18:54:32,-,378704,-,-,720x1280,-,SCH-I535,3a5f32bd6d643c623c3aebd6a37662bf
/Users/mac24/a/projects/fotos/keep/images/macbook2012/Dropbox/Camera Uploads/2013,2013-04-25 10.36.32.jpg,2013-04-25 10:36:32,2013-04-25 10:36:32,-,626796,-,-,1280x720,-,SCH-I535,a5dfeb0dac6d806d61c80b8ae8728f19
/Users/mac24/a/projects/fotos/keep/images/macbook2012/Dropbox/Camera Uploads/2013,2013-04-25 10.38.14.jpg,2013-04-25 10:38:14,2013-04-25 10:38:14,-,528096,-,-,720x1280,-,SCH-I535,80712157258739f5b174125d517345b0
/Users/mac24/a/projects/fotos/keep/images/macbook2012/Dropbox/Camera Uploads/2013,2013-04-30 19.55.04.jpg,2013-04-30 19:55:04,2013-04-30 19:55:04,-,1842483,-,-,3216x2136,AF-S DX VR Zoom-Nikkor 18-55mm f/3.5-5.6G,NIKON D5000,9b962f3bdfebc0d703a8f98b47490d2e
/Users/mac24/a/projects/fotos/keep/images/macbook2012/Dropbox/Camera Uploads/2013,2013-05-03 12.29.30.jpg,2013-05-03 12:29:30,2013-05-03 12:29:30,-,721797,-,-,1280x720,-,SCH-I535,c204d7f4866476376a86566fb46eac03
/Users/mac24/a/projects/fotos/keep/images/macbook2012/Dropbox/Camera Uploads/2013,2013-05-12 15.16.09.jpg,2013-05-12 15:16:09,2013-05-12 15:16:09,-,2003344,-,-,3216x2136,AF-S DX VR Zoom-Nikkor 18-55mm f/3.5-5.6G,NIKON D5000,42a90df70b3b1c29e2e0a11d64a0ca04
/Users/mac24/a/projects/fotos/keep/images/macbook2012/Dropbox/Camera Uploads/2013,2013-05-12 15.16.24.jpg,2013-05-12 15:16:24,2013-05-12 15:16:24,-,1918478,-,-,3216x2136,AF-S DX VR Zoom-Nikkor 18-55mm f/3.5-5.6G,NIKON D5000,cb4b2c2fafda5b3da78aecca0d7393a3
/Users/mac24/a/projects/fotos/keep/images/macbook2012/Dropbox/Camera Uploads/2013,2013-05-14 12.52.56.jpg,2013-05-14 12:52:56,2013-05-14 12:52:56,-,1978834,-,-,3264x1836,-,SCH-I535,3d6d62c390b4a653d638cddda9c728a9
/Users/mac24/a/projects/fotos/keep/images/macbook2012/Dropbox/Camera Uploads/2013,2013-06-01 15.51.29-1.jpg,-,-,-,485670,-,-,720x1280,-,SCH-I535,cde9b00a63eb8a3903914d8231e18d77
/Users/mac24/a/projects/fotos/keep/images/macbook2012/Dropbox/Camera Uploads/2013,2013-06-01 15.51.29.jpg,2013-06-01 15:51:29,2013-06-01 15:51:29,-,489161,-,-,1280x720,-,SCH-I535,dbf156a31180617c80d7e881a0f09e38
/Users/mac24/a/projects/fotos/keep/images/macbook2012/Dropbox/Camera Uploads/2013,2013-08-01 11.26.55.jpg,2013-08-01 11:26:55,2013-08-01 11:26:55,-,207863,-,-,720x1280,-,SCH-I535,3162448e4473a1184a6d352b2f0e5b9d
/Users/mac24/a/projects/fotos/keep/images/macbook2012/Dropbox/Camera Uploads/2013,2013-08-10 09.46.34.mp4,2013-08-10 13:46:34,-,7.38 s,15519088,-,-,1920x1080,-,-,d7e265d5b47b52759adb8cd37a5488e3
/Users/mac24/a/projects/fotos/keep/images/macbook2012/Dropbox/Camera Uploads/2013,2013-08-11 12.11.13.jpg,2013-08-11 12:11:13,2013-08-11 12:11:13,-,680387,-,-,720x1280,-,SCH-I535,d62ef7f2ae4f22d63b86b569590b28e0
/Users/mac24/a/projects/fotos/keep/images/macbook2012/Dropbox/Camera Uploads/2013,2013-08-12 15.06.57.jpg,2013-08-12 15:06:57,2013-08-12 15:06:57,-,432518,-,-,1280x720,-,SCH-I535,6d64c5e25103f50cad50bbf0101dee16
/Users/mac24/a/projects/fotos/keep/images/macbook2012/Dropbox/Camera Uploads/2013,2013-08-12 15.07.43.jpg,2013-08-12 15:07:43,2013-08-12 15:07:43,-,483625,-,-,720x1280,-,SCH-I535,81420c1c1e5c9a536af1b9ea183b2553
/Users/mac24/a/projects/fotos/keep/images/macbook2012/Dropbox/Camera Uploads/2013,2013-08-30 13.43.33.jpg,2013-08-30 13:43:33,2013-08-30 13:43:33,-,398154,-,-,1280x720,-,SCH-I535,9b2e998450adaee68cf245fdad544200
/Users/mac24/a/projects/fotos/keep/images/macbook2012/Dropbox/Camera Uploads/2013,2013-08-30 14.30.33.jpg,2013-08-30 14:30:33,2013-08-30 14:30:33,-,306856,-,-,720x1280,-,SCH-I535,fc2f57edb9fcf558de539fd25e7a7e29
/Users/mac24/a/projects/fotos/keep/images/macbook2012/Dropbox/Camera Uploads/2013,2013-08-30 14.30.53.jpg,2013-08-30 14:30:53,2013-08-30 14:30:53,-,587179,-,-,1280x720,-,SCH-I535,b697e1f9ad5dc57ec1d2856a510a7fb4
/Users/mac24/a/projects/fotos/keep/images/macbook2012/Dropbox/Camera Uploads/2013,2013-08-30 14.32.24.jpg,2013-08-30 14:32:24,2013-08-30 14:32:24,-,543686,-,-,1280x720,-,SCH-I535,1afd9096b8b60715595d2df9ca84c79f
/Users/mac24/a/projects/fotos/keep/images/macbook2012/Dropbox/Camera Uploads/2013,2013-08-31 15.14.12.jpg,2013-08-31 15:14:12,2013-08-31 15:14:12,-,252863,-,-,720x1280,-,SCH-I535,f9f934362f2b14cef1db0b8d54b3b7d1
/Users/mac24/a/projects/fotos/keep/images/macbook2012/Dropbox/Camera Uploads/2013,2013-08-31 15.14.27.jpg,2013-08-31 15:14:27,2013-08-31 15:14:27,-,396777,-,-,720x1280,-,SCH-I535,cd32776a567ba0619c8ea572c4fb5187
/Users/mac24/a/projects/fotos/keep/images/macbook2012/Dropbox/Camera Uploads/2013,2013-08-31 15.14.34.jpg,2013-08-31 15:14:34,2013-08-31 15:14:34,-,464990,-,-,720x1280,-,SCH-I535,52921ceaeb0f2767afb9875c973cf062
/Users/mac24/a/projects/fotos/keep/images/macbook2012/Dropbox/Camera Uploads/2013,2013-08-31 16.18.55.jpg,2013-08-31 16:18:55,2013-08-31 16:18:55,-,439948,-,-,720x1280,-,SCH-I535,c9de965a4199547873a1d3230f4b71f0
/Users/mac24/a/projects/fotos/keep/images/macbook2012/Dropbox/Camera Uploads/2013,2013-08-31 16.52.59.jpg,2013-08-31 16:52:59,2013-08-31 16:52:59,-,598795,-,-,1280x720,-,SCH-I535,62c850c911ae5a1ac7d3c04747c700ee
/Users/mac24/a/projects/fotos/keep/images/macbook2012/Dropbox/Camera Uploads/2013,2013-09-01 10.38.39.jpg,2013-09-01 10:38:39,2013-09-01 10:38:39,-,258003,-,-,1280x720,-,SCH-I535,3c4e2a59b0df7e2870121b47b2ca223b
/Users/mac24/a/projects/fotos/keep/images/macbook2012/Dropbox/Camera Uploads/2013,2013-09-21 19.41.25.jpg,2013-09-21 19:41:25,2013-09-21 19:41:25,-,437888,-,-,1280x720,-,SCH-I535,550e0bba192785b3464ef3ec429a9f5c
/Users/mac24/a/projects/fotos/keep/images/macbook2012/Dropbox/Camera Uploads/2013,2013-09-21 19.42.49.jpg,2013-09-21 19:42:49,2013-09-21 19:42:49,-,273749,-,-,1280x720,-,SCH-I535,428cf150d52eab12584aa49f496456ff
/Users/mac24/a/projects/fotos/keep/images/macbook2012/Dropbox/Camera Uploads/2013,2013-11-02 15.14.22.jpg,2013-11-02 15:14:22,2013-11-02 15:14:22,-,475869,-,-,720x1280,-,SCH-I535,82ea6ed113d723f3507082174d9191d6
/Users/mac24/a/projects/fotos/keep/images/macbook2012/Dropbox/Camera Uploads/2013,2013-11-02 15.16.10.jpg,2013-11-02 15:16:10,2013-11-02 15:16:10,-,374032,-,-,720x1280,-,SCH-I535,d9db7844b7d1a86d260c516da1bb0be6
/Users/mac24/a/projects/fotos/keep/images/macbook2012/Dropbox/Camera Uploads/2013,2013-11-08 11.07.10.jpg,2013-11-08 11:07:10,2013-11-08 11:07:10,-,243595,-,-,720x1280,-,SCH-I535,027607d8c8c44d44037145a9f70bd1da
/Users/mac24/a/projects/fotos/keep/images/macbook2012/Dropbox/Camera Uploads/2013,2013-11-12 12.29.30.jpg,2013-11-12 12:29:30,2013-11-12 12:29:30,-,390926,-,-,720x1280,-,SCH-I535,db8390576ecef7ac4f08640872596c53
/Users/mac24/a/projects/fotos/keep/images/macbook2012/Dropbox/Camera Uploads/2013,2013-11-24 14.07.24.jpg,2013-11-24 14:07:24,2013-11-24 14:07:24,-,548677,-,-,1280x720,-,SCH-I535,cf68585bb8136d475b4b30518cfbae48
/Users/mac24/a/projects/fotos/keep/images/macbook2012/Dropbox/Camera Uploads/2013,2013-11-30 14.41.16.mp4,2013-11-30 19:41:16,-,0:00:44,94825235,-,-,1920x1080,-,-,ed90a08240289f0d3aa9a3df233da7cd
/Users/mac24/a/projects/fotos/keep/images/macbook2012/Dropbox/Camera Uploads/2013,20130211_054133.mp4,2013-02-11 10:45:29,-,0:02:05,268341357,-,-,1920x1080,-,-,3cc68a7cf18ef35ae04607c7b60c1d0b
/Users/mac24/a/projects/fotos/keep/images/macbook2012/Dropbox/Camera Uploads/2013,20130211_PuneConstruction.jpg,2013-02-11 03:49:53,2013-02-11 03:49:53,-,725351,-,-,2048x1536,-,SCH-I535,815fbc23400cc71ecc68f231c7ee0c68
/Users/mac24/a/projects/fotos/keep/images/macbook2012/Dropbox/Camera Uploads/2013,20130211_PuneConstruction2.jpg,2013-02-11 03:53:04,2013-02-11 03:53:04,-,687666,-,-,2048x1536,-,SCH-I535,52576d7cea95f614e5035bd3d550d780
/Users/mac24/a/projects/fotos/keep/images/macbook2012/Dropbox/Camera Uploads/2014,2014-01-01 11.18.59.mp4,2014-01-01 16:18:59,-,0:00:56,118987554,-,-,1920x1080,-,-,6e1f6a0dd1c58a3f9e5b01b1a11e7e5a
/Users/mac24/a/projects/fotos/keep/images/macbook2012/Dropbox/Camera Uploads/2014,2014-01-25 16.36.31.jpg,2014-01-25 16:36:31,2014-01-25 16:36:31,-,290947,-,-,1280x720,-,SCH-I535,279a657ddc28c918503e94ce725050fb
/Users/mac24/a/projects/fotos/keep/images/macbook2012/Dropbox/Camera Uploads/2014,2014-02-06 21.17.06.jpg,2014-02-06 21:17:06,2014-02-06 21:17:06,-,202474,-,-,1280x720,-,SCH-I535,98b17d7163b95f2d0bb66103a4c390ea
/Users/mac24/a/projects/fotos/keep/images/macbook2012/Dropbox/Camera Uploads/2014,2014-02-06 21.21.21.jpg,2014-02-06 21:21:21,2014-02-06 21:21:21,-,301943,-,-,1280x720,-,SCH-I535,b47d3ace41e24f5744b4b9ed0db84058
/Users/mac24/a/projects/fotos/keep/images/macbook2012/Dropbox/Camera Uploads/2014,2014-02-06 21.21.51.jpg,2014-02-06 21:21:51,2014-02-06 21:21:51,-,303792,-,-,1280x720,-,SCH-I535,ac1d1f783f2a15b4e5f6d8fd17c8db65
/Users/mac24/a/projects/fotos/keep/images/macbook2012/Dropbox/Camera Uploads/2014,2014-02-06 21.23.49.jpg,2014-02-06 21:23:49,2014-02-06 21:23:49,-,280612,-,-,1280x720,-,SCH-I535,b66527848b91cfc336ed01c6a5297592
/Users/mac24/a/projects/fotos/keep/images/macbook2012/Dropbox/Camera Uploads/2014,2014-02-06 21.29.54.jpg,2014-02-06 21:29:54,2014-02-06 21:29:54,-,225483,-,-,1280x720,-,SCH-I535,1fbf69a2656f86e792cfcb20dfd0c793
/Users/mac24/a/projects/fotos/keep/images/macbook2012/Dropbox/Camera Uploads/2014,2014-02-22 17.38.16.jpg,2014-02-22 17:38:16,2014-02-22 17:38:16,-,397709,39.1317355555556,-77.2263102777778,1280x720,-,SCH-I535,0eb61a6c99221f56043dabfbe29941c0
/Users/mac24/a/projects/fotos/keep/images/macbook2012/Dropbox/Camera Uploads/2014,2014-06-02 08.14.29.jpg,2014-06-02 08:14:29,2014-06-02 08:14:29,-,83412,39.1376255555556,-77.2244697222222,480x640,-,SCH-I535,644f2fe18fc9dac77ddcaa431d9bcc5c
/Users/mac24/a/projects/fotos/keep/images/macbook2012/Dropbox/Camera Uploads/2014,2014-10-25 14.39.19.jpg,2014-10-25 14:39:19,2014-10-25 14:39:19,-,3783631,-,-,3216x2136,AF-S DX VR Zoom-Nikkor 18-55mm f/3.5-5.6G,NIKON D5000,d310f4c00b1f87a0225e5cfb4edbdb62
/Users/mac24/a/projects/fotos/keep/images/macbook2012/Dropbox/Camera Uploads/2014,2014-10-25 15.23.53.jpg,2014-10-25 15:23:53,2014-10-25 15:23:53,-,3813065,-,-,3216x2136,AF-S DX VR Zoom-Nikkor 18-55mm f/3.5-5.6G,NIKON D5000,dc0beabb1397ae80796a131dc9d73d06
/Users/mac24/a/projects/fotos/keep/images/macbook2012/Dropbox/Camera Uploads/2014,2014-10-25 15.33.03.jpg,2014-10-25 15:33:03,2014-10-25 15:33:03,-,3690827,-,-,3216x2136,AF-S DX VR Zoom-Nikkor 18-55mm f/3.5-5.6G,NIKON D5000,f36b81f5fdbb1e8be709f1f320ff07dd
/Users/mac24/a/projects/fotos/keep/images/macbook2012/Dropbox/Camera Uploads/2014,2014-10-25 15.59.32.jpg,2014-10-25 15:59:32,2014-10-25 15:59:32,-,3788798,-,-,3216x2136,AF-S DX VR Zoom-Nikkor 18-55mm f/3.5-5.6G,NIKON D5000,f9b269e69f44ab00d99cd1cc362d95bd
/Users/mac24/a/projects/fotos/keep/images/macbook2012/Dropbox/Camera Uploads/2014,2014-11-09 16.09.43.jpg,2014-11-09 16:09:43,2014-11-09 16:09:43,-,4178133,-,-,3216x2136,AF-S DX VR Zoom-Nikkor 18-55mm f/3.5-5.6G,NIKON D5000,a4f68c3423d95d5043764042f528d8b2
/Users/mac24/a/projects/fotos/keep/images/macbook2012/Dropbox/Camera Uploads/2014,2014-11-09 16.21.01.jpg,2014-11-09 16:21:01,2014-11-09 16:21:01,-,3496988,-,-,2136x3216,AF-S DX VR Zoom-Nikkor 18-55mm f/3.5-5.6G,NIKON D5000,c9cf57d75a5f1c957de0d4eaa1ba2049
/Users/mac24/a/projects/fotos/keep/images/macbook2012/Dropbox/Camera Uploads/2014,2014-11-29 13.57.37.jpg,2014-11-29 13:57:37,2014-11-29 13:57:37,-,2350876,-,-,2136x3216,AF-S DX VR Zoom-Nikkor 18-55mm f/3.5-5.6G,NIKON D5000,1531f32cc48ab471ecf24d1259b61e50
/Users/mac24/a/projects/fotos/keep/images/macbook2012/Dropbox/Camera Uploads/2014,2014-11-29 13.59.30.jpg,2014-11-29 13:59:30,2014-11-29 13:59:30,-,2383748,-,-,2136x3216,AF-S DX VR Zoom-Nikkor 18-55mm f/3.5-5.6G,NIKON D5000,4be8aefb7c9d7e24bc4216b2b7ecf58f
/Users/mac24/a/projects/fotos/keep/images/macbook2012/Dropbox/Camera Uploads/2014,2014-11-29 16.57.36.jpg,2014-11-29 16:57:36,2014-11-29 16:57:36,-,2921508,-,-,3216x2136,AF-S DX VR Zoom-Nikkor 18-55mm f/3.5-5.6G,NIKON D5000,95babcc6c4213fffeee4dd53bce220c6
/Users/mac24/a/projects/fotos/keep/images/macbook2012/Dropbox/Camera Uploads/2015,2015-02-03 17.32.02.jpg,2015-02-03 17:32:02,2015-02-03 17:32:02,-,3253336,-,-,3216x2136,AF-S DX VR Zoom-Nikkor 18-55mm f/3.5-5.6G,NIKON D5000,8798e92860c0cdff74954b5211217f48
/Users/mac24/a/projects/fotos/keep/images/macbook2012/Dropbox/Camera Uploads/2015,2015-02-08 14.28.06.jpg,2002-12-08 12:00:00,2015-02-08 14:28:06,-,1071313,-,-,1080x1920,-,XT1254,4b309a3db40ef1a21341d43912e4f9df
/Users/mac24/a/projects/fotos/keep/images/macbook2012/Dropbox/Camera Uploads/2015,2015-04-17 12.51.37.jpg,2015-04-17 12:51:37,2015-04-17 12:51:37,-,422594,-,-,720x1280,-,SCH-I535,e9629f381a63782f4dc1b6b55b35572e
/Users/mac24/a/projects/fotos/keep/images/macbook2012/Dropbox/Camera Uploads/2015,2015-05-08 17.09.12.jpg,2015-05-08 17:09:12,2015-05-08 17:09:12,-,1174991,-,-,2048x1152,-,SCH-I535,7070183b3e77ae7263a406f48dd8f77d
/Users/mac24/a/projects/fotos/keep/images/macbook2012/Dropbox/Camera Uploads/2015,2015-05-17 15.02.50.jpg,2015-05-17 15:02:50,2015-05-17 15:02:50,-,131057,-,-,480x640,-,SCH-I535,ac114e8c9d77f56e67bd06bc22d84d4f
/Users/mac24/a/projects/fotos/keep/images/macbook2012/Dropbox/Camera Uploads/2015,2015-08-05 13.29.32.jpg,2015-08-05 13:29:32,2015-08-05 13:29:32,-,831319,-,-,1152x2048,-,SCH-I535,c6e5bf6e501bc93fcee5aff81d421e71
/Users/mac24/a/projects/fotos/keep/images/macbook2012/Dropbox/Camera Uploads/2015,2015-08-05 13.31.29.jpg,2015-08-05 13:31:29,2015-08-05 13:31:29,-,539475,-,-,1152x2048,-,SCH-I535,956eab5344c71c6ad117b134f8054dc7
/Users/mac24/a/projects/fotos/keep/images/macbook2012/Dropbox/Camera Uploads/2015,2015-08-10 12.29.07.jpg,2015-08-10 12:29:07,2015-08-10 12:29:07,-,559602,-,-,2048x1152,-,SCH-I535,ff1dd1f3116a892adaf8d7ec9058d9d6
/Users/mac24/a/projects/fotos/keep/images/macbook2012/learn/codeMatrix/matrix,img01.png,-,-,-,25704,-,-,166x189,-,-,025993987693db24b98d30fd0ae50518
/Users/mac24/a/projects/fotos/keep/images/macbook2012/Pictures/iPhoto Library.migratedphotolibrary/Masters/2013/12/04/20131204-233713,pwv20131204.jpg,-,-,-,186258,-,-,1080x720,-,-,fcb94e0c926c89ff1acf02c1da836c97
/Users/mac24/a/projects/fotos/keep/images/macbook2012/Pictures/iPhoto Library.migratedphotolibrary/Previews/2013/12/04/20131204-233713/RrPyDwoITPiep+63vO%7Ow,pwv20131204.jpg,-,-,-,69606,-,-,399x572,-,-,46a0b82201dc63015ee651090cb3e5a9
/Users/mac24/a/projects/fotos/keep/images/macbook2012/Pictures/iPhoto Library.migratedphotolibrary/Previews/2014/08/06/20140806-230246/9QQoVjmKSk+W5+CSSZrEEw,DSC_9815.jpg,2014-03-11 12:20:49,2014-03-11 12:20:49,-,635740,-,-,1496x2256,Unknown (2C 3C 96 06) 18-55mm,NIKON D40,0fa11414e48500e6be5dd4f488a915ec
/Users/mac24/a/projects/fotos/keep/images/macbook2012/Pictures/iPhoto Library.migratedphotolibrary/Thumbnails/2013/08/14/20130814-125421/%G8sJwAAQeOlZlWP+x9I+Q,P8120185_1024.jpg,-,-,-,353296,-,-,1024x577,-,-,cbb24e5b158be860e70ed2746f0720b5
/Users/mac24/a/projects/fotos/keep/images/macbook2012/Pictures/iPhoto Library.migratedphotolibrary/Thumbnails/2013/08/14/20130814-125421/%G8sJwAAQeOlZlWP+x9I+Q,P8120185_face0.jpg,-,-,-,56391,-,-,417x417,-,-,5f838d33562a9284b54116d28ce2d6cf
/Users/mac24/a/projects/fotos/keep/images/macbook2012/Pictures/iPhoto Library.migratedphotolibrary/Thumbnails/2013/08/14/20130814-125421/%G8sJwAAQeOlZlWP+x9I+Q,P8120185.jpg,-,-,-,59708,-,-,360x203,-,-,07d4466b3a62badb7d8278f426ee5b1c
/Users/mac24/a/projects/fotos/keep/images/macbook2012/Pictures/iPhoto Library.migratedphotolibrary/Thumbnails/2013/08/14/20130814-125421/%GKZL85jTCmPC0G8CdhsZg,P8110148_1024.jpg,-,-,-,236833,-,-,1024x577,-,-,56107453085397005878fea740ab93b6
/Users/mac24/a/projects/fotos/keep/images/macbook2012/Pictures/iPhoto Library.migratedphotolibrary/Thumbnails/2013/08/14/20130814-125421/%GKZL85jTCmPC0G8CdhsZg,P8110148_face0.jpg,-,-,-,102192,-,-,480x480,-,-,c736d3203de47ae7efd2841bd741ccaa
/Users/mac24/a/projects/fotos/keep/images/macbook2012/Pictures/iPhoto Library.migratedphotolibrary/Thumbnails/2013/08/14/20130814-125421/%GKZL85jTCmPC0G8CdhsZg,P8110148.jpg,-,-,-,49321,-,-,360x203,-,-,fe4bcd1db31b30320bedf0c4e74ceee7
/Users/mac24/a/projects/fotos/keep/images/macbook2012/Pictures/iPhoto Library.migratedphotolibrary/Thumbnails/2013/08/14/20130814-125421/%iIprG7ASUSq68YtCTTY4A,P8110098_1024.jpg,-,-,-,237944,-,-,1024x577,-,-,c7d6e7dde301198a8b1f7dec77cbd73a
/Users/mac24/a/projects/fotos/keep/images/macbook2012/Pictures/iPhoto Library.migratedphotolibrary/Thumbnails/2013/08/14/20130814-125421/%iIprG7ASUSq68YtCTTY4A,P8110098_face0.jpg,-,-,-,61422,-,-,480x480,-,-,172fd02880dd94962acd7f62410817e3
/Users/mac24/a/projects/fotos/keep/images/macbook2012/Pictures/iPhoto Library.migratedphotolibrary/Thumbnails/2013/08/14/20130814-125421/%iIprG7ASUSq68YtCTTY4A,P8110098.jpg,-,-,-,48467,-,-,360x203,-,-,936fed1acd73216877d8c0b956f1dbbd
/Users/mac24/a/projects/fotos/keep/images/macbook2012/Pictures/iPhoto Library.migratedphotolibrary/Thumbnails/2013/08/14/20130814-125421/+2bBVotSS3CXYg3t4jsRww,P8110129_1024.jpg,-,-,-,458797,-,-,1024x577,-,-,bb44b92e7c011669e74a57bdb04a55cd
/Users/mac24/a/projects/fotos/keep/images/macbook2012/Pictures/iPhoto Library.migratedphotolibrary/Thumbnails/2013/08/14/20130814-125421/+2bBVotSS3CXYg3t4jsRww,P8110129_face0.jpg,-,-,-,53113,-,-,356x356,-,-,d3e6bccb7bc116552d70f49cb7dba2ab
/Users/mac24/a/projects/fotos/keep/images/macbook2012/Pictures/iPhoto Library.migratedphotolibrary/Thumbnails/2013/08/14/20130814-125421/+2bBVotSS3CXYg3t4jsRww,P8110129_face1.jpg,-,-,-,36151,-,-,269x269,-,-,cb037bb69b3bedcc58a0a539f4f0b6df
/Users/mac24/a/projects/fotos/keep/images/macbook2012/Pictures/iPhoto Library.migratedphotolibrary/Thumbnails/2013/08/14/20130814-125421/+2bBVotSS3CXYg3t4jsRww,P8110129.jpg,-,-,-,65015,-,-,360x203,-,-,6901d808ba9538002470a101a80b0c12
/Users/mac24/a/projects/fotos/keep/images/macbook2012/Pictures/iPhoto Library.migratedphotolibrary/Thumbnails/2013/08/14/20130814-125421/+8hL74enS5+OIL9oUS1sCg,P8110163_1024.jpg,-,-,-,209076,-,-,1024x577,-,-,9b047ebbee43ca9e09e2fd37872b182d
/Users/mac24/a/projects/fotos/keep/images/macbook2012/Pictures/iPhoto Library.migratedphotolibrary/Thumbnails/2013/08/14/20130814-125421/+8hL74enS5+OIL9oUS1sCg,P8110163_face0.jpg,-,-,-,96054,-,-,480x480,-,-,dacd4f7c3c61b5396d238de7803d7d11
/Users/mac24/a/projects/fotos/keep/images/macbook2012/Pictures/iPhoto Library.migratedphotolibrary/Thumbnails/2013/08/14/20130814-125421/+8hL74enS5+OIL9oUS1sCg,P8110163.jpg,-,-,-,47599,-,-,360x203,-,-,078ffa543c75a39f6cc0ad8be5329de3
/Users/mac24/a/projects/fotos/keep/images/macbook2012/Pictures/iPhoto Library.migratedphotolibrary/Thumbnails/2013/08/14/20130814-125421/+fPphB0NSi64G%FDxoeZsg,P8110108_1024.jpg,-,-,-,482477,-,-,1024x577,-,-,5a65e70a7f1bef26744f2a6f0f2b2331
/Users/mac24/a/projects/fotos/keep/images/macbook2012/Pictures/iPhoto Library.migratedphotolibrary/Thumbnails/2013/08/14/20130814-125421/+fPphB0NSi64G%FDxoeZsg,P8110108.jpg,-,-,-,71530,-,-,360x203,-,-,7c1299c4b6349fb652b5491bb8043b70
/Users/mac24/a/projects/fotos/keep/images/macbook2012/Pictures/iPhoto Library.migratedphotolibrary/Thumbnails/2013/08/14/20130814-125421/+IUw5oH+Rya2KUMFOlDAEg,P8110127_1024.jpg,-,-,-,111149,-,-,1024x577,-,-,44e4eaa1c29cee1110255f0878887b9b
/Users/mac24/a/projects/fotos/keep/images/macbook2012/Pictures/iPhoto Library.migratedphotolibrary/Thumbnails/2013/08/14/20130814-125421/+IUw5oH+Rya2KUMFOlDAEg,P8110127.jpg,-,-,-,24043,-,-,360x203,-,-,a3bb85f618c44c2b09e86cfbce1a252a
/Users/mac24/a/projects/fotos/keep/images/macbook2012/Pictures/iPhoto Library.migratedphotolibrary/Thumbnails/2013/08/14/20130814-125421/+v43196ZQvOKe+mFc85qOw,P8110093_1024.jpg,-,-,-,293909,-,-,1024x577,-,-,4a3e36ef27b561a1cf772ab23d6125b7
/Users/mac24/a/projects/fotos/keep/images/macbook2012/Pictures/iPhoto Library.migratedphotolibrary/Thumbnails/2013/08/14/20130814-125421/+v43196ZQvOKe+mFc85qOw,P8110093_face0.jpg,-,-,-,22074,-,-,218x218,-,-,103ac72c280f3a84b3f304e5d478e0ce
/Users/mac24/a/projects/fotos/keep/images/macbook2012/Pictures/iPhoto Library.migratedphotolibrary/Thumbnails/2013/08/14/20130814-125421/+v43196ZQvOKe+mFc85qOw,P8110093_face1.jpg,-,-,-,19414,-,-,208x208,-,-,d48c7312fc74bc0f4a81674205160110
/Users/mac24/a/projects/fotos/keep/images/macbook2012/Pictures/iPhoto Library.migratedphotolibrary/Thumbnails/2013/08/14/20130814-125421/+v43196ZQvOKe+mFc85qOw,P8110093_face2.jpg,-,-,-,24232,-,-,209x209,-,-,f9dd33e4265cd82a6035820055b4669b
/Users/mac24/a/projects/fotos/keep/images/macbook2012/Pictures/iPhoto Library.migratedphotolibrary/Thumbnails/2013/08/14/20130814-125421/+v43196ZQvOKe+mFc85qOw,P8110093.jpg,-,-,-,45778,-,-,360x203,-,-,fd8631381446dcbab623c3b015be170a
/Users/mac24/a/projects/fotos/keep/images/macbook2012/Pictures/iPhoto Library.migratedphotolibrary/Thumbnails/2013/08/14/20130814-125421/05Pgp7aQS3+DfuHcWWWOIQ,P8130215_1024.jpg,-,-,-,418508,-,-,1024x577,-,-,f3cf304c53164ee73c1ac12e56f1cbf8
/Users/mac24/a/projects/fotos/keep/images/macbook2012/Pictures/iPhoto Library.migratedphotolibrary/Thumbnails/2013/08/14/20130814-125421/05Pgp7aQS3+DfuHcWWWOIQ,P8130215.jpg,-,-,-,60604,-,-,360x203,-,-,93cdcf1ae0045e9c30e63912e48bd069
/Users/mac24/a/projects/fotos/keep/images/macbook2012/Pictures/iPhoto Library.migratedphotolibrary/Thumbnails/2013/08/14/20130814-125421/0Mt65Gm4R0+vC3iuQ2wTaw,P8110084_1024.jpg,-,-,-,363026,-,-,1024x577,-,-,3c4212b640a4df345f42443329f60194
/Users/mac24/a/projects/fotos/keep/images/macbook2012/Pictures/iPhoto Library.migratedphotolibrary/Thumbnails/2013/08/14/20130814-125421/0Mt65Gm4R0+vC3iuQ2wTaw,P8110084_face0.jpg,-,-,-,46202,-,-,373x373,-,-,8d155cdad702ae660c35def9d2abe7f0
/Users/mac24/a/projects/fotos/keep/images/macbook2012/Pictures/iPhoto Library.migratedphotolibrary/Thumbnails/2013/08/14/20130814-125421/0Mt65Gm4R0+vC3iuQ2wTaw,P8110084_face2.jpg,-,-,-,26811,-,-,261x261,-,-,7ebdbb26236a9dd990c0b76d6f3e87d6
/Users/mac24/a/projects/fotos/keep/images/macbook2012/Pictures/iPhoto Library.migratedphotolibrary/Thumbnails/2013/08/14/20130814-125421/0Mt65Gm4R0+vC3iuQ2wTaw,P8110084.jpg,-,-,-,61669,-,-,360x203,-,-,493a7bc433597c98037e89839387e604
/Users/mac24/a/projects/fotos/keep/images/macbook2012/Pictures/iPhoto Library.migratedphotolibrary/Thumbnails/2013/08/14/20130814-125421/0pDMdG%+RRW32JRbLvUomA,P8110147_1024.jpg,-,-,-,153266,-,-,1024x577,-,-,52d46e9e795891b7a455494fba2af2da
/Users/mac24/a/projects/fotos/keep/images/macbook2012/Pictures/iPhoto Library.migratedphotolibrary/Thumbnails/2013/08/14/20130814-125421/0pDMdG%+RRW32JRbLvUomA,P8110147_face0.jpg,-,-,-,57491,-,-,480x480,-,-,e0b740ec606cb7d21d2ca958bf2b9b18
/Users/mac24/a/projects/fotos/keep/images/macbook2012/Pictures/iPhoto Library.migratedphotolibrary/Thumbnails/2013/08/14/20130814-125421/0pDMdG%+RRW32JRbLvUomA,P8110147.jpg,-,-,-,33878,-,-,360x203,-,-,301714c66fabf822f7cacdcb94fd8451
/Users/mac24/a/projects/fotos/keep/images/macbook2012/Pictures/iPhoto Library.migratedphotolibrary/Thumbnails/2013/08/14/20130814-125421/1QJU5uvqSPG%XaWCL85v0Q,P8110104_1024.jpg,-,-,-,318318,-,-,578x1024,-,-,27318c07999839b575d0c867e68fda65
/Users/mac24/a/projects/fotos/keep/images/macbook2012/Pictures/iPhoto Library.migratedphotolibrary/Thumbnails/2013/08/14/20130814-125421/1QJU5uvqSPG%XaWCL85v0Q,P8110104_face0.jpg,-,-,-,29326,-,-,287x287,-,-,90c4e0dc05308cf98078ecf2fdb97560
/Users/mac24/a/projects/fotos/keep/images/macbook2012/Pictures/iPhoto Library.migratedphotolibrary/Thumbnails/2013/08/14/20130814-125421/1QJU5uvqSPG%XaWCL85v0Q,P8110104.jpg,-,-,-,55197,-,-,203x360,-,-,f49d18a3ce8f2df31c50ab97c6e81448
/Users/mac24/a/projects/fotos/keep/images/macbook2012/Pictures/iPhoto Library.migratedphotolibrary/Thumbnails/2013/08/14/20130814-125421/2BdmlrbsSoqNHKQuS6DMog,P8110154_1024.jpg,-,-,-,245084,-,-,1024x577,-,-,afcd841ba9e37a5aea56fb748f658782
/Users/mac24/a/projects/fotos/keep/images/macbook2012/Pictures/iPhoto Library.migratedphotolibrary/Thumbnails/2013/08/14/20130814-125421/2BdmlrbsSoqNHKQuS6DMog,P8110154_face0.jpg,-,-,-,113672,-,-,480x480,-,-,1dc2ed6dc90d3178362e669d01eb2e52
/Users/mac24/a/projects/fotos/keep/images/macbook2012/Pictures/iPhoto Library.migratedphotolibrary/Thumbnails/2013/08/14/20130814-125421/2BdmlrbsSoqNHKQuS6DMog,P8110154.jpg,-,-,-,52328,-,-,360x203,-,-,9321422cf051762fefd3b56432b71ecc
/Users/mac24/a/projects/fotos/keep/images/macbook2012/Pictures/iPhoto Library.migratedphotolibrary/Thumbnails/2013/08/14/20130814-125421/2zPr6Wq9S6y2YSznQMA55g,P8110096_1024.jpg,-,-,-,272581,-,-,1024x577,-,-,981303af4af1caffe766ba3a04e0f223
/Users/mac24/a/projects/fotos/keep/images/macbook2012/Pictures/iPhoto Library.migratedphotolibrary/Thumbnails/2013/08/14/20130814-125421/2zPr6Wq9S6y2YSznQMA55g,P8110096.jpg,-,-,-,40671,-,-,360x203,-,-,bdb6233caf7bdc300e504ae28b4d92f5
/Users/mac24/a/projects/fotos/keep/images/macbook2012/Pictures/iPhoto Library.migratedphotolibrary/Thumbnails/2013/08/14/20130814-125421/3n5LvJGlRK+fJO9Tg7dWuw,P8130213_1024.jpg,-,-,-,383495,-,-,1024x577,-,-,146fff24679124f58e978ee97ecbcf2f
/Users/mac24/a/projects/fotos/keep/images/macbook2012/Pictures/iPhoto Library.migratedphotolibrary/Thumbnails/2013/08/14/20130814-125421/3n5LvJGlRK+fJO9Tg7dWuw,P8130213.jpg,-,-,-,57773,-,-,360x203,-,-,76c58cebb243b655019fe11c04a8e520
/Users/mac24/a/projects/fotos/keep/images/macbook2012/Pictures/iPhoto Library.migratedphotolibrary/Thumbnails/2013/08/14/20130814-125421/4yNvyz%ZSoSTOK+UXC64SQ,P8120192_1024.jpg,-,-,-,285686,-,-,1024x577,-,-,a5459198677f1c8cb544cbd1f6f0e9cf
/Users/mac24/a/projects/fotos/keep/images/macbook2012/Pictures/iPhoto Library.migratedphotolibrary/Thumbnails/2013/08/14/20130814-125421/4yNvyz%ZSoSTOK+UXC64SQ,P8120192_face0.jpg,-,-,-,76967,-,-,480x480,-,-,3cc5d219b5efc38b9dac9ee94611a908
/Users/mac24/a/projects/fotos/keep/images/macbook2012/Pictures/iPhoto Library.migratedphotolibrary/Thumbnails/2013/08/14/20130814-125421/4yNvyz%ZSoSTOK+UXC64SQ,P8120192.jpg,-,-,-,53657,-,-,360x203,-,-,4260d8e01e95b5a91cf5c41cb5ff8062
/Users/mac24/a/projects/fotos/keep/images/macbook2012/Pictures/iPhoto Library.migratedphotolibrary/Thumbnails/2013/08/14/20130814-125421/4zniGog7RFmCGGFYrH96sg,P8110143_1024.jpg,-,-,-,427849,-,-,1024x577,-,-,7b4280dc883c080ff9d1b847bca1dfbf
/Users/mac24/a/projects/fotos/keep/images/macbook2012/Pictures/iPhoto Library.migratedphotolibrary/Thumbnails/2013/08/14/20130814-125421/4zniGog7RFmCGGFYrH96sg,P8110143.jpg,-,-,-,60502,-,-,360x203,-,-,516d08bb32e58e16c3300814e2e5b2ca
/Users/mac24/a/projects/fotos/keep/images/macbook2012/Pictures/iPhoto Library.migratedphotolibrary/Thumbnails/2013/08/14/20130814-125421/52HICbFYRT6TIB+U5Szwzw,P8110140_1024.jpg,-,-,-,102761,-,-,578x1024,-,-,8dacc3de1ea83c2d485d0bfb3f5626f5
/Users/mac24/a/projects/fotos/keep/images/macbook2012/Pictures/iPhoto Library.migratedphotolibrary/Thumbnails/2013/08/14/20130814-125421/52HICbFYRT6TIB+U5Szwzw,P8110140_face0.jpg,-,-,-,35727,-,-,480x480,-,-,307cabc837714b6333f6d42b3efa636a
/Users/mac24/a/projects/fotos/keep/images/macbook2012/Pictures/iPhoto Library.migratedphotolibrary/Thumbnails/2013/08/14/20130814-125421/52HICbFYRT6TIB+U5Szwzw,P8110140.jpg,-,-,-,22974,-,-,203x360,-,-,247b680f287a16da26e2f5b7f491ebfd
/Users/mac24/a/projects/fotos/keep/images/macbook2012/Pictures/iPhoto Library.migratedphotolibrary/Thumbnails/2013/08/14/20130814-125421/7NhkRXs3QamoO1qk8d0bNA,P8040053_1024.jpg,-,-,-,396796,-,-,578x1024,-,-,8d6ed17da5f1087c825e7f8a4e834d0f
/Users/mac24/a/projects/fotos/keep/images/macbook2012/Pictures/iPhoto Library.migratedphotolibrary/Thumbnails/2013/08/14/20130814-125421/7NhkRXs3QamoO1qk8d0bNA,P8040053.jpg,-,-,-,62001,-,-,203x360,-,-,f761fc870f2c74318ea8de2cb672181e
/Users/mac24/a/projects/fotos/keep/images/macbook2012/Pictures/iPhoto Library.migratedphotolibrary/Thumbnails/2013/08/14/20130814-125421/7WED8RgMQDy%Sw61+c0BtQ,P8130211_1024.jpg,-,-,-,124025,-,-,1024x577,-,-,e28aeb4f34d1b14a8d543f2934e9540c
/Users/mac24/a/projects/fotos/keep/images/macbook2012/Pictures/iPhoto Library.migratedphotolibrary/Thumbnails/2013/08/14/20130814-125421/7WED8RgMQDy%Sw61+c0BtQ,P8130211.jpg,-,-,-,25454,-,-,360x203,-,-,ee5dda36e16cf3c6c985bf0c4d3bf20c
/Users/mac24/a/projects/fotos/keep/images/macbook2012/Pictures/iPhoto Library.migratedphotolibrary/Thumbnails/2013/08/14/20130814-125421/8BRowognTUqi0x1OLn7udg,P8130208_1024.jpg,-,-,-,200706,-,-,578x1024,-,-,d754cddec343902e27b49a9829ee634d
/Users/mac24/a/projects/fotos/keep/images/macbook2012/Pictures/iPhoto Library.migratedphotolibrary/Thumbnails/2013/08/14/20130814-125421/8BRowognTUqi0x1OLn7udg,P8130208.jpg,-,-,-,37352,-,-,203x360,-,-,49623f8ee37d2c2782cc1da97475be75
/Users/mac24/a/projects/fotos/keep/images/macbook2012/Pictures/iPhoto Library.migratedphotolibrary/Thumbnails/2013/08/14/20130814-125421/8pHjOtDgQoGPiAGzfdS0Xg,P8110101_1024.jpg,-,-,-,379127,-,-,1024x577,-,-,de424ae284317ee631a7db60202cd0f7
/Users/mac24/a/projects/fotos/keep/images/macbook2012/Pictures/iPhoto Library.migratedphotolibrary/Thumbnails/2013/08/14/20130814-125421/8pHjOtDgQoGPiAGzfdS0Xg,P8110101.jpg,-,-,-,62605,-,-,360x203,-,-,026f0f6bad5332d8b44b38bde57d4161
/Users/mac24/a/projects/fotos/keep/images/macbook2012/Pictures/iPhoto Library.migratedphotolibrary/Thumbnails/2013/08/14/20130814-125421/9Ft2b3m5TgyHQL7YtEVVcg,P6230009_1024.jpg,-,-,-,477542,-,-,576x1024,-,-,2ab133be39a7bd01dc7582176aeae6b8
/Users/mac24/a/projects/fotos/keep/images/macbook2012/Pictures/iPhoto Library.migratedphotolibrary/Thumbnails/2013/08/14/20130814-125421/9Ft2b3m5TgyHQL7YtEVVcg,P6230009.jpg,-,-,-,69654,-,-,202x360,-,-,d895ef20f49f4f8f643403c2b11f0c46
/Users/mac24/a/projects/fotos/keep/images/macbook2012/Pictures/iPhoto Library.migratedphotolibrary/Thumbnails/2013/08/14/20130814-125421/9jA7Gtu9SnKmW8tL9Bk6cw,P7060034_1024.jpg,-,-,-,237199,-,-,1024x576,-,-,04f5b6d9255c5b472bb5054e080dc770
/Users/mac24/a/projects/fotos/keep/images/macbook2012/Pictures/iPhoto Library.migratedphotolibrary/Thumbnails/2013/08/14/20130814-125421/9jA7Gtu9SnKmW8tL9Bk6cw,P7060034.jpg,-,-,-,52071,-,-,360x203,-,-,7d34047a105746b3fbfd58efe1aaa32a
/Users/mac24/a/projects/fotos/keep/images/macbook2012/Pictures/iPhoto Library.migratedphotolibrary/Thumbnails/2013/08/14/20130814-125421/9QiY5souSc+GaNahYbQsjg,P8120182_1024.jpg,-,-,-,407887,-,-,1024x577,-,-,263fd07e7bdd9b37127ad857ff091987
/Users/mac24/a/projects/fotos/keep/images/macbook2012/Pictures/iPhoto Library.migratedphotolibrary/Thumbnails/2013/08/14/20130814-125421/9QiY5souSc+GaNahYbQsjg,P8120182.jpg,-,-,-,57265,-,-,360x203,-,-,f38add8285e8cdfba19bc7f0074fe6d6
/Users/mac24/a/projects/fotos/keep/images/macbook2012/Pictures/iPhoto Library.migratedphotolibrary/Thumbnails/2013/08/14/20130814-125421/a3SHcJ%DQHWJxGtMfcTh4A,P8110146_1024.jpg,-,-,-,403948,-,-,1024x577,-,-,0c3673eb7eea53490e9269bc6d563fcb
/Users/mac24/a/projects/fotos/keep/images/macbook2012/Pictures/iPhoto Library.migratedphotolibrary/Thumbnails/2013/08/14/20130814-125421/a3SHcJ%DQHWJxGtMfcTh4A,P8110146.jpg,-,-,-,63036,-,-,360x203,-,-,5e61d9df1db8b1c2094c84fefbcb3513
/Users/mac24/a/projects/fotos/keep/images/macbook2012/Pictures/iPhoto Library.migratedphotolibrary/Thumbnails/2013/08/14/20130814-125421/adu1PvSOREafHK+ALdFGyg,P8120204_1024.jpg,-,-,-,378310,-,-,1024x577,-,-,4a4055362cdee9a5fc25ae861367194f
/Users/mac24/a/projects/fotos/keep/images/macbook2012/Pictures/iPhoto Library.migratedphotolibrary/Thumbnails/2013/08/14/20130814-125421/adu1PvSOREafHK+ALdFGyg,P8120204_face0.jpg,-,-,-,44471,-,-,364x364,-,-,248f10ed463b2da545decc50fb171638
/Users/mac24/a/projects/fotos/keep/images/macbook2012/Pictures/iPhoto Library.migratedphotolibrary/Thumbnails/2013/08/14/20130814-125421/adu1PvSOREafHK+ALdFGyg,P8120204.jpg,-,-,-,59229,-,-,360x203,-,-,07751f035328f4dbe506e47e162c2318
/Users/mac24/a/projects/fotos/keep/images/macbook2012/Pictures/iPhoto Library.migratedphotolibrary/Thumbnails/2013/08/14/20130814-125421/aKdz7qUsTbq%ex3qISzQwg,P8120203_1024.jpg,-,-,-,371089,-,-,1024x577,-,-,87ca0074a12b2f4d45f3f0fb4058f5fc
/Users/mac24/a/projects/fotos/keep/images/macbook2012/Pictures/iPhoto Library.migratedphotolibrary/Thumbnails/2013/08/14/20130814-125421/aKdz7qUsTbq%ex3qISzQwg,P8120203.jpg,-,-,-,53273,-,-,360x203,-,-,d86a111ef81b33fe21eb4db313ccd6a5
/Users/mac24/a/projects/fotos/keep/images/macbook2012/Pictures/iPhoto Library.migratedphotolibrary/Thumbnails/2013/08/14/20130814-125421/awcgNaY0TcmzopMN%JbluA,P8110078_1024.jpg,-,-,-,373281,-,-,1024x577,-,-,82b155a0c2f8c9d817536fec529787bd
/Users/mac24/a/projects/fotos/keep/images/macbook2012/Pictures/iPhoto Library.migratedphotolibrary/Thumbnails/2013/08/14/20130814-125421/awcgNaY0TcmzopMN%JbluA,P8110078.jpg,-,-,-,60977,-,-,360x203,-,-,85afc5b0632d7c42071709b4045e7ffa
/Users/mac24/a/projects/fotos/keep/images/macbook2012/Pictures/iPhoto Library.migratedphotolibrary/Thumbnails/2013/08/14/20130814-125421/bf4DmsHYSyO+77XNwIUalg,PRMS0008_1024.jpg,-,-,-,421004,-,-,1024x819,-,-,c383f8bc126e08fd78e7dddc967cd890
/Users/mac24/a/projects/fotos/keep/images/macbook2012/Pictures/iPhoto Library.migratedphotolibrary/Thumbnails/2013/08/14/20130814-125421/bf4DmsHYSyO+77XNwIUalg,PRMS0008.jpg,-,-,-,76458,-,-,360x288,-,-,4f758b8b8114c363f29b3593a9b7f708
/Users/mac24/a/projects/fotos/keep/images/macbook2012/Pictures/iPhoto Library.migratedphotolibrary/Thumbnails/2013/08/14/20130814-125421/bKjN4Q7HSJujlc42+xksiw,P8110167_1024.jpg,-,-,-,245723,-,-,1024x577,-,-,d6ac2db8b2d36bbfff4330a59781a086
/Users/mac24/a/projects/fotos/keep/images/macbook2012/Pictures/iPhoto Library.migratedphotolibrary/Thumbnails/2013/08/14/20130814-125421/bKjN4Q7HSJujlc42+xksiw,P8110167.jpg,-,-,-,41771,-,-,360x203,-,-,d7b1a9442f5391b3487561f4532b56f9
/Users/mac24/a/projects/fotos/keep/images/macbook2012/Pictures/iPhoto Library.migratedphotolibrary/Thumbnails/2013/08/14/20130814-125421/BLbviPY2RCWLH9DhnBKqZg,P8120196_1024.jpg,-,-,-,143727,-,-,1024x577,-,-,5981c80a07a24900c78a780c9fc77543
/Users/mac24/a/projects/fotos/keep/images/macbook2012/Pictures/iPhoto Library.migratedphotolibrary/Thumbnails/2013/08/14/20130814-125421/BLbviPY2RCWLH9DhnBKqZg,P8120196.jpg,-,-,-,34209,-,-,360x203,-,-,8c248f77b12301125f43a37456a93997
/Users/mac24/a/projects/fotos/keep/images/macbook2012/Pictures/iPhoto Library.migratedphotolibrary/Thumbnails/2013/08/14/20130814-125421/BpLoi%odS+eOBnikr8Sk3A,P6240026_1024.jpg,-,-,-,273753,-,-,576x1024,-,-,1468ac05df596af14428548bff23bdbf
/Users/mac24/a/projects/fotos/keep/images/macbook2012/Pictures/iPhoto Library.migratedphotolibrary/Thumbnails/2013/08/14/20130814-125421/BpLoi%odS+eOBnikr8Sk3A,P6240026.jpg,-,-,-,42993,-,-,202x360,-,-,fb012934387c12d2e13ecdf3afe848dc
/Users/mac24/a/projects/fotos/keep/images/macbook2012/Pictures/iPhoto Library.migratedphotolibrary/Thumbnails/2013/08/14/20130814-125421/CDlYQVD6RZ2dFc%msUVpDA,P8120184_1024.jpg,-,-,-,413560,-,-,1024x577,-,-,0bfdd6bf27a9f0cf8b9671387fc205dd
/Users/mac24/a/projects/fotos/keep/images/macbook2012/Pictures/iPhoto Library.migratedphotolibrary/Thumbnails/2013/08/14/20130814-125421/CDlYQVD6RZ2dFc%msUVpDA,P8120184_face0.jpg,-,-,-,75818,-,-,460x460,-,-,730e27ff6e0613177df6a132a1e82eab
/Users/mac24/a/projects/fotos/keep/images/macbook2012/Pictures/iPhoto Library.migratedphotolibrary/Thumbnails/2013/08/14/20130814-125421/CDlYQVD6RZ2dFc%msUVpDA,P8120184.jpg,-,-,-,64575,-,-,360x203,-,-,4aba1c451d213cc4398928abbdc0f22f
/Users/mac24/a/projects/fotos/keep/images/macbook2012/Pictures/iPhoto Library.migratedphotolibrary/Thumbnails/2013/08/14/20130814-125421/ChFKMexZRMy%94ollxrCYA,P8110151_1024.jpg,-,-,-,258663,-,-,1024x577,-,-,b168f01947973c55884046f9dbefcaf2
/Users/mac24/a/projects/fotos/keep/images/macbook2012/Pictures/iPhoto Library.migratedphotolibrary/Thumbnails/2013/08/14/20130814-125421/ChFKMexZRMy%94ollxrCYA,P8110151.jpg,-,-,-,56176,-,-,360x203,-,-,fec55f8ebf337ab32673529f0e180f76
/Users/mac24/a/projects/fotos/keep/images/macbook2012/Pictures/iPhoto Library.migratedphotolibrary/Thumbnails/2013/08/14/20130814-125421/CLt55LFLTom8Q%m+fGKGQg,P8120206_1024.jpg,-,-,-,379203,-,-,1024x577,-,-,ca631f6b84254af5537e1b694815082d
/Users/mac24/a/projects/fotos/keep/images/macbook2012/Pictures/iPhoto Library.migratedphotolibrary/Thumbnails/2013/08/14/20130814-125421/CLt55LFLTom8Q%m+fGKGQg,P8120206_face0.jpg,-,-,-,52970,-,-,416x416,-,-,8ecf47dc4de245c9a161acd251fe456e
/Users/mac24/a/projects/fotos/keep/images/macbook2012/Pictures/iPhoto Library.migratedphotolibrary/Thumbnails/2013/08/14/20130814-125421/CLt55LFLTom8Q%m+fGKGQg,P8120206.jpg,-,-,-,61492,-,-,360x203,-,-,5b9e0f4173e24833e890bb9cbc618838
/Users/mac24/a/projects/fotos/keep/images/macbook2012/Pictures/iPhoto Library.migratedphotolibrary/Thumbnails/2013/08/14/20130814-125421/crtvrym6RRG7XZDMLISIPQ,P8130217_1024.jpg,-,-,-,433530,-,-,1024x577,-,-,361d4cdb7672f543a0820d23d8be7d65
/Users/mac24/a/projects/fotos/keep/images/macbook2012/Pictures/iPhoto Library.migratedphotolibrary/Thumbnails/2013/08/14/20130814-125421/crtvrym6RRG7XZDMLISIPQ,P8130217.jpg,-,-,-,60151,-,-,360x203,-,-,0cc00765420915d273495586365056d1
/Users/mac24/a/projects/fotos/keep/images/macbook2012/Pictures/iPhoto Library.migratedphotolibrary/Thumbnails/2013/08/14/20130814-125421/ct3EuC+gQeWSDYB1L35XmA,P8040063_1024.jpg,-,-,-,351301,-,-,578x1024,-,-,ff7b756f1e913f869d197d8a369453db
/Users/mac24/a/projects/fotos/keep/images/macbook2012/Pictures/iPhoto Library.migratedphotolibrary/Thumbnails/2013/08/14/20130814-125421/ct3EuC+gQeWSDYB1L35XmA,P8040063.jpg,-,-,-,52356,-,-,203x360,-,-,f4de806119d29db3e67db467129daf7e
/Users/mac24/a/projects/fotos/keep/images/macbook2012/Pictures/iPhoto Library.migratedphotolibrary/Thumbnails/2013/08/14/20130814-125421/D%X0sBlRRXG7+5QXz7leXw,P8040066_1024.jpg,-,-,-,483693,-,-,578x1024,-,-,0c2ae1c9623d82199b15379c9b8a84f0
/Users/mac24/a/projects/fotos/keep/images/macbook2012/Pictures/iPhoto Library.migratedphotolibrary/Thumbnails/2013/08/14/20130814-125421/D%X0sBlRRXG7+5QXz7leXw,P8040066.jpg,-,-,-,71274,-,-,203x360,-,-,fce95721cd18fea659755009d7feaa9b
/Users/mac24/a/projects/fotos/keep/images/macbook2012/Pictures/iPhoto Library.migratedphotolibrary/Thumbnails/2013/08/14/20130814-125421/d06Hs5NwRD2KaGdLJ59HZw,P8110128_1024.jpg,-,-,-,411764,-,-,1024x577,-,-,aa8749f4c68fb0da14fa8fa6f5777831
/Users/mac24/a/projects/fotos/keep/images/macbook2012/Pictures/iPhoto Library.migratedphotolibrary/Thumbnails/2013/08/14/20130814-125421/d06Hs5NwRD2KaGdLJ59HZw,P8110128_face0.jpg,-,-,-,24600,-,-,235x235,-,-,370960b822436bb35b0eb0063a01390e
/Users/mac24/a/projects/fotos/keep/images/macbook2012/Pictures/iPhoto Library.migratedphotolibrary/Thumbnails/2013/08/14/20130814-125421/d06Hs5NwRD2KaGdLJ59HZw,P8110128.jpg,-,-,-,60179,-,-,360x203,-,-,77d8009d0b48c2ec3da15464a69eab24
/Users/mac24/a/projects/fotos/keep/images/macbook2012/Pictures/iPhoto Library.migratedphotolibrary/Thumbnails/2013/08/14/20130814-125421/dCw0bpH1TwGwkwzndq451A,P8120187_1024.jpg,-,-,-,299610,-,-,1024x577,-,-,910e651d3a1d094301ca81daf3383e8c
/Users/mac24/a/projects/fotos/keep/images/macbook2012/Pictures/iPhoto Library.migratedphotolibrary/Thumbnails/2013/08/14/20130814-125421/dCw0bpH1TwGwkwzndq451A,P8120187_face0.jpg,-,-,-,112474,-,-,480x480,-,-,e105b25c8b7595dd621c201e8961eb1b
/Users/mac24/a/projects/fotos/keep/images/macbook2012/Pictures/iPhoto Library.migratedphotolibrary/Thumbnails/2013/08/14/20130814-125421/dCw0bpH1TwGwkwzndq451A,P8120187.jpg,-,-,-,55453,-,-,360x203,-,-,e21ed8b35ba56d2b98fbdd4019be1f9a
/Users/mac24/a/projects/fotos/keep/images/macbook2012/Pictures/iPhoto Library.migratedphotolibrary/Thumbnails/2013/08/14/20130814-125421/DgHGtgUURjq1aEPSQkKf6Q,P6240025_1024.jpg,-,-,-,270225,-,-,576x1024,-,-,2c0a30f22acb4bd7c3327161c16e80ee
/Users/mac24/a/projects/fotos/keep/images/macbook2012/Pictures/iPhoto Library.migratedphotolibrary/Thumbnails/2013/08/14/20130814-125421/DgHGtgUURjq1aEPSQkKf6Q,P6240025.jpg,-,-,-,41994,-,-,202x360,-,-,a02ac3eb7775c3d2e7b2d638ae122c48
/Users/mac24/a/projects/fotos/keep/images/macbook2012/Pictures/iPhoto Library.migratedphotolibrary/Thumbnails/2013/08/14/20130814-125421/Dvl%c04YSXOu0hNTxH8EUA,P8120174_1024.jpg,-,-,-,354135,-,-,1024x577,-,-,32f1f2a5541a3a6081839218765c8fd0
/Users/mac24/a/projects/fotos/keep/images/macbook2012/Pictures/iPhoto Library.migratedphotolibrary/Thumbnails/2013/08/14/20130814-125421/Dvl%c04YSXOu0hNTxH8EUA,P8120174.jpg,-,-,-,56599,-,-,360x203,-,-,3167d1870b568a52e60741b0626586c2
/Users/mac24/a/projects/fotos/keep/images/macbook2012/Pictures/iPhoto Library.migratedphotolibrary/Thumbnails/2013/08/14/20130814-125421/e5smhJG+RFyjCVvgE9WMwg,P8120194_1024.jpg,-,-,-,375960,-,-,578x1024,-,-,c8a34272d606346564e6ecd0dc33ef13
/Users/mac24/a/projects/fotos/keep/images/macbook2012/Pictures/iPhoto Library.migratedphotolibrary/Thumbnails/2013/08/14/20130814-125421/e5smhJG+RFyjCVvgE9WMwg,P8120194_face0.jpg,-,-,-,46781,-,-,330x330,-,-,9e0245653256c9be66d792ae78037121
/Users/mac24/a/projects/fotos/keep/images/macbook2012/Pictures/iPhoto Library.migratedphotolibrary/Thumbnails/2013/08/14/20130814-125421/e5smhJG+RFyjCVvgE9WMwg,P8120194.jpg,-,-,-,60404,-,-,203x360,-,-,688a7afd63e67b09d575f60ef7a3a133
/Users/mac24/a/projects/fotos/keep/images/macbook2012/Pictures/iPhoto Library.migratedphotolibrary/Thumbnails/2013/08/14/20130814-125421/Ekg88if1SRetDlkvmq17pQ,P8110106_1024.jpg,-,-,-,309237,-,-,1024x577,-,-,b10ac81604bf23d5d912740758fd483e
/Users/mac24/a/projects/fotos/keep/images/macbook2012/Pictures/iPhoto Library.migratedphotolibrary/Thumbnails/2013/08/14/20130814-125421/Ekg88if1SRetDlkvmq17pQ,P8110106.jpg,-,-,-,48614,-,-,360x203,-,-,cb73118b96451f5f333ebde954c6e47a
/Users/mac24/a/projects/fotos/keep/images/macbook2012/Pictures/iPhoto Library.migratedphotolibrary/Thumbnails/2013/08/14/20130814-125421/eOb8lHZpS+662QT3alSwUA,P8040060_1024.jpg,-,-,-,485863,-,-,578x1024,-,-,aa18d77fdbee6a6238e049c3715ee071
/Users/mac24/a/projects/fotos/keep/images/macbook2012/Pictures/iPhoto Library.migratedphotolibrary/Thumbnails/2013/08/14/20130814-125421/eOb8lHZpS+662QT3alSwUA,P8040060.jpg,-,-,-,71021,-,-,203x360,-,-,53c1f70b95184bb36ecc1bb2b985a4fb
/Users/mac24/a/projects/fotos/keep/images/macbook2012/Pictures/iPhoto Library.migratedphotolibrary/Thumbnails/2013/08/14/20130814-125421/eTNuM3WCRj6AoCXBzy76xQ,P6240021_1024.jpg,-,-,-,320124,-,-,1024x576,-,-,90f3fb86a066e6b49d6884ac561ed76b
/Users/mac24/a/projects/fotos/keep/images/macbook2012/Pictures/iPhoto Library.migratedphotolibrary/Thumbnails/2013/08/14/20130814-125421/eTNuM3WCRj6AoCXBzy76xQ,P6240021.jpg,-,-,-,46865,-,-,360x203,-,-,513963f8abe9082c834790ac8aa03304
/Users/mac24/a/projects/fotos/keep/images/macbook2012/Pictures/iPhoto Library.migratedphotolibrary/Thumbnails/2013/08/14/20130814-125421/eY3gUWoKTgaxQdxMKCd+LQ,P8120180_1024.jpg,-,-,-,430098,-,-,1024x577,-,-,6f8721ac7ef80b22d760a26e585ec140
/Users/mac24/a/projects/fotos/keep/images/macbook2012/Pictures/iPhoto Library.migratedphotolibrary/Thumbnails/2013/08/14/20130814-125421/eY3gUWoKTgaxQdxMKCd+LQ,P8120180.jpg,-,-,-,61865,-,-,360x203,-,-,7398723abf287d46d79d25f722cad5ab
/Users/mac24/a/projects/fotos/keep/images/macbook2012/Pictures/iPhoto Library.migratedphotolibrary/Thumbnails/2013/08/14/20130814-125421/EY9KeieqQsudBxzhEoTAuQ,P8120181_1024.jpg,-,-,-,428780,-,-,1024x577,-,-,14ed0c94bf69bb32926cf5cea82f9f10
/Users/mac24/a/projects/fotos/keep/images/macbook2012/Pictures/iPhoto Library.migratedphotolibrary/Thumbnails/2013/08/14/20130814-125421/EY9KeieqQsudBxzhEoTAuQ,P8120181.jpg,-,-,-,66747,-,-,360x203,-,-,d3b4f9dc0ea9f1149dd037fadd612a44
/Users/mac24/a/projects/fotos/keep/images/macbook2012/Pictures/iPhoto Library.migratedphotolibrary/Thumbnails/2013/08/14/20130814-125421/FHK00fT1SymsQMN+3otl6Q,P8140222_1024.jpg,-,-,-,130727,-,-,1024x577,-,-,3c80ec1688c32d671f0ee123a268d79a
/Users/mac24/a/projects/fotos/keep/images/macbook2012/Pictures/iPhoto Library.migratedphotolibrary/Thumbnails/2013/08/14/20130814-125421/FHK00fT1SymsQMN+3otl6Q,P8140222.jpg,-,-,-,20979,-,-,360x203,-,-,54feaca1c652834e68a822eda1b7f553
/Users/mac24/a/projects/fotos/keep/images/macbook2012/Pictures/iPhoto Library.migratedphotolibrary/Thumbnails/2013/08/14/20130814-125421/FizbC4SISGGQZGvlid+Wgg,P8130212_1024.jpg,-,-,-,331933,-,-,578x1024,-,-,92d01054a12ea9e190cd86c2f7beb9f2
/Users/mac24/a/projects/fotos/keep/images/macbook2012/Pictures/iPhoto Library.migratedphotolibrary/Thumbnails/2013/08/14/20130814-125421/FizbC4SISGGQZGvlid+Wgg,P8130212.jpg,-,-,-,47702,-,-,203x360,-,-,f694a35efd6b100ff9951faf502787ec
/Users/mac24/a/projects/fotos/keep/images/macbook2012/Pictures/iPhoto Library.migratedphotolibrary/Thumbnails/2013/08/14/20130814-125421/g6wy4fm4TQaABTCaIqPBdQ,P8120191_1024.jpg,-,-,-,255565,-,-,1024x577,-,-,ddf7f9520e697e2fa3c2fd815a15aa9b
/Users/mac24/a/projects/fotos/keep/images/macbook2012/Pictures/iPhoto Library.migratedphotolibrary/Thumbnails/2013/08/14/20130814-125421/g6wy4fm4TQaABTCaIqPBdQ,P8120191_face0.jpg,-,-,-,51816,-,-,480x480,-,-,32b987bddcb012a164756cb65ead55dc
/Users/mac24/a/projects/fotos/keep/images/macbook2012/Pictures/iPhoto Library.migratedphotolibrary/Thumbnails/2013/08/14/20130814-125421/g6wy4fm4TQaABTCaIqPBdQ,P8120191.jpg,-,-,-,53773,-,-,360x203,-,-,f2fa1564a13928b6fd68da894a341705
/Users/mac24/a/projects/fotos/keep/images/macbook2012/Pictures/iPhoto Library.migratedphotolibrary/Thumbnails/2013/08/14/20130814-125421/g9Tcp6ijSS+4e36SaTejrw,P8110099_1024.jpg,-,-,-,269036,-,-,1024x577,-,-,273516ff5d05732f61e6a45766181245
/Users/mac24/a/projects/fotos/keep/images/macbook2012/Pictures/iPhoto Library.migratedphotolibrary/Thumbnails/2013/08/14/20130814-125421/g9Tcp6ijSS+4e36SaTejrw,P8110099_face0.jpg,-,-,-,46593,-,-,356x356,-,-,ef73876cc528af23a7f157e583d16999
/Users/mac24/a/projects/fotos/keep/images/macbook2012/Pictures/iPhoto Library.migratedphotolibrary/Thumbnails/2013/08/14/20130814-125421/g9Tcp6ijSS+4e36SaTejrw,P8110099.jpg,-,-,-,49353,-,-,360x203,-,-,b3a5765900395072483e08f1312a1541
/Users/mac24/a/projects/fotos/keep/images/macbook2012/Pictures/iPhoto Library.migratedphotolibrary/Thumbnails/2013/08/14/20130814-125421/gJPAVOQQS%asbxH64CIPMA,P8040052_1024.jpg,-,-,-,349527,-,-,578x1024,-,-,e5e0f01d7034c2b2521188e6c613c6ad
/Users/mac24/a/projects/fotos/keep/images/macbook2012/Pictures/iPhoto Library.migratedphotolibrary/Thumbnails/2013/08/14/20130814-125421/gJPAVOQQS%asbxH64CIPMA,P8040052.jpg,-,-,-,57540,-,-,203x360,-,-,faa27f67e782d8171ef63ad0e9a9e0b9
/Users/mac24/a/projects/fotos/keep/images/macbook2012/Pictures/iPhoto Library.migratedphotolibrary/Thumbnails/2013/08/14/20130814-125421/gJSbxYC8SQ2iIOYld1B0Iw,P8110123_1024.jpg,-,-,-,345145,-,-,578x1024,-,-,84264ae18d0e034a889de4e3a380f985
/Users/mac24/a/projects/fotos/keep/images/macbook2012/Pictures/iPhoto Library.migratedphotolibrary/Thumbnails/2013/08/14/20130814-125421/gJSbxYC8SQ2iIOYld1B0Iw,P8110123.jpg,-,-,-,56210,-,-,203x360,-,-,5bfa94dea3e4825da8549a6e75ca63e0
/Users/mac24/a/projects/fotos/keep/images/macbook2012/Pictures/iPhoto Library.migratedphotolibrary/Thumbnails/2013/08/14/20130814-125421/GpnEXHpeRKq8hZIUDP9c0w,P8110135_1024.jpg,-,-,-,103024,-,-,578x1024,-,-,59bfa928d209b1337cce1c0beab50619
/Users/mac24/a/projects/fotos/keep/images/macbook2012/Pictures/iPhoto Library.migratedphotolibrary/Thumbnails/2013/08/14/20130814-125421/GpnEXHpeRKq8hZIUDP9c0w,P8110135_face0.jpg,-,-,-,30674,-,-,451x451,-,-,0de11924fa0429a4b6a2ec35203b8e38
/Users/mac24/a/projects/fotos/keep/images/macbook2012/Pictures/iPhoto Library.migratedphotolibrary/Thumbnails/2013/08/14/20130814-125421/GpnEXHpeRKq8hZIUDP9c0w,P8110135.jpg,-,-,-,21423,-,-,203x360,-,-,d458dc8dcd2c6c6f2a0decf2836cab39
/Users/mac24/a/projects/fotos/keep/images/macbook2012/Pictures/iPhoto Library.migratedphotolibrary/Thumbnails/2013/08/14/20130814-125421/guCT1t+ERWy2OCZFDMAxXA,P8110095_1024.jpg,-,-,-,278408,-,-,1024x577,-,-,9bb196f3d6498a461e526187d91af8ee
/Users/mac24/a/projects/fotos/keep/images/macbook2012/Pictures/iPhoto Library.migratedphotolibrary/Thumbnails/2013/08/14/20130814-125421/guCT1t+ERWy2OCZFDMAxXA,P8110095.jpg,-,-,-,46899,-,-,360x203,-,-,d1520983e5b5425d626c551faf01e16b
/Users/mac24/a/projects/fotos/keep/images/macbook2012/Pictures/iPhoto Library.migratedphotolibrary/Thumbnails/2013/08/14/20130814-125421/gV3aLfsbRpKw73+7iLbneg,P8110082_1024.jpg,-,-,-,348677,-,-,578x1024,-,-,8d25a934bd599347893dbf5f87af7f9f
/Users/mac24/a/projects/fotos/keep/images/macbook2012/Pictures/iPhoto Library.migratedphotolibrary/Thumbnails/2013/08/14/20130814-125421/gV3aLfsbRpKw73+7iLbneg,P8110082_face0.jpg,-,-,-,27135,-,-,227x227,-,-,ff9ab8749b958eaa9b5d2db0b422a55d
/Users/mac24/a/projects/fotos/keep/images/macbook2012/Pictures/iPhoto Library.migratedphotolibrary/Thumbnails/2013/08/14/20130814-125421/gV3aLfsbRpKw73+7iLbneg,P8110082_face1.jpg,-,-,-,22687,-,-,217x217,-,-,570deb8cb0e996ce0fd4703a7846888f
/Users/mac24/a/projects/fotos/keep/images/macbook2012/Pictures/iPhoto Library.migratedphotolibrary/Thumbnails/2013/08/14/20130814-125421/gV3aLfsbRpKw73+7iLbneg,P8110082.jpg,-,-,-,55643,-,-,203x360,-,-,bd34c951873424fe60253d5e8e12a453
/Users/mac24/a/projects/fotos/keep/images/macbook2012/Pictures/iPhoto Library.migratedphotolibrary/Thumbnails/2013/08/14/20130814-125421/i0vZrTC6SqSDhae43SWmGQ,P7060032_1024.jpg,-,-,-,307833,-,-,1024x576,-,-,eea58ee6623e6058c806df1790a274ca
/Users/mac24/a/projects/fotos/keep/images/macbook2012/Pictures/iPhoto Library.migratedphotolibrary/Thumbnails/2013/08/14/20130814-125421/i0vZrTC6SqSDhae43SWmGQ,P7060032.jpg,-,-,-,58684,-,-,360x203,-,-,755b16ba2303bb5fd28496856a7e4071
/Users/mac24/a/projects/fotos/keep/images/macbook2012/Pictures/iPhoto Library.migratedphotolibrary/Thumbnails/2013/08/14/20130814-125421/i18AZVSpQB6pF5U6u+dWzw,P8110130_1024.jpg,-,-,-,425455,-,-,1024x577,-,-,5a952cdec70ebb69150d5399dc3bb5ea
/Users/mac24/a/projects/fotos/keep/images/macbook2012/Pictures/iPhoto Library.migratedphotolibrary/Thumbnails/2013/08/14/20130814-125421/i18AZVSpQB6pF5U6u+dWzw,P8110130.jpg,-,-,-,56489,-,-,360x203,-,-,41b1b411ab41175e3f99a6bbcb132475
/Users/mac24/a/projects/fotos/keep/images/macbook2012/Pictures/iPhoto Library.migratedphotolibrary/Thumbnails/2013/08/14/20130814-125421/i7ZB9U7NTzqEUSglH8HS+w,P8110160_1024.jpg,-,-,-,239864,-,-,1024x577,-,-,9c435c286f186a9d7a6fa9caf9639fd4
/Users/mac24/a/projects/fotos/keep/images/macbook2012/Pictures/iPhoto Library.migratedphotolibrary/Thumbnails/2013/08/14/20130814-125421/i7ZB9U7NTzqEUSglH8HS+w,P8110160_face0.jpg,-,-,-,107654,-,-,480x480,-,-,f9e89413b2a32a8d4ce13027d57a3125
/Users/mac24/a/projects/fotos/keep/images/macbook2012/Pictures/iPhoto Library.migratedphotolibrary/Thumbnails/2013/08/14/20130814-125421/i7ZB9U7NTzqEUSglH8HS+w,P8110160.jpg,-,-,-,51440,-,-,360x203,-,-,5b1f6288c699f37c945a7f0292e01f44
/Users/mac24/a/projects/fotos/keep/images/macbook2012/Pictures/iPhoto Library.migratedphotolibrary/Thumbnails/2013/08/14/20130814-125421/iKOdI+ocRiyNupPGEo7ZMA,P8110136_1024.jpg,-,-,-,174617,-,-,578x1024,-,-,91768cac26568f50b65ac72d65d1c1d3
/Users/mac24/a/projects/fotos/keep/images/macbook2012/Pictures/iPhoto Library.migratedphotolibrary/Thumbnails/2013/08/14/20130814-125421/iKOdI+ocRiyNupPGEo7ZMA,P8110136.jpg,-,-,-,32952,-,-,203x360,-,-,5be679010b3d751a1a5d8eed515d0f2f
/Users/mac24/a/projects/fotos/keep/images/macbook2012/Pictures/iPhoto Library.migratedphotolibrary/Thumbnails/2013/08/14/20130814-125421/j87UWMJwSAOdXMCeGDdSag,P8130218_1024.jpg,-,-,-,431688,-,-,1024x577,-,-,d1b6dbba582048ce82f538d78cf229b2
/Users/mac24/a/projects/fotos/keep/images/macbook2012/Pictures/iPhoto Library.migratedphotolibrary/Thumbnails/2013/08/14/20130814-125421/j87UWMJwSAOdXMCeGDdSag,P8130218.jpg,-,-,-,60402,-,-,360x203,-,-,011fd711b0b05e23196c2f3080e8e5ef
/Users/mac24/a/projects/fotos/keep/images/macbook2012/Pictures/iPhoto Library.migratedphotolibrary/Thumbnails/2013/08/14/20130814-125421/JnF6ygIGR%yeVdl1L9K+IA,P8040059_1024.jpg,-,-,-,402998,-,-,578x1024,-,-,e347992a709e19beea80338c4ba7db07
/Users/mac24/a/projects/fotos/keep/images/macbook2012/Pictures/iPhoto Library.migratedphotolibrary/Thumbnails/2013/08/14/20130814-125421/JnF6ygIGR%yeVdl1L9K+IA,P8040059.jpg,-,-,-,62439,-,-,203x360,-,-,28f73e426f88f97d76d3b78b4fd2b746
/Users/mac24/a/projects/fotos/keep/images/macbook2012/Pictures/iPhoto Library.migratedphotolibrary/Thumbnails/2013/08/14/20130814-125421/jqqeVlyiQoy5JTBU8qN4Bw,P8110102_1024.jpg,-,-,-,231166,-,-,1024x577,-,-,a4c3287405ddf6c382b890369a23ff13
/Users/mac24/a/projects/fotos/keep/images/macbook2012/Pictures/iPhoto Library.migratedphotolibrary/Thumbnails/2013/08/14/20130814-125421/jqqeVlyiQoy5JTBU8qN4Bw,P8110102.jpg,-,-,-,46959,-,-,360x203,-,-,ca1b52982d161dacac9b3458d5ea177c
/Users/mac24/a/projects/fotos/keep/images/macbook2012/Pictures/iPhoto Library.migratedphotolibrary/Thumbnails/2013/08/14/20130814-125421/jY7bFOZvSiCEC4KFMGq3mQ,P8040061_1024.jpg,-,-,-,398787,-,-,578x1024,-,-,8888f1318f456baeb72c7e590450fa31
/Users/mac24/a/projects/fotos/keep/images/macbook2012/Pictures/iPhoto Library.migratedphotolibrary/Thumbnails/2013/08/14/20130814-125421/jY7bFOZvSiCEC4KFMGq3mQ,P8040061.jpg,-,-,-,62191,-,-,203x360,-,-,9d1bf6972380dd37335405aeddbbedc1
/Users/mac24/a/projects/fotos/keep/images/macbook2012/Pictures/iPhoto Library.migratedphotolibrary/Thumbnails/2013/08/14/20130814-125421/KDxxjgPjS8+brGaUVgENhQ,P8120189_1024.jpg,-,-,-,274133,-,-,1024x577,-,-,271cc8d6ce02ea67fba2b78699602000
/Users/mac24/a/projects/fotos/keep/images/macbook2012/Pictures/iPhoto Library.migratedphotolibrary/Thumbnails/2013/08/14/20130814-125421/KDxxjgPjS8+brGaUVgENhQ,P8120189_face0.jpg,-,-,-,67334,-,-,480x480,-,-,8f85c378b69dd0a948b137804c4a4de9
/Users/mac24/a/projects/fotos/keep/images/macbook2012/Pictures/iPhoto Library.migratedphotolibrary/Thumbnails/2013/08/14/20130814-125421/KDxxjgPjS8+brGaUVgENhQ,P8120189.jpg,-,-,-,53227,-,-,360x203,-,-,e1dabd4001407a9d82954c4c20fd410c
/Users/mac24/a/projects/fotos/keep/images/macbook2012/Pictures/iPhoto Library.migratedphotolibrary/Thumbnails/2013/08/14/20130814-125421/kfXxzVVlRh+Rk20Oku7kdA,P8040046_1024.jpg,-,-,-,425481,-,-,1024x576,-,-,5b889d99ae421aaa4a394f64e2479e27
/Users/mac24/a/projects/fotos/keep/images/macbook2012/Pictures/iPhoto Library.migratedphotolibrary/Thumbnails/2013/08/14/20130814-125421/kfXxzVVlRh+Rk20Oku7kdA,P8040046.jpg,-,-,-,64352,-,-,360x203,-,-,6cfdcd3c18563bc677b9e386cba8bd33
/Users/mac24/a/projects/fotos/keep/images/macbook2012/Pictures/iPhoto Library.migratedphotolibrary/Thumbnails/2013/08/14/20130814-125421/KG6Oq+mrQmaJy%TLTbETxg,P6230008_1024.jpg,-,-,-,456732,-,-,1024x576,-,-,3913eb866b1bdb3d78e7d2889237121f
/Users/mac24/a/projects/fotos/keep/images/macbook2012/Pictures/iPhoto Library.migratedphotolibrary/Thumbnails/2013/08/14/20130814-125421/KG6Oq+mrQmaJy%TLTbETxg,P6230008.jpg,-,-,-,69772,-,-,360x203,-,-,50986479b0e59fb12df32dadf3c34a98
/Users/mac24/a/projects/fotos/keep/images/macbook2012/Pictures/iPhoto Library.migratedphotolibrary/Thumbnails/2013/08/14/20130814-125421/kSupbHPxTqiyC+3UQwHoxA,P8110139_1024.jpg,-,-,-,148702,-,-,578x1024,-,-,84194c40ab5267541a8c1c69b1315cc7
/Users/mac24/a/projects/fotos/keep/images/macbook2012/Pictures/iPhoto Library.migratedphotolibrary/Thumbnails/2013/08/14/20130814-125421/kSupbHPxTqiyC+3UQwHoxA,P8110139.jpg,-,-,-,30499,-,-,203x360,-,-,ed1997eac9d80adb461d3815b4f6cb2d
/Users/mac24/a/projects/fotos/keep/images/macbook2012/Pictures/iPhoto Library.migratedphotolibrary/Thumbnails/2013/08/14/20130814-125421/KYUU1JpBQjC%o5s6PRYLWw,P8110156_1024.jpg,-,-,-,246137,-,-,1024x577,-,-,04a41643632bd33514bc1cb9d309f724
/Users/mac24/a/projects/fotos/keep/images/macbook2012/Pictures/iPhoto Library.migratedphotolibrary/Thumbnails/2013/08/14/20130814-125421/KYUU1JpBQjC%o5s6PRYLWw,P8110156_face0.jpg,-,-,-,113477,-,-,480x480,-,-,22ade8ff71737f5c6c2299fba617eb0b
/Users/mac24/a/projects/fotos/keep/images/macbook2012/Pictures/iPhoto Library.migratedphotolibrary/Thumbnails/2013/08/14/20130814-125421/KYUU1JpBQjC%o5s6PRYLWw,P8110156.jpg,-,-,-,53237,-,-,360x203,-,-,fb855c4fb8fe26f03838cf490e2372d1
/Users/mac24/a/projects/fotos/keep/images/macbook2012/Pictures/iPhoto Library.migratedphotolibrary/Thumbnails/2013/08/14/20130814-125421/kzb8JusNQbSlRZlngthk5A,P8140221_1024.jpg,-,-,-,125954,-,-,1024x577,-,-,54b7ef24269399f8c520a3d7f0cbd714
/Users/mac24/a/projects/fotos/keep/images/macbook2012/Pictures/iPhoto Library.migratedphotolibrary/Thumbnails/2013/08/14/20130814-125421/kzb8JusNQbSlRZlngthk5A,P8140221.jpg,-,-,-,19859,-,-,360x203,-,-,3ba363ec636670a3f0be54af9b3769f3
/Users/mac24/a/projects/fotos/keep/images/macbook2012/Pictures/iPhoto Library.migratedphotolibrary/Thumbnails/2013/08/14/20130814-125421/L470LElmQjOdJSEyDgPN%A,P8130216_1024.jpg,-,-,-,311340,-,-,1024x577,-,-,895ba38d449644bd55ea3656d6455dde
/Users/mac24/a/projects/fotos/keep/images/macbook2012/Pictures/iPhoto Library.migratedphotolibrary/Thumbnails/2013/08/14/20130814-125421/L470LElmQjOdJSEyDgPN%A,P8130216_face0.jpg,-,-,-,33279,-,-,226x226,-,-,d498491cc6fea6279c61f25f3ff12d26
/Users/mac24/a/projects/fotos/keep/images/macbook2012/Pictures/iPhoto Library.migratedphotolibrary/Thumbnails/2013/08/14/20130814-125421/L470LElmQjOdJSEyDgPN%A,P8130216.jpg,-,-,-,53850,-,-,360x203,-,-,84e6a3a3dff738155b108b607d0ece94
/Users/mac24/a/projects/fotos/keep/images/macbook2012/Pictures/iPhoto Library.migratedphotolibrary/Thumbnails/2013/08/14/20130814-125421/mNifebsaRR2BzFobKvEIyA,P8110086_1024.jpg,-,-,-,197087,-,-,1024x577,-,-,ce7c09540e280d991147f8f49db8d596
/Users/mac24/a/projects/fotos/keep/images/macbook2012/Pictures/iPhoto Library.migratedphotolibrary/Thumbnails/2013/08/14/20130814-125421/mNifebsaRR2BzFobKvEIyA,P8110086.jpg,-,-,-,40799,-,-,360x203,-,-,d1474a8f43af8028d5d0b53fcee1a7a9
/Users/mac24/a/projects/fotos/keep/images/macbook2012/Pictures/iPhoto Library.migratedphotolibrary/Thumbnails/2013/08/14/20130814-125421/MonAn+VmRaajMmqTYmWWBA,P8110103_1024.jpg,-,-,-,236377,-,-,1024x577,-,-,abfc4b59ebbe9581d8c1b505eab4af4a
/Users/mac24/a/projects/fotos/keep/images/macbook2012/Pictures/iPhoto Library.migratedphotolibrary/Thumbnails/2013/08/14/20130814-125421/MonAn+VmRaajMmqTYmWWBA,P8110103.jpg,-,-,-,46083,-,-,360x203,-,-,53044bf52aa49038fef9d229af8b7dba
/Users/mac24/a/projects/fotos/keep/images/macbook2012/Pictures/iPhoto Library.migratedphotolibrary/Thumbnails/2013/08/14/20130814-125421/MpTJAy8iQNurpQNB28yB2g,P8110161_1024.jpg,-,-,-,218343,-,-,1024x577,-,-,4bb88260f5be6dfcacdb551e20464f3e
/Users/mac24/a/projects/fotos/keep/images/macbook2012/Pictures/iPhoto Library.migratedphotolibrary/Thumbnails/2013/08/14/20130814-125421/MpTJAy8iQNurpQNB28yB2g,P8110161.jpg,-,-,-,42225,-,-,360x203,-,-,8e13cf975cead5dd074f004799c4a7f8
/Users/mac24/a/projects/fotos/keep/images/macbook2012/Pictures/iPhoto Library.migratedphotolibrary/Thumbnails/2013/08/14/20130814-125421/mQj3wgpgSmu1g5OUy9S5qA,P8110162_1024.jpg,-,-,-,220584,-,-,1024x577,-,-,912cf5514c5270b55410a80826351ce7
/Users/mac24/a/projects/fotos/keep/images/macbook2012/Pictures/iPhoto Library.migratedphotolibrary/Thumbnails/2013/08/14/20130814-125421/mQj3wgpgSmu1g5OUy9S5qA,P8110162.jpg,-,-,-,46294,-,-,360x203,-,-,df3ae15eda3598b6a02664bb4bfa8299
/Users/mac24/a/projects/fotos/keep/images/macbook2012/Pictures/iPhoto Library.migratedphotolibrary/Thumbnails/2013/08/14/20130814-125421/MX5LHbO5SsGaz%V7NCOdOg,P8110118_1024.jpg,-,-,-,334788,-,-,1024x577,-,-,6bfa164a51d25d3b7a3a8ec245c86061
/Users/mac24/a/projects/fotos/keep/images/macbook2012/Pictures/iPhoto Library.migratedphotolibrary/Thumbnails/2013/08/14/20130814-125421/MX5LHbO5SsGaz%V7NCOdOg,P8110118.jpg,-,-,-,55329,-,-,360x203,-,-,c01d64be878473a5c82f49167b6d0e06
/Users/mac24/a/projects/fotos/keep/images/macbook2012/Pictures/iPhoto Library.migratedphotolibrary/Thumbnails/2013/08/14/20130814-125421/NCzvTrMxQ4WcHQAcXMUmgg,P8120186_1024.jpg,-,-,-,370610,-,-,1024x577,-,-,c824d2704d78bf8dde5189ea4a6fc4b5
/Users/mac24/a/projects/fotos/keep/images/macbook2012/Pictures/iPhoto Library.migratedphotolibrary/Thumbnails/2013/08/14/20130814-125421/NCzvTrMxQ4WcHQAcXMUmgg,P8120186_face0.jpg,-,-,-,19595,-,-,244x244,-,-,f577525506827c26625f452b971e3cdb
/Users/mac24/a/projects/fotos/keep/images/macbook2012/Pictures/iPhoto Library.migratedphotolibrary/Thumbnails/2013/08/14/20130814-125421/NCzvTrMxQ4WcHQAcXMUmgg,P8120186.jpg,-,-,-,59844,-,-,360x203,-,-,35f629c991f709d92dbf16e965b64210
/Users/mac24/a/projects/fotos/keep/images/macbook2012/Pictures/iPhoto Library.migratedphotolibrary/Thumbnails/2013/08/14/20130814-125421/nv5DabqBRReOXgejAS0bCA,P8120205_1024.jpg,-,-,-,469875,-,-,578x1024,-,-,d051b5621a29af8bef0f01fed69c74de
/Users/mac24/a/projects/fotos/keep/images/macbook2012/Pictures/iPhoto Library.migratedphotolibrary/Thumbnails/2013/08/14/20130814-125421/nv5DabqBRReOXgejAS0bCA,P8120205.jpg,-,-,-,70136,-,-,203x360,-,-,4bc2726f8b12b2a8548b8c907173fbac
/Users/mac24/a/projects/fotos/keep/images/macbook2012/Pictures/iPhoto Library.migratedphotolibrary/Thumbnails/2013/08/14/20130814-125421/Ny8dwX0VSfCtePIyiW2msg,P8120179_1024.jpg,-,-,-,358999,-,-,1024x577,-,-,cb6c366d273fdafaf15e2addc7078160
/Users/mac24/a/projects/fotos/keep/images/macbook2012/Pictures/iPhoto Library.migratedphotolibrary/Thumbnails/2013/08/14/20130814-125421/Ny8dwX0VSfCtePIyiW2msg,P8120179.jpg,-,-,-,61777,-,-,360x203,-,-,fee2fdb976a94f4f28b7d7188c46a8f3
/Users/mac24/a/projects/fotos/keep/images/macbook2012/Pictures/iPhoto Library.migratedphotolibrary/Thumbnails/2013/08/14/20130814-125421/O80IOSwjTiOsbRKtTTMwow,P8120195_1024.jpg,-,-,-,451160,-,-,1024x577,-,-,52c704afdfff328fd80e3b596da4e21e
/Users/mac24/a/projects/fotos/keep/images/macbook2012/Pictures/iPhoto Library.migratedphotolibrary/Thumbnails/2013/08/14/20130814-125421/O80IOSwjTiOsbRKtTTMwow,P8120195_face0.jpg,-,-,-,35086,-,-,278x278,-,-,c83a20b4c140126c5aa9a38a6d7668e1
/Users/mac24/a/projects/fotos/keep/images/macbook2012/Pictures/iPhoto Library.migratedphotolibrary/Thumbnails/2013/08/14/20130814-125421/O80IOSwjTiOsbRKtTTMwow,P8120195.jpg,-,-,-,66542,-,-,360x203,-,-,dd210c9250e714d8e792efe153bb667c
/Users/mac24/a/projects/fotos/keep/images/macbook2012/Pictures/iPhoto Library.migratedphotolibrary/Thumbnails/2013/08/14/20130814-125421/OjoBBEtST8CyHYB4FwWF3Q,P8110159_1024.jpg,-,-,-,244071,-,-,1024x577,-,-,e769dd98704d71806ef29391def7e4a3
/Users/mac24/a/projects/fotos/keep/images/macbook2012/Pictures/iPhoto Library.migratedphotolibrary/Thumbnails/2013/08/14/20130814-125421/OjoBBEtST8CyHYB4FwWF3Q,P8110159_face0.jpg,-,-,-,110063,-,-,480x480,-,-,580621418ed1a09cb9728dd76b2af9d5
/Users/mac24/a/projects/fotos/keep/images/macbook2012/Pictures/iPhoto Library.migratedphotolibrary/Thumbnails/2013/08/14/20130814-125421/OjoBBEtST8CyHYB4FwWF3Q,P8110159.jpg,-,-,-,52873,-,-,360x203,-,-,240e5a7194d2083ffad4d770d8edef11
/Users/mac24/a/projects/fotos/keep/images/macbook2012/Pictures/iPhoto Library.migratedphotolibrary/Thumbnails/2013/08/14/20130814-125421/onoxWueuR2iNwpCczZLumA,P8120173_1024.jpg,-,-,-,292670,-,-,578x1024,-,-,a77e70072e8f181a9ad2270db638e2f7
/Users/mac24/a/projects/fotos/keep/images/macbook2012/Pictures/iPhoto Library.migratedphotolibrary/Thumbnails/2013/08/14/20130814-125421/onoxWueuR2iNwpCczZLumA,P8120173.jpg,-,-,-,53223,-,-,203x360,-,-,783525d5c51bd02cccbb96b27430fec1
/Users/mac24/a/projects/fotos/keep/images/macbook2012/Pictures/iPhoto Library.migratedphotolibrary/Thumbnails/2013/08/14/20130814-125421/oSfSX0ZsRgyuYCb+I8jMbg,P8110090_1024.jpg,-,-,-,328573,-,-,578x1024,-,-,23353d74c15e4419b1137f448bc00f8e
/Users/mac24/a/projects/fotos/keep/images/macbook2012/Pictures/iPhoto Library.migratedphotolibrary/Thumbnails/2013/08/14/20130814-125421/oSfSX0ZsRgyuYCb+I8jMbg,P8110090_face0.jpg,-,-,-,38122,-,-,348x348,-,-,91383da2903541aa7a5eabdd81b0b303
/Users/mac24/a/projects/fotos/keep/images/macbook2012/Pictures/iPhoto Library.migratedphotolibrary/Thumbnails/2013/08/14/20130814-125421/oSfSX0ZsRgyuYCb+I8jMbg,P8110090_face1.jpg,-,-,-,31314,-,-,330x330,-,-,ca8ff0ad67822b21d54917fb4d7df368
/Users/mac24/a/projects/fotos/keep/images/macbook2012/Pictures/iPhoto Library.migratedphotolibrary/Thumbnails/2013/08/14/20130814-125421/oSfSX0ZsRgyuYCb+I8jMbg,P8110090.jpg,-,-,-,56198,-,-,203x360,-,-,5a8ca6bd0779fa6012c5bd0a9c061edd
/Users/mac24/a/projects/fotos/keep/images/macbook2012/Pictures/iPhoto Library.migratedphotolibrary/Thumbnails/2013/08/14/20130814-125421/oZ%F0i5rQCKUt16bQ33zxg,P6240024_1024.jpg,-,-,-,239287,-,-,576x1024,-,-,56c9e4357b152ff084cf6fd3126f313a
/Users/mac24/a/projects/fotos/keep/images/macbook2012/Pictures/iPhoto Library.migratedphotolibrary/Thumbnails/2013/08/14/20130814-125421/oZ%F0i5rQCKUt16bQ33zxg,P6240024.jpg,-,-,-,37055,-,-,202x360,-,-,7fb19bfa3c53890868fe552944ae8521
/Users/mac24/a/projects/fotos/keep/images/macbook2012/Pictures/iPhoto Library.migratedphotolibrary/Thumbnails/2013/08/14/20130814-125421/Pqtw4tcmSlma53kQvDFwSg,P8110089_1024.jpg,-,-,-,329208,-,-,1024x577,-,-,055e05806aa7c389901c57f8a73506de
/Users/mac24/a/projects/fotos/keep/images/macbook2012/Pictures/iPhoto Library.migratedphotolibrary/Thumbnails/2013/08/14/20130814-125421/Pqtw4tcmSlma53kQvDFwSg,P8110089.jpg,-,-,-,45267,-,-,360x203,-,-,48bb15baf48ab9aae3c3a586b729c219
/Users/mac24/a/projects/fotos/keep/images/macbook2012/Pictures/iPhoto Library.migratedphotolibrary/Thumbnails/2013/08/14/20130814-125421/pr%S%oQ4SzKtX+mxHeCMMQ,P8120188_1024.jpg,-,-,-,298455,-,-,1024x577,-,-,b3d9d0e7b90754dadf9a28cd8cae06cf
/Users/mac24/a/projects/fotos/keep/images/macbook2012/Pictures/iPhoto Library.migratedphotolibrary/Thumbnails/2013/08/14/20130814-125421/pr%S%oQ4SzKtX+mxHeCMMQ,P8120188.jpg,-,-,-,56689,-,-,360x203,-,-,8bd5ddcbb5f9bc185c58de2f69f99ae4
/Users/mac24/a/projects/fotos/keep/images/macbook2012/Pictures/iPhoto Library.migratedphotolibrary/Thumbnails/2013/08/14/20130814-125421/Q3KdmcO5RbqYvMab+HsaWA,P8110097_1024.jpg,-,-,-,330015,-,-,1024x577,-,-,45ed8c359c8c67a0d56190b75603f8ed
/Users/mac24/a/projects/fotos/keep/images/macbook2012/Pictures/iPhoto Library.migratedphotolibrary/Thumbnails/2013/08/14/20130814-125421/Q3KdmcO5RbqYvMab+HsaWA,P8110097.jpg,-,-,-,50247,-,-,360x203,-,-,fa5144207e32269593a29c0a85e405d1
/Users/mac24/a/projects/fotos/keep/images/macbook2012/Pictures/iPhoto Library.migratedphotolibrary/Thumbnails/2013/08/14/20130814-125421/qgyEAPiRRYicqIcZLZbM5g,P8110152_1024.jpg,-,-,-,310596,-,-,1024x577,-,-,802d86eba3873f4f96ffb9ab5347825c
/Users/mac24/a/projects/fotos/keep/images/macbook2012/Pictures/iPhoto Library.migratedphotolibrary/Thumbnails/2013/08/14/20130814-125421/qgyEAPiRRYicqIcZLZbM5g,P8110152.jpg,-,-,-,54417,-,-,360x203,-,-,4cff83d810c2beced4b2b05c34d6eb53
/Users/mac24/a/projects/fotos/keep/images/macbook2012/Pictures/iPhoto Library.migratedphotolibrary/Thumbnails/2013/08/14/20130814-125421/qqIAJD6DRuqakVKlPO%IRA,P8120176_1024.jpg,-,-,-,212764,-,-,578x1024,-,-,5e2e397c54c0da6c274d40f048d05a4a
/Users/mac24/a/projects/fotos/keep/images/macbook2012/Pictures/iPhoto Library.migratedphotolibrary/Thumbnails/2013/08/14/20130814-125421/qqIAJD6DRuqakVKlPO%IRA,P8120176_face0.jpg,-,-,-,16957,-,-,208x208,-,-,b3f87918de5ec93a554e99b32ac1995a
/Users/mac24/a/projects/fotos/keep/images/macbook2012/Pictures/iPhoto Library.migratedphotolibrary/Thumbnails/2013/08/14/20130814-125421/qqIAJD6DRuqakVKlPO%IRA,P8120176.jpg,-,-,-,45695,-,-,203x360,-,-,703231e2c095731cc8c1ec944c79a41e
/Users/mac24/a/projects/fotos/keep/images/macbook2012/Pictures/iPhoto Library.migratedphotolibrary/Thumbnails/2013/08/14/20130814-125421/r+5ncJgXRlOsgDvFk5q9Yg,P8110116_1024.jpg,-,-,-,378829,-,-,578x1024,-,-,a7fe92e4f2632351ba35dd745fc6f917
/Users/mac24/a/projects/fotos/keep/images/macbook2012/Pictures/iPhoto Library.migratedphotolibrary/Thumbnails/2013/08/14/20130814-125421/r+5ncJgXRlOsgDvFk5q9Yg,P8110116.jpg,-,-,-,59871,-,-,203x360,-,-,02b924825dda4f4a12556a4af23dd9d0
/Users/mac24/a/projects/fotos/keep/images/macbook2012/Pictures/iPhoto Library.migratedphotolibrary/Thumbnails/2013/08/14/20130814-125421/RAqK3df5Q+y2GR%ohXTJRw,P8110107_1024.jpg,-,-,-,365922,-,-,1024x577,-,-,a4e3f3ea8d777bb7656a02b3519f0b5d
/Users/mac24/a/projects/fotos/keep/images/macbook2012/Pictures/iPhoto Library.migratedphotolibrary/Thumbnails/2013/08/14/20130814-125421/RAqK3df5Q+y2GR%ohXTJRw,P8110107.jpg,-,-,-,55138,-,-,360x203,-,-,369a07481c4fcb82793c0730786990e5
/Users/mac24/a/projects/fotos/keep/images/macbook2012/Pictures/iPhoto Library.migratedphotolibrary/Thumbnails/2013/08/14/20130814-125421/RfJjj5gLTieeTzFYlb3eiw,P8110091_1024.jpg,-,-,-,321502,-,-,1024x577,-,-,65590da0f00dc8a12660088bbf4316b9
/Users/mac24/a/projects/fotos/keep/images/macbook2012/Pictures/iPhoto Library.migratedphotolibrary/Thumbnails/2013/08/14/20130814-125421/RfJjj5gLTieeTzFYlb3eiw,P8110091.jpg,-,-,-,57585,-,-,360x203,-,-,240aff5818540a8c8825de41f860fe4e
/Users/mac24/a/projects/fotos/keep/images/macbook2012/Pictures/iPhoto Library.migratedphotolibrary/Thumbnails/2013/08/14/20130814-125421/Rj6IlQOYSUeD7x5RLospeA,P8110092_1024.jpg,-,-,-,329431,-,-,1024x577,-,-,7dd00c7591260989be8e3193cc1a7300
/Users/mac24/a/projects/fotos/keep/images/macbook2012/Pictures/iPhoto Library.migratedphotolibrary/Thumbnails/2013/08/14/20130814-125421/Rj6IlQOYSUeD7x5RLospeA,P8110092_face0.jpg,-,-,-,22670,-,-,209x209,-,-,1a307876aa723bc661f996b7d40d9bda
/Users/mac24/a/projects/fotos/keep/images/macbook2012/Pictures/iPhoto Library.migratedphotolibrary/Thumbnails/2013/08/14/20130814-125421/Rj6IlQOYSUeD7x5RLospeA,P8110092.jpg,-,-,-,47869,-,-,360x203,-,-,151550edf0230da2afe03987cf778bd2
/Users/mac24/a/projects/fotos/keep/images/macbook2012/Pictures/iPhoto Library.migratedphotolibrary/Thumbnails/2013/08/14/20130814-125421/rKHhsxvISYyjPUv+TyhxdA,P8110155_1024.jpg,-,-,-,257496,-,-,1024x577,-,-,ccbf3b4adb51a5dbb487693ee1fee678
/Users/mac24/a/projects/fotos/keep/images/macbook2012/Pictures/iPhoto Library.migratedphotolibrary/Thumbnails/2013/08/14/20130814-125421/rKHhsxvISYyjPUv+TyhxdA,P8110155.jpg,-,-,-,55264,-,-,360x203,-,-,8fd3597f2c1d0ebbc8a934d23513d165
/Users/mac24/a/projects/fotos/keep/images/macbook2012/Pictures/iPhoto Library.migratedphotolibrary/Thumbnails/2013/08/14/20130814-125421/RqpinKoOQ1e%N8oSl6RvaQ,P8120201_1024.jpg,-,-,-,253064,-,-,578x1024,-,-,f6cc04dbf973c144eedeeca189c574e4
/Users/mac24/a/projects/fotos/keep/images/macbook2012/Pictures/iPhoto Library.migratedphotolibrary/Thumbnails/2013/08/14/20130814-125421/RqpinKoOQ1e%N8oSl6RvaQ,P8120201.jpg,-,-,-,50119,-,-,203x360,-,-,8ee900c21a8d8013a3d8cf7e79d7ef4d
/Users/mac24/a/projects/fotos/keep/images/macbook2012/Pictures/iPhoto Library.migratedphotolibrary/Thumbnails/2013/08/14/20130814-125421/s0m6y40XTCWv1iXIlEmWEQ,P8110120_1024.jpg,-,-,-,286098,-,-,578x1024,-,-,42e334a5e51476b85f9dfe68e74977f7
/Users/mac24/a/projects/fotos/keep/images/macbook2012/Pictures/iPhoto Library.migratedphotolibrary/Thumbnails/2013/08/14/20130814-125421/s0m6y40XTCWv1iXIlEmWEQ,P8110120.jpg,-,-,-,42491,-,-,203x360,-,-,6b05860de300c0c950099e4b1f3818c0
/Users/mac24/a/projects/fotos/keep/images/macbook2012/Pictures/iPhoto Library.migratedphotolibrary/Thumbnails/2013/08/14/20130814-125421/S1xYfFhrTmKKDOvBfwmrAA,P8110165_1024.jpg,-,-,-,223992,-,-,1024x577,-,-,c3bcc2fd2d20dde634aa5b880d7aaab6
/Users/mac24/a/projects/fotos/keep/images/macbook2012/Pictures/iPhoto Library.migratedphotolibrary/Thumbnails/2013/08/14/20130814-125421/S1xYfFhrTmKKDOvBfwmrAA,P8110165_face0.jpg,-,-,-,94416,-,-,480x480,-,-,34c58d4fb5286e0c2db3d11e3cbc9509
/Users/mac24/a/projects/fotos/keep/images/macbook2012/Pictures/iPhoto Library.migratedphotolibrary/Thumbnails/2013/08/14/20130814-125421/S1xYfFhrTmKKDOvBfwmrAA,P8110165.jpg,-,-,-,48024,-,-,360x203,-,-,d0071407b81adbe599313b88ce75496b
/Users/mac24/a/projects/fotos/keep/images/macbook2012/Pictures/iPhoto Library.migratedphotolibrary/Thumbnails/2013/08/14/20130814-125421/sic+h2e0Qnmn2PpbjC0e1Q,P8130219_1024.jpg,-,-,-,370250,-,-,578x1024,-,-,17d7473623a2f194f2fd2379b67e54d9
/Users/mac24/a/projects/fotos/keep/images/macbook2012/Pictures/iPhoto Library.migratedphotolibrary/Thumbnails/2013/08/14/20130814-125421/sic+h2e0Qnmn2PpbjC0e1Q,P8130219.jpg,-,-,-,64453,-,-,203x360,-,-,64f92ff8f4572cb557cc11440f86610f
/Users/mac24/a/projects/fotos/keep/images/macbook2012/Pictures/iPhoto Library.migratedphotolibrary/Thumbnails/2013/08/14/20130814-125421/snrBgJN2R3ezfiIcO9FdLA,P8130210_1024.jpg,-,-,-,151105,-,-,1024x577,-,-,032ba762eae2747588f183bb6b249367
/Users/mac24/a/projects/fotos/keep/images/macbook2012/Pictures/iPhoto Library.migratedphotolibrary/Thumbnails/2013/08/14/20130814-125421/snrBgJN2R3ezfiIcO9FdLA,P8130210.jpg,-,-,-,28783,-,-,360x203,-,-,7e469291bacb5963a952e850d7bf5821
/Users/mac24/a/projects/fotos/keep/images/macbook2012/Pictures/iPhoto Library.migratedphotolibrary/Thumbnails/2013/08/14/20130814-125421/sSHmvgZET3+P5vaBKDb0hA,P8110088_1024.jpg,-,-,-,347898,-,-,1024x577,-,-,a8e074202f577a023bdfb2472d668ebe
/Users/mac24/a/projects/fotos/keep/images/macbook2012/Pictures/iPhoto Library.migratedphotolibrary/Thumbnails/2013/08/14/20130814-125421/sSHmvgZET3+P5vaBKDb0hA,P8110088.jpg,-,-,-,53437,-,-,360x203,-,-,c2b589cb10970aac2e30c713c183f0e6
/Users/mac24/a/projects/fotos/keep/images/macbook2012/Pictures/iPhoto Library.migratedphotolibrary/Thumbnails/2013/08/14/20130814-125421/stC584KIR%WDLm+90JpGIQ,P8040070_1024.jpg,-,-,-,428307,-,-,1024x577,-,-,981f11a3709944cf6acf25b06e24994c
/Users/mac24/a/projects/fotos/keep/images/macbook2012/Pictures/iPhoto Library.migratedphotolibrary/Thumbnails/2013/08/14/20130814-125421/stC584KIR%WDLm+90JpGIQ,P8040070.jpg,-,-,-,60726,-,-,360x203,-,-,171864416921471d2d4dafc469cc9c48
/Users/mac24/a/projects/fotos/keep/images/macbook2012/Pictures/iPhoto Library.migratedphotolibrary/Thumbnails/2013/08/14/20130814-125421/Swz8nQIIRfKOJHw3Ak9D8g,P8130220_1024.jpg,-,-,-,276013,-,-,1024x577,-,-,c7a5d8a102713e9f51d3c0343797fe86
/Users/mac24/a/projects/fotos/keep/images/macbook2012/Pictures/iPhoto Library.migratedphotolibrary/Thumbnails/2013/08/14/20130814-125421/Swz8nQIIRfKOJHw3Ak9D8g,P8130220.jpg,-,-,-,41362,-,-,360x203,-,-,d7e1b4c8460ae45e5f67dda3c341459f
/Users/mac24/a/projects/fotos/keep/images/macbook2012/Pictures/iPhoto Library.migratedphotolibrary/Thumbnails/2013/08/14/20130814-125421/t0qhzTgvSsWnijZr7qvgMA,P8120197_1024.jpg,-,-,-,295856,-,-,1024x577,-,-,b413753772f925aaecdfba6eabf80f56
/Users/mac24/a/projects/fotos/keep/images/macbook2012/Pictures/iPhoto Library.migratedphotolibrary/Thumbnails/2013/08/14/20130814-125421/t0qhzTgvSsWnijZr7qvgMA,P8120197_face0.jpg,-,-,-,88803,-,-,480x480,-,-,2f4d3ce6861d011d1c1b6adf89b0dd2d
/Users/mac24/a/projects/fotos/keep/images/macbook2012/Pictures/iPhoto Library.migratedphotolibrary/Thumbnails/2013/08/14/20130814-125421/t0qhzTgvSsWnijZr7qvgMA,P8120197_face1.jpg,-,-,-,69640,-,-,480x480,-,-,a753a8a7ba0779b04f9f1d51b3c38714
/Users/mac24/a/projects/fotos/keep/images/macbook2012/Pictures/iPhoto Library.migratedphotolibrary/Thumbnails/2013/08/14/20130814-125421/t0qhzTgvSsWnijZr7qvgMA,P8120197.jpg,-,-,-,53940,-,-,360x203,-,-,05314f6f0384c0481b87757ba4b4b3ed
/Users/mac24/a/projects/fotos/keep/images/macbook2012/Pictures/iPhoto Library.migratedphotolibrary/Thumbnails/2013/08/14/20130814-125421/tE11MD0HQWGKm4Nk7E0Ljw,P8120175_1024.jpg,-,-,-,245140,-,-,578x1024,-,-,f405a120af2bcad4184948a885cd1b25
/Users/mac24/a/projects/fotos/keep/images/macbook2012/Pictures/iPhoto Library.migratedphotolibrary/Thumbnails/2013/08/14/20130814-125421/tE11MD0HQWGKm4Nk7E0Ljw,P8120175.jpg,-,-,-,44467,-,-,203x360,-,-,50b9ca04228315b881c2eea9675d4dd8
/Users/mac24/a/projects/fotos/keep/images/macbook2012/Pictures/iPhoto Library.migratedphotolibrary/Thumbnails/2013/08/14/20130814-125421/tgKdtKKNSgm2nJo7v6XTHg,P8110141_1024.jpg,-,-,-,455017,-,-,1024x577,-,-,02b7f571a691be313d551c074fc73e4b
/Users/mac24/a/projects/fotos/keep/images/macbook2012/Pictures/iPhoto Library.migratedphotolibrary/Thumbnails/2013/08/14/20130814-125421/tgKdtKKNSgm2nJo7v6XTHg,P8110141.jpg,-,-,-,65482,-,-,360x203,-,-,92aa51c3aea38997a31497b82dd2d205
/Users/mac24/a/projects/fotos/keep/images/macbook2012/Pictures/iPhoto Library.migratedphotolibrary/Thumbnails/2013/08/14/20130814-125421/TMXR59CpScmF0ce3yNmbRg,P8110133_1024.jpg,-,-,-,159526,-,-,578x1024,-,-,5a70df7de7f5d7398d22b1d85e5b1e65
/Users/mac24/a/projects/fotos/keep/images/macbook2012/Pictures/iPhoto Library.migratedphotolibrary/Thumbnails/2013/08/14/20130814-125421/TMXR59CpScmF0ce3yNmbRg,P8110133_face1.jpg,-,-,-,46537,-,-,469x469,-,-,d3ae6464809112542d2951b20e55f0cb
/Users/mac24/a/projects/fotos/keep/images/macbook2012/Pictures/iPhoto Library.migratedphotolibrary/Thumbnails/2013/08/14/20130814-125421/TMXR59CpScmF0ce3yNmbRg,P8110133.jpg,-,-,-,29717,-,-,203x360,-,-,14ceb12e766c5451de1e50c11226e1f7
/Users/mac24/a/projects/fotos/keep/images/macbook2012/Pictures/iPhoto Library.migratedphotolibrary/Thumbnails/2013/08/14/20130814-125421/tYpDLndVSE+DmUw2Rtgv3Q,P8110094_1024.jpg,-,-,-,293137,-,-,1024x577,-,-,c1cd96aa4de3570fe4198d4a7ec49613
/Users/mac24/a/projects/fotos/keep/images/macbook2012/Pictures/iPhoto Library.migratedphotolibrary/Thumbnails/2013/08/14/20130814-125421/tYpDLndVSE+DmUw2Rtgv3Q,P8110094.jpg,-,-,-,47715,-,-,360x203,-,-,24a324eefce93426c3df910ed4828a43
/Users/mac24/a/projects/fotos/keep/images/macbook2012/Pictures/iPhoto Library.migratedphotolibrary/Thumbnails/2013/08/14/20130814-125421/u9DnJdk4SK2ObjQhoFwnlA,P8110138_1024.jpg,-,-,-,161603,-,-,578x1024,-,-,53ac6b8d3be614f4b9124da3896e3ffb
/Users/mac24/a/projects/fotos/keep/images/macbook2012/Pictures/iPhoto Library.migratedphotolibrary/Thumbnails/2013/08/14/20130814-125421/u9DnJdk4SK2ObjQhoFwnlA,P8110138.jpg,-,-,-,30981,-,-,203x360,-,-,ef5033926df65c889cf89d890209ef55
/Users/mac24/a/projects/fotos/keep/images/macbook2012/Pictures/iPhoto Library.migratedphotolibrary/Thumbnails/2013/08/14/20130814-125421/uh+8TpvpSjGZTPrmo3u1kA,P8110112_1024.jpg,-,-,-,387303,-,-,578x1024,-,-,4d0c44596bbf7335253da1c5aa5acf65
/Users/mac24/a/projects/fotos/keep/images/macbook2012/Pictures/iPhoto Library.migratedphotolibrary/Thumbnails/2013/08/14/20130814-125421/uh+8TpvpSjGZTPrmo3u1kA,P8110112.jpg,-,-,-,59303,-,-,203x360,-,-,4c11f5c96bc83d91b2fb7de45ea55a2e
/Users/mac24/a/projects/fotos/keep/images/macbook2012/Pictures/iPhoto Library.migratedphotolibrary/Thumbnails/2013/08/14/20130814-125421/Uno7K9xaTaaF+9njLAwl8Q,P8110114_1024.jpg,-,-,-,242904,-,-,1024x577,-,-,d08705011d499e1301c9baff687b3436
/Users/mac24/a/projects/fotos/keep/images/macbook2012/Pictures/iPhoto Library.migratedphotolibrary/Thumbnails/2013/08/14/20130814-125421/Uno7K9xaTaaF+9njLAwl8Q,P8110114.jpg,-,-,-,51374,-,-,360x203,-,-,880cfffa4532be3cc3a245e990d261b6
/Users/mac24/a/projects/fotos/keep/images/macbook2012/Pictures/iPhoto Library.migratedphotolibrary/Thumbnails/2013/08/14/20130814-125421/uTqSVmZaTRy7f46rBhiniA,P8120207_1024.jpg,-,-,-,422939,-,-,1024x577,-,-,3a88034bd2008af75fe3faab48f6b32d
/Users/mac24/a/projects/fotos/keep/images/macbook2012/Pictures/iPhoto Library.migratedphotolibrary/Thumbnails/2013/08/14/20130814-125421/uTqSVmZaTRy7f46rBhiniA,P8120207_face0.jpg,-,-,-,54208,-,-,356x356,-,-,ddc5261c116c88f7ee3e5c1a66173b66
/Users/mac24/a/projects/fotos/keep/images/macbook2012/Pictures/iPhoto Library.migratedphotolibrary/Thumbnails/2013/08/14/20130814-125421/uTqSVmZaTRy7f46rBhiniA,P8120207_face1.jpg,-,-,-,46427,-,-,347x347,-,-,44415595c3e0386d0ab20017ba84647c
/Users/mac24/a/projects/fotos/keep/images/macbook2012/Pictures/iPhoto Library.migratedphotolibrary/Thumbnails/2013/08/14/20130814-125421/uTqSVmZaTRy7f46rBhiniA,P8120207_face2.jpg,-,-,-,26719,-,-,261x261,-,-,d68c9ac02c5666a9e5acb6e692f4e236
/Users/mac24/a/projects/fotos/keep/images/macbook2012/Pictures/iPhoto Library.migratedphotolibrary/Thumbnails/2013/08/14/20130814-125421/uTqSVmZaTRy7f46rBhiniA,P8120207.jpg,-,-,-,63930,-,-,360x203,-,-,8c4dcdf16d6b6797b9a56e198d47cffd
/Users/mac24/a/projects/fotos/keep/images/macbook2012/Pictures/iPhoto Library.migratedphotolibrary/Thumbnails/2013/08/14/20130814-125421/uWuovPedQrqo%VNTw5KBNg,P8120190_1024.jpg,-,-,-,378487,-,-,577x1024,-,-,9e4553d3bb0868ea64f3d1296cfdbbcc
/Users/mac24/a/projects/fotos/keep/images/macbook2012/Pictures/iPhoto Library.migratedphotolibrary/Thumbnails/2013/08/14/20130814-125421/uWuovPedQrqo%VNTw5KBNg,P8120190_face0.jpg,-,-,-,107284,-,-,480x480,-,-,47a391816c68bc84b1c1f85575162222
/Users/mac24/a/projects/fotos/keep/images/macbook2012/Pictures/iPhoto Library.migratedphotolibrary/Thumbnails/2013/08/14/20130814-125421/uWuovPedQrqo%VNTw5KBNg,P8120190_face1.jpg,-,-,-,93464,-,-,480x480,-,-,acbbbec6bfe28b7742c8383c173a1711
/Users/mac24/a/projects/fotos/keep/images/macbook2012/Pictures/iPhoto Library.migratedphotolibrary/Thumbnails/2013/08/14/20130814-125421/uWuovPedQrqo%VNTw5KBNg,P8120190_face2.jpg,-,-,-,70400,-,-,480x480,-,-,25264f8635405ce8bf9b21d7cda5c9b6
/Users/mac24/a/projects/fotos/keep/images/macbook2012/Pictures/iPhoto Library.migratedphotolibrary/Thumbnails/2013/08/14/20130814-125421/uWuovPedQrqo%VNTw5KBNg,P8120190.jpg,-,-,-,64723,-,-,203x360,-,-,bc3317e86873a454244c8916595ceb39
/Users/mac24/a/projects/fotos/keep/images/macbook2012/Pictures/iPhoto Library.migratedphotolibrary/Thumbnails/2013/08/14/20130814-125421/VkXR85nNS261jCOreTooiw,P8110110_1024.jpg,-,-,-,219641,-,-,1024x577,-,-,1cb40c7798672167118424744204ca2d
/Users/mac24/a/projects/fotos/keep/images/macbook2012/Pictures/iPhoto Library.migratedphotolibrary/Thumbnails/2013/08/14/20130814-125421/VkXR85nNS261jCOreTooiw,P8110110.jpg,-,-,-,50836,-,-,360x203,-,-,546ddb05f18dfaf2c1562962520c15a0
/Users/mac24/a/projects/fotos/keep/images/macbook2012/Pictures/iPhoto Library.migratedphotolibrary/Thumbnails/2013/08/14/20130814-125421/VSDEDFQTRkyIB2cTWRNbOw,P8130214_1024.jpg,-,-,-,373840,-,-,1024x577,-,-,4244e2ba29a844ef3b9afc8b12163d6f
/Users/mac24/a/projects/fotos/keep/images/macbook2012/Pictures/iPhoto Library.migratedphotolibrary/Thumbnails/2013/08/14/20130814-125421/VSDEDFQTRkyIB2cTWRNbOw,P8130214_face0.jpg,-,-,-,64048,-,-,417x417,-,-,84a3d8c5456c73931d804205bb44f923
/Users/mac24/a/projects/fotos/keep/images/macbook2012/Pictures/iPhoto Library.migratedphotolibrary/Thumbnails/2013/08/14/20130814-125421/VSDEDFQTRkyIB2cTWRNbOw,P8130214_face1.jpg,-,-,-,26543,-,-,252x252,-,-,6fbcfac9b3c111d867abe1ddcb1469db
/Users/mac24/a/projects/fotos/keep/images/macbook2012/Pictures/iPhoto Library.migratedphotolibrary/Thumbnails/2013/08/14/20130814-125421/VSDEDFQTRkyIB2cTWRNbOw,P8130214_face2.jpg,-,-,-,21559,-,-,217x217,-,-,367088bb862f45b42721fc00c3486862
/Users/mac24/a/projects/fotos/keep/images/macbook2012/Pictures/iPhoto Library.migratedphotolibrary/Thumbnails/2013/08/14/20130814-125421/VSDEDFQTRkyIB2cTWRNbOw,P8130214.jpg,-,-,-,60666,-,-,360x203,-,-,7b0bf0609bee26b9dfa714ecd50203e9
/Users/mac24/a/projects/fotos/keep/images/macbook2012/Pictures/iPhoto Library.migratedphotolibrary/Thumbnails/2013/08/14/20130814-125421/vwQdRGZJRgicc7%mhS95QQ,P8110100_1024.jpg,-,-,-,315442,-,-,1024x577,-,-,c357ceacc830339dfbf2230d531258ce
/Users/mac24/a/projects/fotos/keep/images/macbook2012/Pictures/iPhoto Library.migratedphotolibrary/Thumbnails/2013/08/14/20130814-125421/vwQdRGZJRgicc7%mhS95QQ,P8110100.jpg,-,-,-,49164,-,-,360x203,-,-,41b909dcc6c1e2ce59058f22f9f6b956
/Users/mac24/a/projects/fotos/keep/images/macbook2012/Pictures/iPhoto Library.migratedphotolibrary/Thumbnails/2013/08/14/20130814-125421/VXJwqB7kRCywKhVQo5M3MQ,P6240020_1024.jpg,-,-,-,209256,-,-,576x1024,-,-,eeb9fe2d05a1df29944b524b431e14e5
/Users/mac24/a/projects/fotos/keep/images/macbook2012/Pictures/iPhoto Library.migratedphotolibrary/Thumbnails/2013/08/14/20130814-125421/VXJwqB7kRCywKhVQo5M3MQ,P6240020.jpg,-,-,-,40002,-,-,202x360,-,-,e148ca6ba5b74d4f88138cdbe9a4a2b0
/Users/mac24/a/projects/fotos/keep/images/macbook2012/Pictures/iPhoto Library.migratedphotolibrary/Thumbnails/2013/08/14/20130814-125421/w61J0PDgTzyjowK5OTJzgg,P8110115_1024.jpg,-,-,-,390967,-,-,578x1024,-,-,88f20aa6f05a23c679591ddb24ea02b6
/Users/mac24/a/projects/fotos/keep/images/macbook2012/Pictures/iPhoto Library.migratedphotolibrary/Thumbnails/2013/08/14/20130814-125421/w61J0PDgTzyjowK5OTJzgg,P8110115.jpg,-,-,-,60610,-,-,203x360,-,-,4ecbf7728174ada75eaaeb4a3d6b56d9
/Users/mac24/a/projects/fotos/keep/images/macbook2012/Pictures/iPhoto Library.migratedphotolibrary/Thumbnails/2013/08/14/20130814-125421/weYaZ+4pSwOGo5qUj0A8Mw,P8120171_1024.jpg,-,-,-,354578,-,-,1024x577,-,-,ad711b91461e306d7c886034df0cbbf6
/Users/mac24/a/projects/fotos/keep/images/macbook2012/Pictures/iPhoto Library.migratedphotolibrary/Thumbnails/2013/08/14/20130814-125421/weYaZ+4pSwOGo5qUj0A8Mw,P8120171.jpg,-,-,-,59378,-,-,360x203,-,-,15a0d9d0ffe00906585887069056bdaf
/Users/mac24/a/projects/fotos/keep/images/macbook2012/Pictures/iPhoto Library.migratedphotolibrary/Thumbnails/2013/08/14/20130814-125421/WFx9%oTCSQyI+yUVrws4pg,P8110137_1024.jpg,-,-,-,191854,-,-,1024x577,-,-,d6bd31292df69640f8ffe7afe45b8d70
/Users/mac24/a/projects/fotos/keep/images/macbook2012/Pictures/iPhoto Library.migratedphotolibrary/Thumbnails/2013/08/14/20130814-125421/WFx9%oTCSQyI+yUVrws4pg,P8110137_face0.jpg,-,-,-,36615,-,-,356x356,-,-,ba6475f674a2a52f887498965110a5f5
/Users/mac24/a/projects/fotos/keep/images/macbook2012/Pictures/iPhoto Library.migratedphotolibrary/Thumbnails/2013/08/14/20130814-125421/WFx9%oTCSQyI+yUVrws4pg,P8110137_face1.jpg,-,-,-,19228,-,-,235x235,-,-,1e3fcd4debe0ecdc4610892a3bfc1817
/Users/mac24/a/projects/fotos/keep/images/macbook2012/Pictures/iPhoto Library.migratedphotolibrary/Thumbnails/2013/08/14/20130814-125421/WFx9%oTCSQyI+yUVrws4pg,P8110137_face2.jpg,-,-,-,16087,-,-,209x209,-,-,5a42a2b7dafc770d25a93ed2df565b09
/Users/mac24/a/projects/fotos/keep/images/macbook2012/Pictures/iPhoto Library.migratedphotolibrary/Thumbnails/2013/08/14/20130814-125421/WFx9%oTCSQyI+yUVrws4pg,P8110137.jpg,-,-,-,36780,-,-,360x203,-,-,e0edb413b663e2a83969e28eeb768c33
/Users/mac24/a/projects/fotos/keep/images/macbook2012/Pictures/iPhoto Library.migratedphotolibrary/Thumbnails/2013/08/14/20130814-125421/Wi5me74OTo6z4KzuDYuCuQ,P8110124_1024.jpg,-,-,-,398950,-,-,1024x577,-,-,df817818fd360644ebdebe55cef8dbe0
/Users/mac24/a/projects/fotos/keep/images/macbook2012/Pictures/iPhoto Library.migratedphotolibrary/Thumbnails/2013/08/14/20130814-125421/Wi5me74OTo6z4KzuDYuCuQ,P8110124.jpg,-,-,-,64423,-,-,360x203,-,-,930db5453c77776377084e1113ae45ff
/Users/mac24/a/projects/fotos/keep/images/macbook2012/Pictures/iPhoto Library.migratedphotolibrary/Thumbnails/2013/08/14/20130814-125421/Ww5b+m9hSDqs+TOasiSNKQ,P8110131_1024.jpg,-,-,-,194647,-,-,578x1024,-,-,6c5f20a6b2f16cb876215273e8c060aa
/Users/mac24/a/projects/fotos/keep/images/macbook2012/Pictures/iPhoto Library.migratedphotolibrary/Thumbnails/2013/08/14/20130814-125421/Ww5b+m9hSDqs+TOasiSNKQ,P8110131_face0.jpg,-,-,-,20488,-,-,243x243,-,-,017374d9d424e8748117d50d0544a01b
/Users/mac24/a/projects/fotos/keep/images/macbook2012/Pictures/iPhoto Library.migratedphotolibrary/Thumbnails/2013/08/14/20130814-125421/Ww5b+m9hSDqs+TOasiSNKQ,P8110131_face1.jpg,-,-,-,17918,-,-,209x209,-,-,3e0f4aa95529516925704ef46d327032
/Users/mac24/a/projects/fotos/keep/images/macbook2012/Pictures/iPhoto Library.migratedphotolibrary/Thumbnails/2013/08/14/20130814-125421/Ww5b+m9hSDqs+TOasiSNKQ,P8110131.jpg,-,-,-,35447,-,-,203x360,-,-,9d1eca29b8d0c1e88e34dfc004d130bd
/Users/mac24/a/projects/fotos/keep/images/macbook2012/Pictures/iPhoto Library.migratedphotolibrary/Thumbnails/2013/08/14/20130814-125421/xAhcv38ZScac25AFOzvPiA,P8110158_1024.jpg,-,-,-,253058,-,-,1024x577,-,-,94f46feb46f884080753673006158f6f
/Users/mac24/a/projects/fotos/keep/images/macbook2012/Pictures/iPhoto Library.migratedphotolibrary/Thumbnails/2013/08/14/20130814-125421/xAhcv38ZScac25AFOzvPiA,P8110158_face0.jpg,-,-,-,118172,-,-,480x480,-,-,063209432d041600fbf8959d891c153c
/Users/mac24/a/projects/fotos/keep/images/macbook2012/Pictures/iPhoto Library.migratedphotolibrary/Thumbnails/2013/08/14/20130814-125421/xAhcv38ZScac25AFOzvPiA,P8110158.jpg,-,-,-,53541,-,-,360x203,-,-,7c194809cc15c703447a355a4215cbe2
/Users/mac24/a/projects/fotos/keep/images/macbook2012/Pictures/iPhoto Library.migratedphotolibrary/Thumbnails/2013/08/14/20130814-125421/XCVanINXSNKp7NHlgihHqQ,P8120183_1024.jpg,-,-,-,425065,-,-,1024x577,-,-,390d75e6c1c5da575a0f944df5fd61e1
/Users/mac24/a/projects/fotos/keep/images/macbook2012/Pictures/iPhoto Library.migratedphotolibrary/Thumbnails/2013/08/14/20130814-125421/XCVanINXSNKp7NHlgihHqQ,P8120183.jpg,-,-,-,58646,-,-,360x203,-,-,40fad63564f71ab5af58a66a3948fd3a
/Users/mac24/a/projects/fotos/keep/images/macbook2012/Pictures/iPhoto Library.migratedphotolibrary/Thumbnails/2013/08/14/20130814-125421/XKZQGWJ%T56+FNWSrF9Q3A,P8110105_1024.jpg,-,-,-,238761,-,-,1024x577,-,-,f330488b169d0e02fff18cb847a9dab6
/Users/mac24/a/projects/fotos/keep/images/macbook2012/Pictures/iPhoto Library.migratedphotolibrary/Thumbnails/2013/08/14/20130814-125421/XKZQGWJ%T56+FNWSrF9Q3A,P8110105.jpg,-,-,-,47328,-,-,360x203,-,-,6150b7527d7ce6d67c88c5048c0b43da
/Users/mac24/a/projects/fotos/keep/images/macbook2012/Pictures/iPhoto Library.migratedphotolibrary/Thumbnails/2013/08/14/20130814-125421/xx8ZmnI1RnWCCW2do9IpSw,P8110117_1024.jpg,-,-,-,423038,-,-,578x1024,-,-,03e0fa35e6f870f65b7e9377e65ad4bc
/Users/mac24/a/projects/fotos/keep/images/macbook2012/Pictures/iPhoto Library.migratedphotolibrary/Thumbnails/2013/08/14/20130814-125421/xx8ZmnI1RnWCCW2do9IpSw,P8110117.jpg,-,-,-,67556,-,-,203x360,-,-,4d1398f9845aadd93183aec6c2b34513
/Users/mac24/a/projects/fotos/keep/images/macbook2012/Pictures/iPhoto Library.migratedphotolibrary/Thumbnails/2013/08/14/20130814-125421/XYNRL02AQ5mDxKo%YIxIwQ,P8120178_1024.jpg,-,-,-,464574,-,-,1024x577,-,-,6327e7308914cdc7cb26cffb7bc83d93
/Users/mac24/a/projects/fotos/keep/images/macbook2012/Pictures/iPhoto Library.migratedphotolibrary/Thumbnails/2013/08/14/20130814-125421/XYNRL02AQ5mDxKo%YIxIwQ,P8120178_face0.jpg,-,-,-,53935,-,-,356x356,-,-,d8724fbe3f3319a9616a4f3b1f0de72e
/Users/mac24/a/projects/fotos/keep/images/macbook2012/Pictures/iPhoto Library.migratedphotolibrary/Thumbnails/2013/08/14/20130814-125421/XYNRL02AQ5mDxKo%YIxIwQ,P8120178.jpg,-,-,-,64510,-,-,360x203,-,-,0c0331d4401c0bc47485a965c80eafbb
/Users/mac24/a/projects/fotos/keep/images/macbook2012/Pictures/iPhoto Library.migratedphotolibrary/Thumbnails/2013/08/14/20130814-125421/Y%u8U9xtQTCiOFPd1Imq0A,P8040067_1024.jpg,-,-,-,236889,-,-,1024x577,-,-,5c230b6d0acc3e5d0e5e7c886f3c1116
/Users/mac24/a/projects/fotos/keep/images/macbook2012/Pictures/iPhoto Library.migratedphotolibrary/Thumbnails/2013/08/14/20130814-125421/Y%u8U9xtQTCiOFPd1Imq0A,P8040067.jpg,-,-,-,42097,-,-,360x203,-,-,833986d6b8cd63d03316907ed905c28d
/Users/mac24/a/projects/fotos/keep/images/macbook2012/Pictures/iPhoto Library.migratedphotolibrary/Thumbnails/2013/08/14/20130814-125421/Yn6iQnm4TPuMwkU++YdbWg,P7060037_1024.jpg,-,-,-,309513,-,-,576x1024,-,-,40efedb50d4c8949931673e91411189c
/Users/mac24/a/projects/fotos/keep/images/macbook2012/Pictures/iPhoto Library.migratedphotolibrary/Thumbnails/2013/08/14/20130814-125421/Yn6iQnm4TPuMwkU++YdbWg,P7060037.jpg,-,-,-,65247,-,-,202x360,-,-,e24f2c94eaad46b93f8312f3608da4dc
/Users/mac24/a/projects/fotos/keep/images/macbook2012/Pictures/iPhoto Library.migratedphotolibrary/Thumbnails/2013/08/14/20130814-125421/ypM+rwNGS%eg%QGM2tfwcA,P8110134_1024.jpg,-,-,-,166183,-,-,578x1024,-,-,25892219555eeb6ef0bd2534c7957f60
/Users/mac24/a/projects/fotos/keep/images/macbook2012/Pictures/iPhoto Library.migratedphotolibrary/Thumbnails/2013/08/14/20130814-125421/ypM+rwNGS%eg%QGM2tfwcA,P8110134.jpg,-,-,-,30894,-,-,203x360,-,-,173ec45b4ea145ffcd63f1da57cf7f34
/Users/mac24/a/projects/fotos/keep/images/macbook2012/Pictures/iPhoto Library.migratedphotolibrary/Thumbnails/2013/08/14/20130814-125421/YUzx4m4zQHyfkWqxlAo47g,P8040056_1024.jpg,-,-,-,459565,-,-,1024x577,-,-,a264cabd987f358c0324414fd37552db
/Users/mac24/a/projects/fotos/keep/images/macbook2012/Pictures/iPhoto Library.migratedphotolibrary/Thumbnails/2013/08/14/20130814-125421/YUzx4m4zQHyfkWqxlAo47g,P8040056_face0.jpg,-,-,-,37315,-,-,296x296,-,-,0951da500b65578c99e5f5a5bccfbaaf
/Users/mac24/a/projects/fotos/keep/images/macbook2012/Pictures/iPhoto Library.migratedphotolibrary/Thumbnails/2013/08/14/20130814-125421/YUzx4m4zQHyfkWqxlAo47g,P8040056.jpg,-,-,-,70062,-,-,360x203,-,-,5d0f7db726083cca192f2603432d6f66
/Users/mac24/a/projects/fotos/keep/images/macbook2012/Pictures/iPhoto Library.migratedphotolibrary/Thumbnails/2013/08/14/20130814-125421/Z8VxdBXDQSa0Y%+FiRVlPA,P8110087_1024.jpg,-,-,-,371169,-,-,1024x577,-,-,628b10d4f58c661de6a15b0d5b868f39
/Users/mac24/a/projects/fotos/keep/images/macbook2012/Pictures/iPhoto Library.migratedphotolibrary/Thumbnails/2013/08/14/20130814-125421/Z8VxdBXDQSa0Y%+FiRVlPA,P8110087_face0.jpg,-,-,-,17326,-,-,209x209,-,-,ebf2cbeb8778760b4daa2cb44b6a5741
/Users/mac24/a/projects/fotos/keep/images/macbook2012/Pictures/iPhoto Library.migratedphotolibrary/Thumbnails/2013/08/14/20130814-125421/Z8VxdBXDQSa0Y%+FiRVlPA,P8110087_face1.jpg,-,-,-,16627,-,-,209x209,-,-,0917359464f6a12a3c0b2c646d144186
/Users/mac24/a/projects/fotos/keep/images/macbook2012/Pictures/iPhoto Library.migratedphotolibrary/Thumbnails/2013/08/14/20130814-125421/Z8VxdBXDQSa0Y%+FiRVlPA,P8110087.jpg,-,-,-,61185,-,-,360x203,-,-,3a0d0c6ba5cbdfeb214588c0f141e107
/Users/mac24/a/projects/fotos/keep/images/macbook2012/Pictures/iPhoto Library.migratedphotolibrary/Thumbnails/2013/08/14/20130814-125421/ZBESALeDTZWmMhgq+boZCg,P8110149_1024.jpg,-,-,-,234761,-,-,1024x577,-,-,1642bb812816ac9af47d8fd719770508
/Users/mac24/a/projects/fotos/keep/images/macbook2012/Pictures/iPhoto Library.migratedphotolibrary/Thumbnails/2013/08/14/20130814-125421/ZBESALeDTZWmMhgq+boZCg,P8110149_face0.jpg,-,-,-,100446,-,-,480x480,-,-,e51518b15fc78ebc69177505b5b4f380
/Users/mac24/a/projects/fotos/keep/images/macbook2012/Pictures/iPhoto Library.migratedphotolibrary/Thumbnails/2013/08/14/20130814-125421/ZBESALeDTZWmMhgq+boZCg,P8110149.jpg,-,-,-,49553,-,-,360x203,-,-,b7e1b414a5b3f2c7cb994f91661b6352
/Users/mac24/a/projects/fotos/keep/images/macbook2012/Pictures/iPhoto Library.migratedphotolibrary/Thumbnails/2013/08/14/20130814-125421/ZfN%mN0jQiSvyAWY0R%zDw,P8110083_1024.jpg,-,-,-,344762,-,-,1024x577,-,-,cad925e77d1cf55e05e5cbc8e6b25e2a
/Users/mac24/a/projects/fotos/keep/images/macbook2012/Pictures/iPhoto Library.migratedphotolibrary/Thumbnails/2013/08/14/20130814-125421/ZfN%mN0jQiSvyAWY0R%zDw,P8110083.jpg,-,-,-,58779,-,-,360x203,-,-,e7ed70f5ad1b83e0a3a0232db6e9f226
/Users/mac24/a/projects/fotos/keep/images/macbook2012/Pictures/iPhoto Library.migratedphotolibrary/Thumbnails/2013/08/14/20130814-125421/zhfxsRJqQ%iPXXWSAQTaNA,P8110080_1024.jpg,-,-,-,425429,-,-,1024x577,-,-,1677ffda71ad9ddc0d7192aff0edf4b1
/Users/mac24/a/projects/fotos/keep/images/macbook2012/Pictures/iPhoto Library.migratedphotolibrary/Thumbnails/2013/08/14/20130814-125421/zhfxsRJqQ%iPXXWSAQTaNA,P8110080.jpg,-,-,-,64243,-,-,360x203,-,-,db5d10eb0688af2ce3866e2259f83d7e
/Users/mac24/a/projects/fotos/keep/images/macbook2012/Pictures/iPhoto Library.migratedphotolibrary/Thumbnails/2013/08/14/20130814-125421/ZJC0KLFjTsOhDLif86FIPw,P8120172_1024.jpg,-,-,-,375009,-,-,1024x577,-,-,e53c760cb25ad46f522b983d42550e42
/Users/mac24/a/projects/fotos/keep/images/macbook2012/Pictures/iPhoto Library.migratedphotolibrary/Thumbnails/2013/08/14/20130814-125421/ZJC0KLFjTsOhDLif86FIPw,P8120172_face0.jpg,-,-,-,33061,-,-,330x330,-,-,4733fb0ecec4410fd5333f726ab06cef
/Users/mac24/a/projects/fotos/keep/images/macbook2012/Pictures/iPhoto Library.migratedphotolibrary/Thumbnails/2013/08/14/20130814-125421/ZJC0KLFjTsOhDLif86FIPw,P8120172_face1.jpg,-,-,-,21264,-,-,226x226,-,-,364ceaf5f0cc32a8aa99e4f5c19e56e7
/Users/mac24/a/projects/fotos/keep/images/macbook2012/Pictures/iPhoto Library.migratedphotolibrary/Thumbnails/2013/08/14/20130814-125421/ZJC0KLFjTsOhDLif86FIPw,P8120172.jpg,-,-,-,60409,-,-,360x203,-,-,0ae80e9d3bcd29391d32a86139468c8c
/Users/mac24/a/projects/fotos/keep/images/macbook2012/Pictures/iPhoto Library.migratedphotolibrary/Thumbnails/2013/08/14/20130814-125421/ZP0s5PktSK2si+7743lBJw,P8040051_1024.jpg,-,-,-,276330,-,-,1024x577,-,-,a7f50a6b5536bceff43d06fde591357b
/Users/mac24/a/projects/fotos/keep/images/macbook2012/Pictures/iPhoto Library.migratedphotolibrary/Thumbnails/2013/08/14/20130814-125421/ZP0s5PktSK2si+7743lBJw,P8040051.jpg,-,-,-,43687,-,-,360x203,-,-,e491be6fca94f9a0afc66db4fa09991b
/Users/mac24/a/projects/fotos/keep/images/macbook2012/Pictures/iPhoto Library.migratedphotolibrary/Thumbnails/2013/08/14/20130814-125421/Zu96fDJmTDeXIeRtAnHAwA,P8110157_1024.jpg,-,-,-,253960,-,-,1024x577,-,-,4af7f2340d1b8d04ae76758aaa869d0f
/Users/mac24/a/projects/fotos/keep/images/macbook2012/Pictures/iPhoto Library.migratedphotolibrary/Thumbnails/2013/08/14/20130814-125421/Zu96fDJmTDeXIeRtAnHAwA,P8110157_face0.jpg,-,-,-,121742,-,-,480x480,-,-,ed6e4cbe2ef83a20f4fcd10332fec26e
/Users/mac24/a/projects/fotos/keep/images/macbook2012/Pictures/iPhoto Library.migratedphotolibrary/Thumbnails/2013/08/14/20130814-125421/Zu96fDJmTDeXIeRtAnHAwA,P8110157.jpg,-,-,-,53911,-,-,360x203,-,-,2845cbe62208abc8fc862f05e482626e
/Users/mac24/a/projects/fotos/keep/images/macbook2012/Pictures/iPhoto Library.migratedphotolibrary/Thumbnails/2013/12/04/20131204-233713/RrPyDwoITPiep+63vO%7Ow,pwv20131204_1024.jpg,-,-,-,131595,-,-,714x1024,-,-,3eb89c9edaf3d3ae63c6487e0a0506f3
/Users/mac24/a/projects/fotos/keep/images/macbook2012/Pictures/iPhoto Library.migratedphotolibrary/Thumbnails/2013/12/04/20131204-233713/RrPyDwoITPiep+63vO%7Ow,pwv20131204_face0.jpg,-,-,-,42873,-,-,400x400,-,-,0ca55ef7bb87364f3aefc5c89f5d04c6
/Users/mac24/a/projects/fotos/keep/images/macbook2012/Pictures/iPhoto Library.migratedphotolibrary/Thumbnails/2013/12/04/20131204-233713/RrPyDwoITPiep+63vO%7Ow,pwv20131204.jpg,-,-,-,33732,-,-,251x360,-,-,afaee084dc9286814a9f0d79e551171a
/Users/mac24/a/projects/fotos/keep/images/macbook2012/Pictures/iPhoto Library.migratedphotolibrary/Thumbnails/2013/12/22/20131222-172712/pwWxyJUNRYG4OCQCtK727g,walk_1024.jpg,-,-,-,192116,-,-,1024x388,-,-,beef2381ff1c81385235039f71d1ebfa
/Users/mac24/a/projects/fotos/keep/images/macbook2012/Pictures/iPhoto Library.migratedphotolibrary/Thumbnails/2013/12/22/20131222-172712/pwWxyJUNRYG4OCQCtK727g,walk.jpg,-,-,-,28863,-,-,360x137,-,-,771818958c10a4f474dec888333b3a2b
/Users/mac24/a/projects/fotos/keep/images/macbook2012/Pictures/iPhoto Library.migratedphotolibrary/Thumbnails/2014/01/09/20140109-211048/i5vklVCrQaG+cUc%6akKuQ,mccarthy_1024.jpg,-,-,-,133605,-,-,1024x532,-,-,aa6ebd52b6913de7e230a41ac7a568ac
/Users/mac24/a/projects/fotos/keep/images/macbook2012/Pictures/iPhoto Library.migratedphotolibrary/Thumbnails/2014/01/09/20140109-211048/i5vklVCrQaG+cUc%6akKuQ,mccarthy.jpg,-,-,-,30095,-,-,360x187,-,-,04e9f20626b0d68364973370d2095f2f
/Users/mac24/a/projects/fotos/keep/images/macbook2012/Pictures/iPhoto Library.migratedphotolibrary/Thumbnails/2014/08/06/20140806-230246/84jjJAnrSCiLtnitXovtyA,DSC_9826_1024.jpg,-,-,-,177872,-,-,1024x679,-,-,56c174d3a121f6baadff539c67da4e46
/Users/mac24/a/projects/fotos/keep/images/macbook2012/Pictures/iPhoto Library.migratedphotolibrary/Thumbnails/2014/08/06/20140806-230246/84jjJAnrSCiLtnitXovtyA,DSC_9826.jpg,-,-,-,32197,-,-,360x239,-,-,7be3dcaf802c2012dc9320b21443129a
/Users/mac24/a/projects/fotos/keep/images/macbook2012/Pictures/iPhoto Library.migratedphotolibrary/Thumbnails/2014/08/06/20140806-230246/9QQoVjmKSk+W5+CSSZrEEw,DSC_9815_1024.jpg,-,-,-,189161,-,-,679x1024,-,-,8badd2b3820b1411c1b5d2593f0f5d53
/Users/mac24/a/projects/fotos/keep/images/macbook2012/Pictures/iPhoto Library.migratedphotolibrary/Thumbnails/2014/08/06/20140806-230246/9QQoVjmKSk+W5+CSSZrEEw,DSC_9815_face0.jpg,-,-,-,65464,-,-,449x449,-,-,f3ce5b8cffe5d96e538e136eb7206330
/Users/mac24/a/projects/fotos/keep/images/macbook2012/Pictures/iPhoto Library.migratedphotolibrary/Thumbnails/2014/08/06/20140806-230246/9QQoVjmKSk+W5+CSSZrEEw,DSC_9815.jpg,-,-,-,37616,-,-,239x360,-,-,f0ae87eaf51db2a93c4e1ac7ed9f5185
/Users/mac24/a/projects/fotos/keep/images/macbook2012/Pictures/iPhoto Library.migratedphotolibrary/Thumbnails/2014/08/06/20140806-230246/BkDNUeBcQc20Alixa+pcSA,DSC_9810_1024.jpg,-,-,-,244030,-,-,1024x679,-,-,09d67f17055a9ad9cd77f41de4206fcc
/Users/mac24/a/projects/fotos/keep/images/macbook2012/Pictures/iPhoto Library.migratedphotolibrary/Thumbnails/2014/08/06/20140806-230246/BkDNUeBcQc20Alixa+pcSA,DSC_9810.jpg,-,-,-,46927,-,-,360x239,-,-,a25d7598a2cc5d4c2fe04a7ac37e5994
/Users/mac24/a/projects/fotos/keep/images/macbook2012/Pictures/iPhoto Library.migratedphotolibrary/Thumbnails/2014/08/06/20140806-230246/btjdJ73pSjaMLQR6A8JK5Q,DSC_9811_1024.jpg,-,-,-,238797,-,-,1024x679,-,-,7ae3d57a0d3126c97dfd52cf28933318
/Users/mac24/a/projects/fotos/keep/images/macbook2012/Pictures/iPhoto Library.migratedphotolibrary/Thumbnails/2014/08/06/20140806-230246/btjdJ73pSjaMLQR6A8JK5Q,DSC_9811_face0.jpg,-,-,-,61782,-,-,406x406,-,-,1f2d7bb4319bcdc8e0b46ad68b9f9db0
/Users/mac24/a/projects/fotos/keep/images/macbook2012/Pictures/iPhoto Library.migratedphotolibrary/Thumbnails/2014/08/06/20140806-230246/btjdJ73pSjaMLQR6A8JK5Q,DSC_9811.jpg,-,-,-,47741,-,-,360x239,-,-,bd693486e77dd09e3029f56141ef8416
/Users/mac24/a/projects/fotos/keep/images/macbook2012/Pictures/iPhoto Library.migratedphotolibrary/Thumbnails/2014/08/06/20140806-230246/D5XWiqLZSm2qwMQoU4YWYg,DSC_9812_1024.jpg,-,-,-,240871,-,-,1024x679,-,-,8dbad7991c8f0984f7d45ad61181b2dd
/Users/mac24/a/projects/fotos/keep/images/macbook2012/Pictures/iPhoto Library.migratedphotolibrary/Thumbnails/2014/08/06/20140806-230246/D5XWiqLZSm2qwMQoU4YWYg,DSC_9812_face0.jpg,-,-,-,58934,-,-,454x454,-,-,7c8e1db58d11207f527137b0f02f58b6
/Users/mac24/a/projects/fotos/keep/images/macbook2012/Pictures/iPhoto Library.migratedphotolibrary/Thumbnails/2014/08/06/20140806-230246/D5XWiqLZSm2qwMQoU4YWYg,DSC_9812_face1.jpg,-,-,-,36438,-,-,300x300,-,-,096d3f5995576b2efe0a299cceec2d83
/Users/mac24/a/projects/fotos/keep/images/macbook2012/Pictures/iPhoto Library.migratedphotolibrary/Thumbnails/2014/08/06/20140806-230246/D5XWiqLZSm2qwMQoU4YWYg,DSC_9812.jpg,-,-,-,49419,-,-,360x239,-,-,0c1db97392581b28d4befb41e7bc3e73
/Users/mac24/a/projects/fotos/keep/images/macbook2012/Pictures/iPhoto Library.migratedphotolibrary/Thumbnails/2014/08/06/20140806-230246/FeJtVvYgQuqQHjeHDXbvpg,DSC_9816_1024.jpg,-,-,-,191228,-,-,1024x679,-,-,340b2238fb42ae7f610006ec842734d8
/Users/mac24/a/projects/fotos/keep/images/macbook2012/Pictures/iPhoto Library.migratedphotolibrary/Thumbnails/2014/08/06/20140806-230246/FeJtVvYgQuqQHjeHDXbvpg,DSC_9816_face0.jpg,-,-,-,55633,-,-,428x428,-,-,8870e26d6726b589883c1bc69856e6e5
/Users/mac24/a/projects/fotos/keep/images/macbook2012/Pictures/iPhoto Library.migratedphotolibrary/Thumbnails/2014/08/06/20140806-230246/FeJtVvYgQuqQHjeHDXbvpg,DSC_9816_face1.jpg,-,-,-,40522,-,-,336x336,-,-,6011884a1e5c68961b39561d9504ae75
/Users/mac24/a/projects/fotos/keep/images/macbook2012/Pictures/iPhoto Library.migratedphotolibrary/Thumbnails/2014/08/06/20140806-230246/FeJtVvYgQuqQHjeHDXbvpg,DSC_9816.jpg,-,-,-,38282,-,-,360x239,-,-,a756a30227f74ac1f77c10adb80c5d42
/Users/mac24/a/projects/fotos/keep/images/macbook2012/Pictures/iPhoto Library.migratedphotolibrary/Thumbnails/2014/08/06/20140806-230246/FkTO1uckTBOqWhITZc6JGQ,DSC_9809_1024.jpg,-,-,-,205116,-,-,1024x679,-,-,937a94d4563a44474094a620404b761f
/Users/mac24/a/projects/fotos/keep/images/macbook2012/Pictures/iPhoto Library.migratedphotolibrary/Thumbnails/2014/08/06/20140806-230246/FkTO1uckTBOqWhITZc6JGQ,DSC_9809_face0.jpg,-,-,-,57244,-,-,458x458,-,-,208cc65be35a0ad0f3cd63940158bdf3
/Users/mac24/a/projects/fotos/keep/images/macbook2012/Pictures/iPhoto Library.migratedphotolibrary/Thumbnails/2014/08/06/20140806-230246/FkTO1uckTBOqWhITZc6JGQ,DSC_9809.jpg,-,-,-,40366,-,-,360x239,-,-,cd3fe0f598c7d66fa9f52aa64e660da4
/Users/mac24/a/projects/fotos/keep/images/macbook2012/Pictures/iPhoto Library.migratedphotolibrary/Thumbnails/2014/08/06/20140806-230246/IzG3zQENSCCaCFAsOVZ%Dg,DSC_9818_1024.jpg,-,-,-,246354,-,-,1024x679,-,-,cc7f96c1811e773ca7494b83facb8c63
/Users/mac24/a/projects/fotos/keep/images/macbook2012/Pictures/iPhoto Library.migratedphotolibrary/Thumbnails/2014/08/06/20140806-230246/IzG3zQENSCCaCFAsOVZ%Dg,DSC_9818_face0.jpg,-,-,-,65720,-,-,432x432,-,-,a4aefaf69ef94358370b6e55c64fde3a
/Users/mac24/a/projects/fotos/keep/images/macbook2012/Pictures/iPhoto Library.migratedphotolibrary/Thumbnails/2014/08/06/20140806-230246/IzG3zQENSCCaCFAsOVZ%Dg,DSC_9818.jpg,-,-,-,49087,-,-,360x239,-,-,e93dddbe1a9106dc3f593a2ed8243a5c
/Users/mac24/a/projects/fotos/keep/images/macbook2012/Pictures/iPhoto Library.migratedphotolibrary/Thumbnails/2014/08/06/20140806-230246/KmAj0FrNQoum%LbudyPzeQ,DSC_9819_1024.jpg,-,-,-,255773,-,-,1024x679,-,-,784338a74233afa84521a1ede2ab6ca6
/Users/mac24/a/projects/fotos/keep/images/macbook2012/Pictures/iPhoto Library.migratedphotolibrary/Thumbnails/2014/08/06/20140806-230246/KmAj0FrNQoum%LbudyPzeQ,DSC_9819.jpg,-,-,-,47308,-,-,360x239,-,-,a04b559dc7b1ec1090f229d8e55d8b27
/Users/mac24/a/projects/fotos/keep/images/macbook2012/Pictures/iPhoto Library.migratedphotolibrary/Thumbnails/2014/08/06/20140806-230246/L2StegV8QrOqFHr2w749DA,DSC_9814_1024.jpg,-,-,-,240634,-,-,1024x679,-,-,3963e305e2f0ffac11a419b60babab00
/Users/mac24/a/projects/fotos/keep/images/macbook2012/Pictures/iPhoto Library.migratedphotolibrary/Thumbnails/2014/08/06/20140806-230246/L2StegV8QrOqFHr2w749DA,DSC_9814.jpg,-,-,-,48324,-,-,360x239,-,-,ed73d441bca0a7234cf61cbd2e1d0dc6
/Users/mac24/a/projects/fotos/keep/images/macbook2012/Pictures/iPhoto Library.migratedphotolibrary/Thumbnails/2014/08/06/20140806-230246/M5ve9h34QHWEJDvnkKQtqg,DSC_9817_1024.jpg,-,-,-,213684,-,-,1024x679,-,-,5c3259c4cd602ecedce3ee29a2037f82
/Users/mac24/a/projects/fotos/keep/images/macbook2012/Pictures/iPhoto Library.migratedphotolibrary/Thumbnails/2014/08/06/20140806-230246/M5ve9h34QHWEJDvnkKQtqg,DSC_9817_face0.jpg,-,-,-,44698,-,-,340x340,-,-,34fd5f262bb7e343c41390f358bc8cf5
/Users/mac24/a/projects/fotos/keep/images/macbook2012/Pictures/iPhoto Library.migratedphotolibrary/Thumbnails/2014/08/06/20140806-230246/M5ve9h34QHWEJDvnkKQtqg,DSC_9817_face1.jpg,-,-,-,36708,-,-,318x318,-,-,740358d3a75eaf885b6d0eb355983d3b
/Users/mac24/a/projects/fotos/keep/images/macbook2012/Pictures/iPhoto Library.migratedphotolibrary/Thumbnails/2014/08/06/20140806-230246/M5ve9h34QHWEJDvnkKQtqg,DSC_9817.jpg,-,-,-,34688,-,-,360x239,-,-,25fb19ce0e91af0296b26b2aa724c3d8
/Users/mac24/a/projects/fotos/keep/images/macbook2012/Pictures/iPhoto Library.migratedphotolibrary/Thumbnails/2014/08/06/20140806-230246/mGbypAxFRJmTXyM22RkZUA,DSC_9821_1024.jpg,-,-,-,244752,-,-,1024x679,-,-,6087575d28441ff237e705d5c29310a3
/Users/mac24/a/projects/fotos/keep/images/macbook2012/Pictures/iPhoto Library.migratedphotolibrary/Thumbnails/2014/08/06/20140806-230246/mGbypAxFRJmTXyM22RkZUA,DSC_9821.jpg,-,-,-,39951,-,-,360x239,-,-,30355adb686954cd43b855d393d1289b
/Users/mac24/a/projects/fotos/keep/images/macbook2012/Pictures/iPhoto Library.migratedphotolibrary/Thumbnails/2014/08/06/20140806-230246/NXd9CdZHRBGb1qWjPiv+NQ,DSC_9820_1024.jpg,-,-,-,261906,-,-,1024x679,-,-,874f41f03709a0737a73d0d24fc8cd53
/Users/mac24/a/projects/fotos/keep/images/macbook2012/Pictures/iPhoto Library.migratedphotolibrary/Thumbnails/2014/08/06/20140806-230246/NXd9CdZHRBGb1qWjPiv+NQ,DSC_9820.jpg,-,-,-,47346,-,-,360x239,-,-,9180ad56c959555a9ae5601d5405e9ea
/Users/mac24/a/projects/fotos/keep/images/macbook2012/Pictures/iPhoto Library.migratedphotolibrary/Thumbnails/2014/08/06/20140806-230246/pqOz8sI7Q62Z6i1CTbivVA,DSC_9824_1024.jpg,-,-,-,203487,-,-,1024x679,-,-,07c6a14a475f60bca342d5a5bb08dd38
/Users/mac24/a/projects/fotos/keep/images/macbook2012/Pictures/iPhoto Library.migratedphotolibrary/Thumbnails/2014/08/06/20140806-230246/pqOz8sI7Q62Z6i1CTbivVA,DSC_9824.jpg,-,-,-,38745,-,-,360x239,-,-,b71adb61a7961c82ee6f77ec73993e55
/Users/mac24/a/projects/fotos/keep/images/macbook2012/Pictures/iPhoto Library.migratedphotolibrary/Thumbnails/2014/08/06/20140806-230246/se+alI7uR3qN3q5mAVKrsw,DSC_9823_1024.jpg,-,-,-,196210,-,-,1024x679,-,-,dc5e336ec6546c3c00cc581cfb8c4541
/Users/mac24/a/projects/fotos/keep/images/macbook2012/Pictures/iPhoto Library.migratedphotolibrary/Thumbnails/2014/08/06/20140806-230246/se+alI7uR3qN3q5mAVKrsw,DSC_9823.jpg,-,-,-,37696,-,-,360x239,-,-,b42baacf41732fa000cc198447cd101e
/Users/mac24/a/projects/fotos/keep/images/macbook2012/Pictures/iPhoto Library.migratedphotolibrary/Thumbnails/2014/08/06/20140806-230246/tAfv%IgDRBO3nJt935EL2w,DSC_9813_1024.jpg,-,-,-,228331,-,-,1024x679,-,-,29dea66bb85615b8c9d6da538a690720
/Users/mac24/a/projects/fotos/keep/images/macbook2012/Pictures/iPhoto Library.migratedphotolibrary/Thumbnails/2014/08/06/20140806-230246/tAfv%IgDRBO3nJt935EL2w,DSC_9813.jpg,-,-,-,47509,-,-,360x239,-,-,4eeebf54de2af3ea4012ccdcdf2f6e95
/Users/mac24/a/projects/fotos/keep/images/macbook2012/Pictures/iPhoto Library.migratedphotolibrary/Thumbnails/2014/08/06/20140806-230246/tryEr%nwRhWqXDJlr82ElQ,DSC_9825_1024.jpg,-,-,-,203226,-,-,1024x679,-,-,1dc9a9124fa80985e3b99874ab65600b
/Users/mac24/a/projects/fotos/keep/images/macbook2012/Pictures/iPhoto Library.migratedphotolibrary/Thumbnails/2014/08/06/20140806-230246/tryEr%nwRhWqXDJlr82ElQ,DSC_9825.jpg,-,-,-,38654,-,-,360x239,-,-,82fbbe5491e0ab13c80eec376fd3802b
/Users/mac24/a/projects/fotos/keep/images/macbook2012/Pictures/iPhoto Library.migratedphotolibrary/Thumbnails/2014/08/06/20140806-230246/UeZdopAxSPGBjy1bnin4LA,DSC_9827_1024.jpg,-,-,-,195201,-,-,1024x679,-,-,a4fef523c6c245670959905877078120
/Users/mac24/a/projects/fotos/keep/images/macbook2012/Pictures/iPhoto Library.migratedphotolibrary/Thumbnails/2014/08/06/20140806-230246/UeZdopAxSPGBjy1bnin4LA,DSC_9827.jpg,-,-,-,37491,-,-,360x239,-,-,936b587e2d654cc9826597ab22084bdd
/Users/mac24/a/projects/fotos/keep/images/macbook2012/Pictures/iPhoto Library.migratedphotolibrary/Thumbnails/2014/08/06/20140806-230246/zAKrLuHrQ8eMGGHL3z7nCQ,DSC_9822_1024.jpg,-,-,-,154277,-,-,1024x679,-,-,106ddd8bfb36a724cf13030a312f2b50
/Users/mac24/a/projects/fotos/keep/images/macbook2012/Pictures/iPhoto Library.migratedphotolibrary/Thumbnails/2014/08/06/20140806-230246/zAKrLuHrQ8eMGGHL3z7nCQ,DSC_9822.jpg,-,-,-,28754,-,-,360x239,-,-,7d2d47dd8d0dff854052a5f10b36309f
/Users/mac24/a/projects/fotos/keep/images/macbook2012/Pictures/Photo Booth Library/Pictures,Photo on 12-4-13 at 11.32 PM.jpg,-,-,-,186258,-,-,1080x720,-,-,fcb94e0c926c89ff1acf02c1da836c97
/Users/mac24/a/projects/fotos/keep/images/macbook2012/Pictures/Photo Booth Library/Pictures,Photo on 7-30-14 at 5.35 PM.jpg,-,-,-,178557,-,-,1080x720,-,-,ae0c3e7fc69b0b0a19837f6792ca0ce6
/Users/mac24/a/projects/fotos/keep/images/macbook2012/Pictures/Photo Booth Library/Pictures,Photo on 9-12-12 at 11.58 AM.jpg,-,-,-,188759,-,-,1080x720,-,-,21a2c67e54e700a0de568041d75f9603
/Users/mac24/a/projects/fotos/keep/images/macbook2012/Pictures/Photos Library.photoslibrary/Masters/2013/12/04/20131204-233713,pwv20131204.jpg,-,-,-,186258,-,-,1080x720,-,-,fcb94e0c926c89ff1acf02c1da836c97
/Users/mac24/a/projects/fotos/keep/images/macbook2012/Pictures/Photos Library.photoslibrary/resources/media/face/00/00,facetile_17.jpeg,-,-,-,19887,-,-,310x414,-,-,f6b3fb0565f1b0b5567790de96a651d5
/Users/mac24/a/projects/fotos/keep/images/macbook2012/Pictures/Photos Library.photoslibrary/resources/media/face/00/00,facetile_18.jpeg,-,-,-,36198,-,-,338x451,-,-,e13d9883fd15d355599e82f0db70bd2b
/Users/mac24/a/projects/fotos/keep/images/macbook2012/Pictures/Photos Library.photoslibrary/resources/media/face/00/00,facetile_19.jpeg,-,-,-,45985,-,-,342x456,-,-,82ca73cace9578d9f3cea8fc64f544fb
/Users/mac24/a/projects/fotos/keep/images/macbook2012/Pictures/Photos Library.photoslibrary/resources/media/face/00/00,facetile_1a.jpeg,-,-,-,40226,-,-,347x463,-,-,34a732680ad0ffb5d326bbf33e1d8609
/Users/mac24/a/projects/fotos/keep/images/macbook2012/Pictures/Photos Library.photoslibrary/resources/media/face/00/00,facetile_1b.jpeg,-,-,-,9611,-,-,222x221,-,-,5afebda6efcb5d9fd8c204b73f4b249b
/Users/mac24/a/projects/fotos/keep/images/macbook2012/Pictures/Photos Library.photoslibrary/resources/media/face/00/00,facetile_1c.jpeg,-,-,-,9399,-,-,190x190,-,-,d69b5366e05b546eb2d8416a342c5955
/Users/mac24/a/projects/fotos/keep/images/macbook2012/Pictures/Photos Library.photoslibrary/resources/media/face/00/00,facetile_1d.jpeg,-,-,-,8073,-,-,190x190,-,-,20c592a57a62781eff6b55e17324a3b2
/Users/mac24/a/projects/fotos/keep/images/macbook2012/Pictures/Photos Library.photoslibrary/resources/media/face/00/00,facetile_1f.jpeg,-,-,-,60228,-,-,480x480,-,-,c93e4049216832e147ea8f2fc529f885
/Users/mac24/a/projects/fotos/keep/images/macbook2012/Pictures/Photos Library.photoslibrary/resources/media/face/00/00,facetile_20.jpeg,-,-,-,70238,-,-,480x480,-,-,b5ab5efef9f89b47fd4256f840e2c9e6
/Users/mac24/a/projects/fotos/keep/images/macbook2012/Pictures/Photos Library.photoslibrary/resources/media/face/00/00,facetile_21.jpeg,-,-,-,69722,-,-,480x480,-,-,991548bec00a626b071021b3c4fdcef9
/Users/mac24/a/projects/fotos/keep/images/macbook2012/Pictures/Photos Library.photoslibrary/resources/media/face/00/00,facetile_22.jpeg,-,-,-,15976,-,-,300x301,-,-,3c5a25d77c337c1cf582202792ffa6b5
/Users/mac24/a/projects/fotos/keep/images/macbook2012/Pictures/Photos Library.photoslibrary/resources/media/face/00/00,facetile_24.jpeg,-,-,-,8358,-,-,190x190,-,-,a564ec622c4ab733d8a12b49b40714c9
/Users/mac24/a/projects/fotos/keep/images/macbook2012/Pictures/Photos Library.photoslibrary/resources/media/face/00/00,facetile_25.jpeg,-,-,-,36677,-,-,360x480,-,-,ff49d81c465daebb8e4835a376964d64
/Users/mac24/a/projects/fotos/keep/images/macbook2012/Pictures/Photos Library.photoslibrary/resources/media/face/00/00,facetile_26.jpeg,-,-,-,21054,-,-,265x353,-,-,345518fd4209eae79125499a3d77e049
/Users/mac24/a/projects/fotos/keep/images/macbook2012/Pictures/Photos Library.photoslibrary/resources/media/face/00/00,facetile_27.jpeg,-,-,-,11349,-,-,198x198,-,-,c3341e0d7e9005f040021a77d3802f25
/Users/mac24/a/projects/fotos/keep/images/macbook2012/Pictures/Photos Library.photoslibrary/resources/media/face/00/00,facetile_28.jpeg,-,-,-,10193,-,-,190x190,-,-,9450457403caa81c7d104ce16e19c400
/Users/mac24/a/projects/fotos/keep/images/macbook2012/Pictures/Photos Library.photoslibrary/resources/media/face/00/00,facetile_29.jpeg,-,-,-,12260,-,-,190x190,-,-,c51e84035c36ae643a5b2dc76fb0c28f
/Users/mac24/a/projects/fotos/keep/images/macbook2012/Pictures/Photos Library.photoslibrary/resources/media/face/00/00,facetile_2a.jpeg,-,-,-,62066,-,-,357x477,-,-,811483ba23547f3af90f42451b593eb1
/Users/mac24/a/projects/fotos/keep/images/macbook2012/Pictures/Photos Library.photoslibrary/resources/media/face/00/00,facetile_2b.jpeg,-,-,-,36607,-,-,473x473,-,-,ae15f2a7645cc6474e85e2fdbb71cd1d
/Users/mac24/a/projects/fotos/keep/images/macbook2012/Pictures/Photos Library.photoslibrary/resources/media/face/00/00,facetile_2c.jpeg,-,-,-,31472,-,-,360x480,-,-,9d0a2c39cc0121f053fcef9214271b2e
/Users/mac24/a/projects/fotos/keep/images/macbook2012/Pictures/Photos Library.photoslibrary/resources/media/face/00/00,facetile_2d.jpeg,-,-,-,40934,-,-,360x480,-,-,6bc6dc52b97bf20eb157c744ab767e4a
/Users/mac24/a/projects/fotos/keep/images/macbook2012/Pictures/Photos Library.photoslibrary/resources/media/face/00/00,facetile_2e.jpeg,-,-,-,27450,-,-,324x324,-,-,c8318877c4ec08294640bf447635c17d
/Users/mac24/a/projects/fotos/keep/images/macbook2012/Pictures/Photos Library.photoslibrary/resources/media/face/00/00,facetile_2f.jpeg,-,-,-,34232,-,-,360x480,-,-,7585984bf83710623100e1f330889ae8
/Users/mac24/a/projects/fotos/keep/images/macbook2012/Pictures/Photos Library.photoslibrary/resources/media/face/00/00,facetile_30.jpeg,-,-,-,14961,-,-,269x359,-,-,932a9d096fc5ceb91d434a0d12ceb5ad
/Users/mac24/a/projects/fotos/keep/images/macbook2012/Pictures/Photos Library.photoslibrary/resources/media/face/00/00,facetile_31.jpeg,-,-,-,32420,-,-,480x480,-,-,4fc87a7b6d6f0c884070d153ab3d1e8f
/Users/mac24/a/projects/fotos/keep/images/macbook2012/Pictures/Photos Library.photoslibrary/resources/media/face/00/00,facetile_32.jpeg,-,-,-,34227,-,-,313x417,-,-,075a83d81d753ccc55405060c1d417d6
/Users/mac24/a/projects/fotos/keep/images/macbook2012/Pictures/Photos Library.photoslibrary/resources/media/face/00/00,facetile_33.jpeg,-,-,-,31048,-,-,336x448,-,-,e32e63dbabde9091d3abc100e6d424f7
/Users/mac24/a/projects/fotos/keep/images/macbook2012/Pictures/Photos Library.photoslibrary/resources/media/face/00/00,facetile_34.jpeg,-,-,-,61752,-,-,480x480,-,-,48eec180dce545fd7ba299e54e84098e
/Users/mac24/a/projects/fotos/keep/images/macbook2012/Pictures/Photos Library.photoslibrary/resources/media/face/00/00,facetile_35.jpeg,-,-,-,32985,-,-,379x379,-,-,7cc3edf2a78b81e32aa30da492846c5f
/Users/mac24/a/projects/fotos/keep/images/macbook2012/Pictures/Photos Library.photoslibrary/resources/media/face/00/00,facetile_36.jpeg,-,-,-,13606,-,-,230x230,-,-,2581512ebec51531c1d1fbbda6292b13
/Users/mac24/a/projects/fotos/keep/images/macbook2012/Pictures/Photos Library.photoslibrary/resources/media/face/00/00,facetile_38.jpeg,-,-,-,47313,-,-,360x480,-,-,6ea6de294c6dd7ba60973970b746a25c
/Users/mac24/a/projects/fotos/keep/images/macbook2012/Pictures/Photos Library.photoslibrary/resources/media/face/00/00,facetile_39.jpeg,-,-,-,12622,-,-,213x214,-,-,e7eaa1bec99948e09be9f423f7fb64c7
/Users/mac24/a/projects/fotos/keep/images/macbook2012/Pictures/Photos Library.photoslibrary/resources/media/face/00/00,facetile_3a.jpeg,-,-,-,59484,-,-,480x480,-,-,75f4afa296bceefe89583344d1a8515b
/Users/mac24/a/projects/fotos/keep/images/macbook2012/Pictures/Photos Library.photoslibrary/resources/media/face/00/00,facetile_3b.jpeg,-,-,-,62620,-,-,480x480,-,-,3bff19bbae929b2dfcde8c21e7127678
/Users/mac24/a/projects/fotos/keep/images/macbook2012/Pictures/Photos Library.photoslibrary/resources/media/face/00/00,facetile_3c.jpeg,-,-,-,40970,-,-,360x480,-,-,2149cfdd4009e4a60c1bfe4fb2031b14
/Users/mac24/a/projects/fotos/keep/images/macbook2012/Pictures/Photos Library.photoslibrary/resources/media/face/00/00,facetile_3d.jpeg,-,-,-,54391,-,-,480x480,-,-,b172b35586d9c907745dc8dcb4b1e8fd
/Users/mac24/a/projects/fotos/keep/images/macbook2012/Pictures/Photos Library.photoslibrary/resources/media/face/00/00,facetile_3e.jpeg,-,-,-,33197,-,-,360x480,-,-,5ed81f378288321aef1363fa467c615a
/Users/mac24/a/projects/fotos/keep/images/macbook2012/Pictures/Photos Library.photoslibrary/resources/media/face/00/00,facetile_3f.jpeg,-,-,-,26473,-,-,379x379,-,-,069332999f0c01a1bd50a98a5c8c2f18
/Users/mac24/a/projects/fotos/keep/images/macbook2012/Pictures/Photos Library.photoslibrary/resources/media/face/00/00,facetile_40.jpeg,-,-,-,29683,-,-,360x480,-,-,723c2767016785556140510e7ef7f609
/Users/mac24/a/projects/fotos/keep/images/macbook2012/Pictures/Photos Library.photoslibrary/resources/media/face/00/00,facetile_41.jpeg,-,-,-,25100,-,-,426x426,-,-,992df6b7b87b21bd595cb461e928f65d
/Users/mac24/a/projects/fotos/keep/images/macbook2012/Pictures/Photos Library.photoslibrary/resources/media/face/00/00,facetile_42.jpeg,-,-,-,65446,-,-,480x480,-,-,8f963eda8499a4659745b6207c59150a
/Users/mac24/a/projects/fotos/keep/images/macbook2012/Pictures/Photos Library.photoslibrary/resources/media/face/00/00,facetile_43.jpeg,-,-,-,26937,-,-,359x478,-,-,4510b0aa2afda1e544af15a3a1693c59
/Users/mac24/a/projects/fotos/keep/images/macbook2012/Pictures/Photos Library.photoslibrary/resources/media/face/00/00,facetile_44.jpeg,-,-,-,8113,-,-,191x255,-,-,669b2322ff2924df6acdf526539c3571
/Users/mac24/a/projects/fotos/keep/images/macbook2012/Pictures/Photos Library.photoslibrary/resources/media/face/00/00,facetile_45.jpeg,-,-,-,8363,-,-,170x226,-,-,5b086bd2e177c71d15bb8fdea8cdfea3
/Users/mac24/a/projects/fotos/keep/images/macbook2012/Pictures/Photos Library.photoslibrary/resources/media/face/00/00,facetile_46.jpeg,-,-,-,51814,-,-,360x480,-,-,9f2ce408bc50062b35d1ab950ab1361f
/Users/mac24/a/projects/fotos/keep/images/macbook2012/Pictures/Photos Library.photoslibrary/resources/media/face/00/00,facetile_47.jpeg,-,-,-,42695,-,-,360x480,-,-,3994f2b4b5d2555e5f813d3b5f9e0782
/Users/mac24/a/projects/fotos/keep/images/macbook2012/Pictures/Photos Library.photoslibrary/resources/media/face/00/00,facetile_48.jpeg,-,-,-,32901,-,-,360x480,-,-,8cb35379776d292121052ced7de9f4c1
/Users/mac24/a/projects/fotos/keep/images/macbook2012/Pictures/Photos Library.photoslibrary/resources/media/face/00/00,facetile_49.jpeg,-,-,-,28333,-,-,473x474,-,-,45534dcd80a72ea55e8677e284d5842d
/Users/mac24/a/projects/fotos/keep/images/macbook2012/Pictures/Photos Library.photoslibrary/resources/media/face/00/00,facetile_4a.jpeg,-,-,-,63644,-,-,480x480,-,-,1e962cd66626ac9a8c1c551f6e22eeb8
/Users/mac24/a/projects/fotos/keep/images/macbook2012/Pictures/Photos Library.photoslibrary/resources/media/face/00/00,facetile_4b.jpeg,-,-,-,24549,-,-,300x301,-,-,3463df8fb742898fcc3a65211ba416f9
/Users/mac24/a/projects/fotos/keep/images/macbook2012/Pictures/Photos Library.photoslibrary/resources/media/face/00/00,facetile_4c.jpeg,-,-,-,16562,-,-,411x411,-,-,ca4cc563fc2cc436ccabcbbae439ed39
/Users/mac24/a/projects/fotos/keep/images/macbook2012/Pictures/Photos Library.photoslibrary/resources/media/face/00/00,facetile_4d.jpeg,-,-,-,63895,-,-,480x480,-,-,8044847d6ea8620a796cdd685129f980
/Users/mac24/a/projects/fotos/keep/images/macbook2012/Pictures/Photos Library.photoslibrary/resources/media/face/00/00,facetile_4e.jpeg,-,-,-,10948,-,-,190x190,-,-,d209b88ce5f946850443f6e60be038e8
/Users/mac24/a/projects/fotos/keep/images/macbook2012/Pictures/Photos Library.photoslibrary/resources/media/face/00/00,facetile_4f.jpeg,-,-,-,20496,-,-,269x268,-,-,234bab1480dbb1b9852aa7b734b742f3
/Users/mac24/a/projects/fotos/keep/images/macbook2012/Pictures/Photos Library.photoslibrary/resources/media/face/00/00,facetile_50.jpeg,-,-,-,46790,-,-,360x480,-,-,fd928f0b70fdc64612d284a7a0d7fe90
/Users/mac24/a/projects/fotos/keep/images/macbook2012/Pictures/Photos Library.photoslibrary/resources/media/face/00/00,facetile_51.jpeg,-,-,-,34373,-,-,342x456,-,-,d22d85f71b4f31270f75e971251e28cb
/Users/mac24/a/projects/fotos/keep/images/macbook2012/Pictures/Photos Library.photoslibrary/resources/media/face/00/00,facetile_52.jpeg,-,-,-,26599,-,-,305x407,-,-,5c2d0c74448a83ebd78363b8cafa7066
/Users/mac24/a/projects/fotos/keep/images/macbook2012/Pictures/Photos Library.photoslibrary/resources/media/face/00/00,facetile_53.jpeg,-,-,-,32044,-,-,360x480,-,-,296506cebb8d3a6352934d923d6583ad
/Users/mac24/a/projects/fotos/keep/images/macbook2012/Pictures/Photos Library.photoslibrary/resources/media/face/00/00,facetile_54.jpeg,-,-,-,40426,-,-,360x480,-,-,faf5b4a832b5e2c246f4385eac059441
/Users/mac24/a/projects/fotos/keep/images/macbook2012/Pictures/Photos Library.photoslibrary/resources/media/face/00/00,facetile_55.jpeg,-,-,-,35437,-,-,360x480,-,-,76ff070a6261eb173799a708771ba558
/Users/mac24/a/projects/fotos/keep/images/macbook2012/Pictures/Photos Library.photoslibrary/resources/media/face/00/00,facetile_56.jpeg,-,-,-,36212,-,-,360x480,-,-,7fd82c02596358511554a364ca24d968
/Users/mac24/a/projects/fotos/keep/images/macbook2012/Pictures/Photos Library.photoslibrary/resources/media/face/00/00,facetile_57.jpeg,-,-,-,17847,-,-,360x480,-,-,d67a5461731db2b0f03d73f91382f2bd
/Users/mac24/a/projects/fotos/keep/images/macbook2012/Pictures/Photos Library.photoslibrary/resources/media/face/00/00,facetile_58.jpeg,-,-,-,24036,-,-,369x369,-,-,3bda49b56b96aee35183174bff2df2da
/Users/mac24/a/projects/fotos/keep/images/macbook2012/Pictures/Photos Library.photoslibrary/resources/media/face/00/00,facetile_59.jpeg,-,-,-,32460,-,-,360x480,-,-,863de141166ad71131ef0bbe8cce88c6
/Users/mac24/a/projects/fotos/keep/images/macbook2012/Pictures/Photos Library.photoslibrary/resources/media/face/00/00,facetile_5a.jpeg,-,-,-,25530,-,-,332x443,-,-,a1bb3e529397ad0a94e2b49e7d8e7b14
/Users/mac24/a/projects/fotos/keep/images/macbook2012/Pictures/Photos Library.photoslibrary/resources/media/face/00/00,facetile_5b.jpeg,-,-,-,29829,-,-,346x461,-,-,e49e33571ed1e071494c8cf73e5a368f
/Users/mac24/a/projects/fotos/keep/images/macbook2012/Pictures/Photos Library.photoslibrary/resources/media/face/00/00,facetile_5c.jpeg,-,-,-,40149,-,-,360x480,-,-,162a16211c55351f4d930cf52f1ceb04
/Users/mac24/a/projects/fotos/keep/images/macbook2012/Pictures/Photos Library.photoslibrary/resources/media/face/00/00,facetile_5d.jpeg,-,-,-,35040,-,-,360x480,-,-,53a47dfe5fc01bd5b0621871b3d68cc5
/Users/mac24/a/projects/fotos/keep/images/macbook2012/Pictures/Photos Library.photoslibrary/resources/media/face/00/00,facetile_5e.jpeg,-,-,-,27491,-,-,360x480,-,-,4f74099638261c3101d82ef1e8db2a37
/Users/mac24/a/projects/fotos/keep/images/macbook2012/Pictures/Photos Library.photoslibrary/resources/media/face/00/00,facetile_5f.jpeg,-,-,-,28622,-,-,360x480,-,-,7c0aa1473f97f473d64d85de2d08c1bd
/Users/mac24/a/projects/fotos/keep/images/macbook2012/Pictures/Photos Library.photoslibrary/resources/media/face/00/00,facetile_60.jpeg,-,-,-,18058,-,-,244x326,-,-,4cdcfcc24e72afb855366d5b3dd3b101
/Users/mac24/a/projects/fotos/keep/images/macbook2012/Pictures/Photos Library.photoslibrary/resources/media/face/00/00,facetile_61.jpeg,-,-,-,40977,-,-,360x480,-,-,f7d20d95ddc59450adb3007de26b47f7
/Users/mac24/a/projects/fotos/keep/images/macbook2012/Pictures/Photos Library.photoslibrary/resources/media/face/00/00,facetile_62.jpeg,-,-,-,25686,-,-,317x423,-,-,6dead6189bbff94c7dfe0302b57cfdde
/Users/mac24/a/projects/fotos/keep/images/macbook2012/Pictures/Photos Library.photoslibrary/resources/media/face/00/00,facetile_79.jpeg,-,-,-,42530,-,-,360x480,-,-,cce2cd8a1836551956702a19663cd16b
/Users/mac24/a/projects/fotos/keep/images/macbook2012/Pictures/Photos Library.photoslibrary/resources/media/face/00/00,facetile_7a.jpeg,-,-,-,70583,-,-,480x480,-,-,b5f11ef54b256f60c957891010cdc647
/Users/mac24/a/projects/fotos/keep/images/macbook2012/Pictures/Photos Library.photoslibrary/resources/media/face/00/00,facetile_7e.jpeg,-,-,-,25640,-,-,273x364,-,-,6856379937092c7fbeb23be6f5220f47
/Users/mac24/a/projects/fotos/keep/images/macbook2012/Pictures/Photos Library.photoslibrary/resources/media/face/00/00,facetile_7f.jpeg,-,-,-,24084,-,-,287x383,-,-,07a94d044d2b56d313302e196ad2b460
/Users/mac24/a/projects/fotos/keep/images/macbook2012/Pictures/Photos Library.photoslibrary/resources/media/face/00/00,facetile_80.jpeg,-,-,-,22934,-,-,259x346,-,-,2d6e6df991e2575a7032b9e645589e24
/Users/mac24/a/projects/fotos/keep/images/macbook2012/Pictures/Photos Library.photoslibrary/resources/media/face/00/00,facetile_82.jpeg,-,-,-,26864,-,-,277x370,-,-,dd3ce02f18ac1d94c4498836c70693e5
/Users/mac24/a/projects/fotos/keep/images/macbook2012/Pictures/Photos Library.photoslibrary/resources/media/face/00/00,facetile_84.jpeg,-,-,-,34275,-,-,329x439,-,-,2e113d6a4f7d872fd283566c7c1b4666
/Users/mac24/a/projects/fotos/keep/images/macbook2012/Pictures/Photos Library.photoslibrary/resources/media/face/00/00,facetile_85.jpeg,-,-,-,24880,-,-,282x376,-,-,7670aa43f23078564d50f05c4464602d
/Users/mac24/a/projects/fotos/keep/images/macbook2012/Pictures/Photos Library.photoslibrary/resources/media/face/00/00,facetile_86.jpeg,-,-,-,19910,-,-,268x357,-,-,454306b6ae46c16b026cc6823db0e2fd
/Users/mac24/a/projects/fotos/keep/images/macbook2012/Pictures/Photos Library.photoslibrary/resources/media/face/00/00,facetile_89.jpeg,-,-,-,42928,-,-,360x480,-,-,ebc50144d735a2cd4e30121bbd5fbf9c
/Users/mac24/a/projects/fotos/keep/images/macbook2012/Pictures/Photos Library.photoslibrary/resources/media/face/00/00,facetile_8a.jpeg,-,-,-,35131,-,-,360x480,-,-,1beedb031e25e9c56991c6a6d17a2f38
/Users/mac24/a/projects/fotos/keep/images/macbook2012/Pictures/Photos Library.photoslibrary/resources/media/face/00/00,facetile_8b.jpeg,-,-,-,33212,-,-,360x480,-,-,90a71d12d96cf2a29ab7cb4173f90b7c
/Users/mac24/a/projects/fotos/keep/images/macbook2012/Pictures/Photos Library.photoslibrary/resources/media/face/00/00,facetile_8c.jpeg,-,-,-,31859,-,-,360x480,-,-,46f70c6837ffe6d9001e20c94c08e9bf
/Users/mac24/a/projects/fotos/keep/images/macbook2012/Pictures/Photos Library.photoslibrary/resources/media/face/00/00,facetile_8d.jpeg,-,-,-,31992,-,-,360x480,-,-,34c941303c05bf038114e51381911621
/Users/mac24/a/projects/fotos/keep/images/macbook2012/Pictures/Photos Library.photoslibrary/resources/media/face/00/00,facetile_8e.jpeg,-,-,-,29934,-,-,360x480,-,-,4f6bc2a6a5ac21b728a2c856440c4e64
/Users/mac24/a/projects/fotos/keep/images/macbook2012/Pictures/Photos Library.photoslibrary/resources/media/face/00/00,facetile_8f.jpeg,-,-,-,27607,-,-,360x480,-,-,a14cbe124d74e2018f2baf39172aa835
/Users/mac24/a/projects/fotos/keep/images/macbook2012/Pictures/Photos Library.photoslibrary/resources/media/face/00/00,facetile_90.jpeg,-,-,-,47850,-,-,360x480,-,-,91d2d0964475e8967ad7ab8e6f7d165c
/Users/mac24/a/projects/fotos/keep/images/macbook2012/Pictures/Photos Library.photoslibrary/resources/media/face/00/00,facetile_91.jpeg,-,-,-,43840,-,-,360x480,-,-,3a7e4cc5b94e219a029240e28aaffd2f
/Users/mac24/a/projects/fotos/keep/images/macbook2012/Pictures/Photos Library.photoslibrary/resources/media/face/00/00,facetile_92.jpeg,-,-,-,41267,-,-,360x480,-,-,a2c697add344de0e41aca790ee60af8e
/Users/mac24/a/projects/fotos/keep/images/macbook2012/Pictures/Photos Library.photoslibrary/resources/media/face/00/00,facetile_93.jpeg,-,-,-,46629,-,-,480x480,-,-,93101b7dfb551267235cafb6c51f22da
/Users/mac24/a/projects/fotos/keep/images/macbook2012/Pictures/Photos Library.photoslibrary/resources/media/face/00/00,facetile_94.jpeg,-,-,-,49277,-,-,360x480,-,-,511b7dba5dc87360ff9af65430316491
/Users/mac24/a/projects/fotos/keep/images/macbook2012/Pictures/Photos Library.photoslibrary/resources/media/face/00/00,facetile_95.jpeg,-,-,-,40059,-,-,360x480,-,-,a57b0f25d7960d53326bfc90001e0241
/Users/mac24/a/projects/fotos/keep/images/macbook2012/Pictures/Photos Library.photoslibrary/resources/media/face/00/00,facetile_96.jpeg,-,-,-,36710,-,-,360x480,-,-,7a84993d3bccffb69c2e0d2b931d1046
/Users/mac24/a/projects/fotos/keep/images/macbook2012/Pictures/Photos Library.photoslibrary/resources/media/face/00/00,facetile_97.jpeg,-,-,-,43571,-,-,360x480,-,-,a6883c87fab002166efb70fe4822a41a
/Users/mac24/a/projects/fotos/keep/images/macbook2012/Pictures/Photos Library.photoslibrary/resources/media/face/00/00,facetile_98.jpeg,-,-,-,37921,-,-,360x480,-,-,98cbf4b9bd66bcc845a9785c75d633f6
/Users/mac24/a/projects/fotos/keep/images/macbook2012/Pictures/Photos Library.photoslibrary/resources/media/face/00/00,facetile_99.jpeg,-,-,-,43744,-,-,360x480,-,-,bb203b8eebe142dcc8bb5cd2ed8c1ce5
/Users/mac24/a/projects/fotos/keep/images/macbook2012/Pictures/Photos Library.photoslibrary/resources/media/face/00/00,facetile_9a.jpeg,-,-,-,38697,-,-,360x480,-,-,6fb6ae683899d52fed9629320b0671ee
/Users/mac24/a/projects/fotos/keep/images/macbook2012/Pictures/Photos Library.photoslibrary/resources/media/face/00/00,facetile_9b.jpeg,-,-,-,43951,-,-,360x480,-,-,28b27296383c04976258c84686fa6b6a
/Users/mac24/a/projects/fotos/keep/images/macbook2012/Pictures/Photos Library.photoslibrary/resources/media/face/00/00,facetile_9c.jpeg,-,-,-,27351,-,-,322x429,-,-,cc168a5ea5ca6876db4803dbd4607dbf
/Users/mac24/a/projects/fotos/keep/images/macbook2012/Pictures/Photos Library.photoslibrary/resources/media/face/00/00,facetile_9d.jpeg,-,-,-,23182,-,-,294x392,-,-,4d082d102f63fe480911cbbc9c4fe2b3
/Users/mac24/a/projects/fotos/keep/images/macbook2012/Pictures/Photos Library.photoslibrary/resources/media/face/00/00,facetile_9e.jpeg,-,-,-,24596,-,-,280x374,-,-,a494ec511efd16af002079f8a94586d6
/Users/mac24/a/projects/fotos/keep/images/macbook2012/Pictures/Photos Library.photoslibrary/resources/media/face/00/00,facetile_9f.jpeg,-,-,-,29206,-,-,319x425,-,-,5643cc6e7dcdffa71ab1a8e1aa72fb2c
/Users/mac24/a/projects/fotos/keep/images/macbook2012/Pictures/Photos Library.photoslibrary/resources/media/face/00/00,facetile_a0.jpeg,-,-,-,35229,-,-,360x480,-,-,b7e9b45a4635ee43838eef12a501ded8
/Users/mac24/a/projects/fotos/keep/images/macbook2012/Pictures/Photos Library.photoslibrary/resources/media/face/00/00,facetile_a1.jpeg,-,-,-,28679,-,-,360x480,-,-,9252281486898ccc6bc2f4783cc9e0fe
/Users/mac24/a/projects/fotos/keep/images/macbook2012/Pictures/Photos Library.photoslibrary/resources/media/face/00/00,facetile_a2.jpeg,-,-,-,34089,-,-,343x457,-,-,489fb67ee1e9f2523039d0f063f9af52
/Users/mac24/a/projects/fotos/keep/images/macbook2012/Pictures/Photos Library.photoslibrary/resources/media/face/00/00,facetile_a3.jpeg,-,-,-,35277,-,-,336x448,-,-,3610e95a65a5b56ffc63562b4cc18f5c
/Users/mac24/a/projects/fotos/keep/images/macbook2012/Pictures/Photos Library.photoslibrary/resources/media/face/00/00,facetile_a5.jpeg,-,-,-,41847,-,-,360x480,-,-,23fb17012340ba605b8b531ca37887d8
/Users/mac24/a/projects/fotos/keep/images/macbook2012/Pictures/Photos Library.photoslibrary/resources/media/face/00/00,facetile_a6.jpeg,-,-,-,44891,-,-,360x480,-,-,30fc486d2a717ea5826ea6a3ff44e56d
/Users/mac24/a/projects/fotos/keep/images/macbook2012/Pictures/Photos Library.photoslibrary/resources/media/face/00/00,facetile_a7.jpeg,-,-,-,39982,-,-,360x480,-,-,c9a46b0ce313f97ad2a5d6a61bb93e20
/Users/mac24/a/projects/fotos/keep/images/macbook2012/Pictures/Photos Library.photoslibrary/resources/media/face/00/00,facetile_a8.jpeg,-,-,-,38123,-,-,360x480,-,-,778cacc007ad0693ac5f4e5f67d87bfd
/Users/mac24/a/projects/fotos/keep/images/macbook2012/Pictures/Photos Library.photoslibrary/resources/media/face/00/00,facetile_a9.jpeg,-,-,-,30487,-,-,360x480,-,-,1b7cb9256ef080611bac6909076bfe18
/Users/mac24/a/projects/fotos/keep/images/macbook2012/Pictures/Photos Library.photoslibrary/resources/media/face/00/00,facetile_aa.jpeg,-,-,-,29567,-,-,295x394,-,-,389ab45e82a780b3c3776f67b9c838f6
/Users/mac24/a/projects/fotos/keep/images/macbook2012/Pictures/Photos Library.photoslibrary/resources/media/face/00/00,facetile_ab.jpeg,-,-,-,42898,-,-,360x480,-,-,ce22685e69aff0bd78db1eb3a0c64f09
/Users/mac24/a/projects/fotos/keep/images/macbook2012/Pictures/Photos Library.photoslibrary/resources/media/face/00/00,facetile_ac.jpeg,-,-,-,19856,-,-,295x394,-,-,a8e94f403cc922292f54fa1d63cbbc99
/Users/mac24/a/projects/fotos/keep/images/macbook2012/Pictures/Photos Library.photoslibrary/resources/media/face/00/00,facetile_ad.jpeg,-,-,-,28063,-,-,360x480,-,-,7124ae7eb5537955910c71052f928259
/Users/mac24/a/projects/fotos/keep/images/macbook2012/Pictures/Photos Library.photoslibrary/resources/media/face/00/00,facetile_ae.jpeg,-,-,-,35946,-,-,360x480,-,-,a5d36129576a5cd207d1be4c6d975480
/Users/mac24/a/projects/fotos/keep/images/macbook2012/Pictures/Photos Library.photoslibrary/resources/media/face/00/00,facetile_af.jpeg,-,-,-,40943,-,-,480x480,-,-,805e53a3366b91e88355a1378a5c76cf
/Users/mac24/a/projects/fotos/keep/images/macbook2012/Pictures/Photos Library.photoslibrary/resources/media/face/00/00,facetile_b0.jpeg,-,-,-,45665,-,-,360x480,-,-,cdbc59ff317dddaf5f65038cc66e07e5
/Users/mac24/a/projects/fotos/keep/images/macbook2012/Pictures/Photos Library.photoslibrary/resources/media/face/00/00,facetile_b1.jpeg,-,-,-,18150,-,-,360x480,-,-,603822985c90d21d3f2d19b830556bb5
/Users/mac24/a/projects/fotos/keep/images/macbook2012/Pictures/Photos Library.photoslibrary/resources/media/face/00/00,facetile_b2.jpeg,-,-,-,39841,-,-,360x480,-,-,75c5f075059cb8e837fc92b6e09ddef0
/Users/mac24/a/projects/fotos/keep/images/macbook2012/Pictures/Photos Library.photoslibrary/resources/media/face/00/00,facetile_b3.jpeg,-,-,-,32737,-,-,360x480,-,-,1c7ebe012b94aa51c598a13da84e40ac
/Users/mac24/a/projects/fotos/keep/images/macbook2012/Pictures/Photos Library.photoslibrary/resources/media/face/00/00,facetile_b4.jpeg,-,-,-,29276,-,-,360x480,-,-,8d73bc77e938a80a8905db749e172494
/Users/mac24/a/projects/fotos/keep/images/macbook2012/Pictures/Photos Library.photoslibrary/resources/media/face/00/00,facetile_b5.jpeg,-,-,-,48619,-,-,360x480,-,-,eaacbc0b36282be895925c042b89d3f3
/Users/mac24/a/projects/fotos/keep/images/macbook2012/Pictures/Photos Library.photoslibrary/resources/media/face/00/00,facetile_b6.jpeg,-,-,-,40417,-,-,360x480,-,-,a60d9a129ff45ec2ed8395765045f4cb
/Users/mac24/a/projects/fotos/keep/images/macbook2012/Pictures/Photos Library.photoslibrary/resources/media/version/00/00,fullsizeoutput_1.jpeg,2013-08-04 17:09:24,2013-08-04 17:09:24,-,2725636,-,-,2272x4032,Olympus M.Zuiko Digital ED 14-42mm F3.5-5.6 II R,E-PM1,c515bf9c3511821a05c7c1d00a944a51
/Users/mac24/a/projects/fotos/keep/images/macbook2012/Pictures/Photos Library.photoslibrary/resources/media/version/00/00,fullsizeoutput_11.jpeg,2013-08-04 17:03:34,2013-08-04 17:03:34,-,2715192,-,-,2272x4032,Olympus M.Zuiko Digital ED 14-42mm F3.5-5.6 II R,E-PM1,5da0783a4be370c3309d47b7f85f2a36
/Users/mac24/a/projects/fotos/keep/images/macbook2012/Pictures/Photos Library.photoslibrary/resources/media/version/00/00,fullsizeoutput_12.jpeg,2013-08-04 17:09:11,2013-08-04 17:09:11,-,3255261,-,-,2272x4032,Olympus M.Zuiko Digital ED 14-42mm F3.5-5.6 II R,E-PM1,a0eb592cb99b95ad913b5abdd4a19b95
/Users/mac24/a/projects/fotos/keep/images/macbook2012/Pictures/Photos Library.photoslibrary/resources/media/version/00/00,fullsizeoutput_13.jpeg,2013-06-23 17:12:17,2013-06-23 17:12:17,-,1589285,-,-,1440x2560,Olympus M.Zuiko Digital ED 14-42mm F3.5-5.6 II R,E-PM1,969e803ed01932c9543dd90689bbd677
/Users/mac24/a/projects/fotos/keep/images/macbook2012/Pictures/Photos Library.photoslibrary/resources/media/version/00/00,fullsizeoutput_15.jpeg,-,-,-,69606,-,-,399x572,-,-,46a0b82201dc63015ee651090cb3e5a9
/Users/mac24/a/projects/fotos/keep/images/macbook2012/Pictures/Photos Library.photoslibrary/resources/media/version/00/00,fullsizeoutput_16.jpeg,2013-08-13 14:34:45,2013-08-13 14:34:45,-,2674230,-,-,2272x4032,Olympus M.Zuiko Digital ED 14-42mm F3.5-5.6 II R,E-PM1,5cc8dd0df7e07dec408886c695435906
/Users/mac24/a/projects/fotos/keep/images/macbook2012/Pictures/Photos Library.photoslibrary/resources/media/version/00/00,fullsizeoutput_3.jpeg,2013-08-11 12:39:06,2013-08-11 12:39:06,-,2782201,-,-,2272x4032,Olympus M.Zuiko Digital ED 14-42mm F3.5-5.6 II R,E-PM1,8d6f08984813b0897594e4e31bbee230
/Users/mac24/a/projects/fotos/keep/images/macbook2012/Pictures/Photos Library.photoslibrary/resources/media/version/00/00,fullsizeoutput_5.jpeg,2013-08-11 11:42:17,2013-08-11 11:42:17,-,2070823,-,-,2272x4032,Olympus M.Zuiko Digital ED 14-42mm F3.5-5.6 II R,E-PM1,87cf981eec8416dd13e9d5e002334dea
/Users/mac24/a/projects/fotos/keep/images/macbook2012/Pictures/Photos Library.photoslibrary/resources/media/version/00/00,fullsizeoutput_6.jpeg,2013-08-11 11:30:30,2013-08-11 11:30:30,-,2589643,-,-,2272x4032,Olympus M.Zuiko Digital ED 14-42mm F3.5-5.6 II R,E-PM1,d7b8da6694bb567a19a785dd8fff3723
/Users/mac24/a/projects/fotos/keep/images/macbook2012/Pictures/Photos Library.photoslibrary/resources/media/version/00/00,fullsizeoutput_63.jpeg,2013-08-12 15:11:17,2013-08-12 15:11:17,-,2489981,-,-,2272x4032,Olympus M.Zuiko Digital 14-42mm F3.5-5.6 II R,E-PM1,2787aab95c9b398e9f9f4cf85f19bc5a
/Users/mac24/a/projects/fotos/keep/images/macbook2012/Pictures/Photos Library.photoslibrary/resources/media/version/00/00,fullsizeoutput_64.jpeg,2013-08-12 15:10:12,2013-08-12 15:10:12,-,2419012,-,-,2272x4032,Olympus M.Zuiko Digital 14-42mm F3.5-5.6 II R,E-PM1,846701193574bed22cc7fd4ba9f4aeca
/Users/mac24/a/projects/fotos/keep/images/macbook2012/Pictures/Photos Library.photoslibrary/resources/media/version/00/00,fullsizeoutput_65.jpeg,2013-08-12 15:02:31,2013-08-12 15:02:31,-,1541304,-,-,2272x4032,Olympus M.Zuiko Digital 14-42mm F3.5-5.6 II R,E-PM1,e7385da7d4048ace6ab0d89d1698869d
/Users/mac24/a/projects/fotos/keep/images/macbook2012/Pictures/Photos Library.photoslibrary/resources/media/version/00/00,fullsizeoutput_66.jpeg,2013-08-11 14:18:06,2013-08-11 14:18:06,-,722833,-,-,2272x4032,Olympus M.Zuiko Digital 14-42mm F3.5-5.6 II R,E-PM1,b0e4a1e482eea58596874a79d5ea1619
/Users/mac24/a/projects/fotos/keep/images/macbook2012/Pictures/Photos Library.photoslibrary/resources/media/version/00/00,fullsizeoutput_67.jpeg,2013-08-11 14:15:48,2013-08-11 14:15:48,-,716524,-,-,2272x4032,Olympus M.Zuiko Digital 14-42mm F3.5-5.6 II R,E-PM1,c9026b849cdc2a2689f2eaf2ad5a9e76
/Users/mac24/a/projects/fotos/keep/images/macbook2012/Pictures/Photos Library.photoslibrary/resources/media/version/00/00,fullsizeoutput_68.jpeg,2013-08-11 14:14:23,2013-08-11 14:14:23,-,1234324,-,-,2272x4032,Olympus M.Zuiko Digital 14-42mm F3.5-5.6 II R,E-PM1,f19148d72e94f5bd5c846cc7f2b4f9ca
/Users/mac24/a/projects/fotos/keep/images/macbook2012/Pictures/Photos Library.photoslibrary/resources/media/version/00/00,fullsizeoutput_69.jpeg,2013-08-11 14:13:49,2013-08-11 14:13:49,-,1567182,-,-,2272x4032,Olympus M.Zuiko Digital 14-42mm F3.5-5.6 II R,E-PM1,b4d58fe9fc3e31a9a76c34f75b6e7dde
/Users/mac24/a/projects/fotos/keep/images/macbook2012/Pictures/Photos Library.photoslibrary/resources/media/version/00/00,fullsizeoutput_6a.jpeg,2013-08-12 15:25:55,2013-08-12 15:25:55,-,3085604,-,-,2272x4032,Olympus M.Zuiko Digital 14-42mm F3.5-5.6 II R,E-PM1,6255e0fdaaae1133e07115c261bc69af
/Users/mac24/a/projects/fotos/keep/images/macbook2012/Pictures/Photos Library.photoslibrary/resources/media/version/00/00,fullsizeoutput_6b.jpeg,2013-08-12 15:13:19,2013-08-12 15:13:19,-,1736352,-,-,2272x4032,Olympus M.Zuiko Digital 14-42mm F3.5-5.6 II R,E-PM1,ed91e36c595955cdb9d3f074e33cc98c
/Users/mac24/a/projects/fotos/keep/images/macbook2012/Pictures/Photos Library.photoslibrary/resources/media/version/00/00,fullsizeoutput_6c.jpeg,2013-08-12 15:02:18,2013-08-12 15:02:18,-,1746184,-,-,2272x4032,Olympus M.Zuiko Digital 14-42mm F3.5-5.6 II R,E-PM1,bbabc9717f00371ab57e10246b96b1fc
/Users/mac24/a/projects/fotos/keep/images/macbook2012/Pictures/Photos Library.photoslibrary/resources/media/version/00/00,fullsizeoutput_6d.jpeg,2013-08-11 14:17:28,2013-08-11 14:17:28,-,1296929,-,-,2272x4032,Olympus M.Zuiko Digital 14-42mm F3.5-5.6 II R,E-PM1,fc3109689f0aafd3508413b099cab848
/Users/mac24/a/projects/fotos/keep/images/macbook2012/Pictures/Photos Library.photoslibrary/resources/media/version/00/00,fullsizeoutput_6e.jpeg,2013-08-11 14:17:00,2013-08-11 14:17:00,-,1281875,-,-,2272x4032,Olympus M.Zuiko Digital 14-42mm F3.5-5.6 II R,E-PM1,9e77bd1e7491f4e559847ca40d9703e4
/Users/mac24/a/projects/fotos/keep/images/macbook2012/Pictures/Photos Library.photoslibrary/resources/media/version/00/00,fullsizeoutput_6f.jpeg,2013-08-11 14:16:02,2013-08-11 14:16:02,-,1489921,-,-,2272x4032,Olympus M.Zuiko Digital 14-42mm F3.5-5.6 II R,E-PM1,fd94c5b1b4c36afd35d9bcc71d0c75aa
/Users/mac24/a/projects/fotos/keep/images/macbook2012/Pictures/Photos Library.photoslibrary/resources/media/version/00/00,fullsizeoutput_7.jpeg,2013-08-11 13:14:10,2013-08-11 13:14:10,-,2117696,-,-,2272x4032,Olympus M.Zuiko Digital ED 14-42mm F3.5-5.6 II R,E-PM1,83edad7bed5df4a8b34e90e080fdfae9
/Users/mac24/a/projects/fotos/keep/images/macbook2012/Pictures/Photos Library.photoslibrary/resources/media/version/00/00,fullsizeoutput_70.jpeg,2013-08-11 14:15:09,2013-08-11 14:15:09,-,1501638,-,-,2272x4032,Olympus M.Zuiko Digital 14-42mm F3.5-5.6 II R,E-PM1,09e85e3fca12a185d31868eab10adacf
/Users/mac24/a/projects/fotos/keep/images/macbook2012/Pictures/Photos Library.photoslibrary/resources/media/version/00/00,fullsizeoutput_71.jpeg,2013-08-11 12:42:09,2013-08-11 12:42:09,-,2706102,-,-,2272x4032,Olympus M.Zuiko Digital 14-42mm F3.5-5.6 II R,E-PM1,767eedb385fc60a1afb16c1b52c71c27
/Users/mac24/a/projects/fotos/keep/images/macbook2012/Pictures/Photos Library.photoslibrary/resources/media/version/00/00,fullsizeoutput_73.jpeg,2013-07-06 14:57:48,2013-07-06 14:57:48,-,920757,-,-,1440x2560,Olympus M.Zuiko Digital 14-42mm F3.5-5.6 II R,E-PM1,4fb50d9ef9782e614da6de69545f6fa4
/Users/mac24/a/projects/fotos/keep/images/macbook2012/Pictures/Photos Library.photoslibrary/resources/media/version/00/00,fullsizeoutput_74.jpeg,2013-06-24 23:01:39,2013-06-24 23:01:39,-,1064698,-,-,1440x2560,Olympus M.Zuiko Digital 14-42mm F3.5-5.6 II R,E-PM1,2dbc43d70d2ebf9fef89af20c3d1b691
/Users/mac24/a/projects/fotos/keep/images/macbook2012/Pictures/Photos Library.photoslibrary/resources/media/version/00/00,fullsizeoutput_76.jpeg,2013-06-24 22:41:47,2013-06-24 22:41:47,-,737038,-,-,1440x2560,Olympus M.Zuiko Digital 14-42mm F3.5-5.6 II R,E-PM1,078557c98ac66723b4b000031ceaafba
/Users/mac24/a/projects/fotos/keep/images/macbook2012/Pictures/Photos Library.photoslibrary/resources/media/version/00/00,fullsizeoutput_8.jpeg,2013-08-11 12:34:11,2013-08-11 12:34:11,-,2890530,-,-,2272x4032,Olympus M.Zuiko Digital ED 14-42mm F3.5-5.6 II R,E-PM1,cb3156e809aaca0c1bd3ec8a2990551b
/Users/mac24/a/projects/fotos/keep/images/macbook2012/Pictures/Photos Library.photoslibrary/resources/media/version/00/00,fullsizeoutput_9.jpeg,2013-08-04 17:14:15,2013-08-04 17:14:15,-,3167868,-,-,2272x4032,Olympus M.Zuiko Digital ED 14-42mm F3.5-5.6 II R,E-PM1,bafb63713191847e2d4ba76e85dea49a
/Users/mac24/a/projects/fotos/keep/images/macbook2012/Pictures/Photos Library.photoslibrary/resources/media/version/00/00,fullsizeoutput_a.jpeg,2013-08-04 17:02:58,2013-08-04 17:02:58,-,2313715,-,-,2272x4032,Olympus M.Zuiko Digital ED 14-42mm F3.5-5.6 II R,E-PM1,6f4f0cd5b4af0d88a0c31b81cf2bc753
/Users/mac24/a/projects/fotos/keep/images/macbook2012/Pictures/Photos Library.photoslibrary/resources/media/version/00/00,fullsizeoutput_b.jpeg,2013-08-11 12:40:53,2013-08-11 12:40:53,-,2506581,-,-,2272x4032,Olympus M.Zuiko Digital ED 14-42mm F3.5-5.6 II R,E-PM1,598cb1d4998f84fe2151305afe417e2c
/Users/mac24/a/projects/fotos/keep/images/macbook2012/Pictures/Photos Library.photoslibrary/resources/media/version/00/00,fullsizeoutput_c.jpeg,2013-08-11 11:34:41,2013-08-11 11:34:41,-,2311745,-,-,2272x4032,Olympus M.Zuiko Digital ED 14-42mm F3.5-5.6 II R,E-PM1,f4799f07a2c35d842710d3138d0f0cf3
/Users/mac24/a/projects/fotos/keep/images/macbook2012/Pictures/Photos Library.photoslibrary/resources/media/version/00/00,fullsizeoutput_d.jpeg,2013-08-04 17:08:35,2013-08-04 17:08:35,-,2753716,-,-,2272x4032,Olympus M.Zuiko Digital ED 14-42mm F3.5-5.6 II R,E-PM1,93dc23f1d7fd4d1c6f1a50b75d3f1b35
/Users/mac24/a/projects/fotos/keep/images/macbook2012/Pictures/Photos Library.photoslibrary/resources/media/version/00/00,fullsizeoutput_e.jpeg,2013-08-11 13:12:32,2013-08-11 13:12:32,-,2411225,-,-,2272x4032,Olympus M.Zuiko Digital ED 14-42mm F3.5-5.6 II R,E-PM1,8028fdccb0ebb99637b3a8531e02c8d0
/Users/mac24/a/projects/fotos/keep/images/macbook2012/Pictures/Photos Library.photoslibrary/resources/proxies/derivatives/00/00/11,ElIfg36jRrKhcotWUM+VAQ_mini_11.jpg,-,-,-,69654,-,-,202x360,-,-,d895ef20f49f4f8f643403c2b11f0c46
/Users/mac24/a/projects/fotos/keep/images/macbook2012/Pictures/Photos Library.photoslibrary/resources/proxies/derivatives/00/00/11,ElIfg36jRrKhcotWUM+VAQ_thumb_11.jpg,-,-,-,477542,-,-,576x1024,-,-,2ab133be39a7bd01dc7582176aeae6b8
/Users/mac24/a/projects/fotos/keep/images/macbook2012/Pictures/Photos Library.photoslibrary/resources/proxies/derivatives/00/00/19,3XM3CBhhTd+qmWTVkWn4vA_mini_19.jpg,-,-,-,42128,-,-,234x415,-,-,de90742f4e6ec2383206bf071fd245a6
/Users/mac24/a/projects/fotos/keep/images/macbook2012/Pictures/Photos Library.photoslibrary/resources/proxies/derivatives/00/00/19,3XM3CBhhTd+qmWTVkWn4vA_thumb_19.jpg,-,-,-,209207,-,-,665x1182,-,-,dc8aa54fa09d081d430cd4378b79fd70
/Users/mac24/a/projects/fotos/keep/images/macbook2012/Pictures/Photos Library.photoslibrary/resources/proxies/derivatives/00/00/1b,UNADJUSTEDNONRAW_mini_1b.jpg,-,-,-,46865,-,-,360x203,-,-,513963f8abe9082c834790ac8aa03304
/Users/mac24/a/projects/fotos/keep/images/macbook2012/Pictures/Photos Library.photoslibrary/resources/proxies/derivatives/00/00/1b,UNADJUSTEDNONRAW_thumb_1b.jpg,-,-,-,320124,-,-,1024x576,-,-,90f3fb86a066e6b49d6884ac561ed76b
/Users/mac24/a/projects/fotos/keep/images/macbook2012/Pictures/Photos Library.photoslibrary/resources/proxies/derivatives/00/00/21,h0vEpO3dQvC%15HgUfyGlg_mini_21.jpg,-,-,-,42740,-,-,234x415,-,-,a5a9552af0f4ffc0431550d19f236ae1
/Users/mac24/a/projects/fotos/keep/images/macbook2012/Pictures/Photos Library.photoslibrary/resources/proxies/derivatives/00/00/21,h0vEpO3dQvC%15HgUfyGlg_thumb_21.jpg,-,-,-,280774,-,-,665x1182,-,-,6e1c67dfd6248d0acc577427d9491d91
/Users/mac24/a/projects/fotos/keep/images/macbook2012/Pictures/Photos Library.photoslibrary/resources/proxies/derivatives/00/00/29,UNADJUSTEDNONRAW_mini_29.jpg,-,-,-,58684,-,-,360x203,-,-,755b16ba2303bb5fd28496856a7e4071
/Users/mac24/a/projects/fotos/keep/images/macbook2012/Pictures/Photos Library.photoslibrary/resources/proxies/derivatives/00/00/29,UNADJUSTEDNONRAW_thumb_29.jpg,-,-,-,307833,-,-,1024x576,-,-,eea58ee6623e6058c806df1790a274ca
/Users/mac24/a/projects/fotos/keep/images/macbook2012/Pictures/Photos Library.photoslibrary/resources/proxies/derivatives/00/00/2d,UNADJUSTEDNONRAW_mini_2d.jpg,-,-,-,52071,-,-,360x203,-,-,7d34047a105746b3fbfd58efe1aaa32a
/Users/mac24/a/projects/fotos/keep/images/macbook2012/Pictures/Photos Library.photoslibrary/resources/proxies/derivatives/00/00/2d,UNADJUSTEDNONRAW_thumb_2d.jpg,-,-,-,237199,-,-,1024x576,-,-,04f5b6d9255c5b472bb5054e080dc770
/Users/mac24/a/projects/fotos/keep/images/macbook2012/Pictures/Photos Library.photoslibrary/resources/proxies/derivatives/00/00/33,q0R%OnyoQ2WpynoT64V1XA_mini_33.jpg,-,-,-,69570,-,-,234x415,-,-,8744d2139067dd77ea3ed12005fe3017
/Users/mac24/a/projects/fotos/keep/images/macbook2012/Pictures/Photos Library.photoslibrary/resources/proxies/derivatives/00/00/33,q0R%OnyoQ2WpynoT64V1XA_thumb_33.jpg,-,-,-,310654,-,-,665x1182,-,-,00e81704b30790d7a10eb7c858a551dc
/Users/mac24/a/projects/fotos/keep/images/macbook2012/Pictures/Photos Library.photoslibrary/resources/proxies/derivatives/00/00/37,UNADJUSTEDNONRAW_mini_37.jpg,-,-,-,64352,-,-,360x203,-,-,6cfdcd3c18563bc677b9e386cba8bd33
/Users/mac24/a/projects/fotos/keep/images/macbook2012/Pictures/Photos Library.photoslibrary/resources/proxies/derivatives/00/00/37,UNADJUSTEDNONRAW_thumb_37.jpg,-,-,-,425481,-,-,1024x576,-,-,5b889d99ae421aaa4a394f64e2479e27
/Users/mac24/a/projects/fotos/keep/images/macbook2012/Pictures/Photos Library.photoslibrary/resources/proxies/derivatives/00/00/39,UNADJUSTEDNONRAW_mini_39.jpg,-,-,-,43687,-,-,360x203,-,-,e491be6fca94f9a0afc66db4fa09991b
/Users/mac24/a/projects/fotos/keep/images/macbook2012/Pictures/Photos Library.photoslibrary/resources/proxies/derivatives/00/00/39,UNADJUSTEDNONRAW_thumb_39.jpg,-,-,-,276330,-,-,1024x577,-,-,a7f50a6b5536bceff43d06fde591357b
/Users/mac24/a/projects/fotos/keep/images/macbook2012/Pictures/Photos Library.photoslibrary/resources/proxies/derivatives/00/00/3b,LaQUbED4SpKE8cEqea9Few_mini_3b.jpg,-,-,-,57540,-,-,203x360,-,-,faa27f67e782d8171ef63ad0e9a9e0b9
/Users/mac24/a/projects/fotos/keep/images/macbook2012/Pictures/Photos Library.photoslibrary/resources/proxies/derivatives/00/00/3b,LaQUbED4SpKE8cEqea9Few_thumb_3b.jpg,-,-,-,349527,-,-,578x1024,-,-,e5e0f01d7034c2b2521188e6c613c6ad
/Users/mac24/a/projects/fotos/keep/images/macbook2012/Pictures/Photos Library.photoslibrary/resources/proxies/derivatives/00/00/3d,k+ZJaKXZS7a2FJYgaVoAKw_mini_3d.jpg,-,-,-,62001,-,-,203x360,-,-,f761fc870f2c74318ea8de2cb672181e
/Users/mac24/a/projects/fotos/keep/images/macbook2012/Pictures/Photos Library.photoslibrary/resources/proxies/derivatives/00/00/3d,k+ZJaKXZS7a2FJYgaVoAKw_thumb_3d.jpg,-,-,-,396796,-,-,578x1024,-,-,8d6ed17da5f1087c825e7f8a4e834d0f
/Users/mac24/a/projects/fotos/keep/images/macbook2012/Pictures/Photos Library.photoslibrary/resources/proxies/derivatives/00/00/3f,UNADJUSTEDNONRAW_mini_3f.jpg,-,-,-,70062,-,-,360x203,-,-,5d0f7db726083cca192f2603432d6f66
/Users/mac24/a/projects/fotos/keep/images/macbook2012/Pictures/Photos Library.photoslibrary/resources/proxies/derivatives/00/00/3f,UNADJUSTEDNONRAW_thumb_3f.jpg,-,-,-,459565,-,-,1024x577,-,-,a264cabd987f358c0324414fd37552db
/Users/mac24/a/projects/fotos/keep/images/macbook2012/Pictures/Photos Library.photoslibrary/resources/proxies/derivatives/00/00/43,QpgAe4p2Q7mVk7g3Zuw9jQ_mini_43.jpg,-,-,-,62439,-,-,203x360,-,-,28f73e426f88f97d76d3b78b4fd2b746
/Users/mac24/a/projects/fotos/keep/images/macbook2012/Pictures/Photos Library.photoslibrary/resources/proxies/derivatives/00/00/43,QpgAe4p2Q7mVk7g3Zuw9jQ_thumb_43.jpg,-,-,-,402998,-,-,578x1024,-,-,e347992a709e19beea80338c4ba7db07
/Users/mac24/a/projects/fotos/keep/images/macbook2012/Pictures/Photos Library.photoslibrary/resources/proxies/derivatives/00/00/45,XoWOYMK1TNWPUViMqPcOzA_mini_45.jpg,-,-,-,71021,-,-,203x360,-,-,53c1f70b95184bb36ecc1bb2b985a4fb
/Users/mac24/a/projects/fotos/keep/images/macbook2012/Pictures/Photos Library.photoslibrary/resources/proxies/derivatives/00/00/45,XoWOYMK1TNWPUViMqPcOzA_thumb_45.jpg,-,-,-,485863,-,-,578x1024,-,-,aa18d77fdbee6a6238e049c3715ee071
/Users/mac24/a/projects/fotos/keep/images/macbook2012/Pictures/Photos Library.photoslibrary/resources/proxies/derivatives/00/00/47,FkT8ew2DRh2jL5YSM6A9qw_mini_47.jpg,-,-,-,62191,-,-,203x360,-,-,9d1bf6972380dd37335405aeddbbedc1
/Users/mac24/a/projects/fotos/keep/images/macbook2012/Pictures/Photos Library.photoslibrary/resources/proxies/derivatives/00/00/47,FkT8ew2DRh2jL5YSM6A9qw_thumb_47.jpg,-,-,-,398787,-,-,578x1024,-,-,8888f1318f456baeb72c7e590450fa31
/Users/mac24/a/projects/fotos/keep/images/macbook2012/Pictures/Photos Library.photoslibrary/resources/proxies/derivatives/00/00/51,%bo+qgkKQoCCjfhrLsn1+Q_largepv_51.jpg,-,-,-,3103920,-,-,2272x4032,-,-,98c863ce33de2a7385313a678afe2835
/Users/mac24/a/projects/fotos/keep/images/macbook2012/Pictures/Photos Library.photoslibrary/resources/proxies/derivatives/00/00/51,%bo+qgkKQoCCjfhrLsn1+Q_mini_51.jpg,-,-,-,75879,-,-,234x415,-,-,733bffa977e39433a3626c4c9cbae497
/Users/mac24/a/projects/fotos/keep/images/macbook2012/Pictures/Photos Library.photoslibrary/resources/proxies/derivatives/00/00/51,%bo+qgkKQoCCjfhrLsn1+Q_thumb_51.jpg,-,-,-,491230,-,-,665x1181,-,-,24073bfd1465d10599c61a642e15849e
/Users/mac24/a/projects/fotos/keep/images/macbook2012/Pictures/Photos Library.photoslibrary/resources/proxies/derivatives/00/00/53,UNADJUSTEDNONRAW_mini_53.jpg,-,-,-,42097,-,-,360x203,-,-,833986d6b8cd63d03316907ed905c28d
/Users/mac24/a/projects/fotos/keep/images/macbook2012/Pictures/Photos Library.photoslibrary/resources/proxies/derivatives/00/00/53,UNADJUSTEDNONRAW_thumb_53.jpg,-,-,-,236889,-,-,1024x577,-,-,5c230b6d0acc3e5d0e5e7c886f3c1116
/Users/mac24/a/projects/fotos/keep/images/macbook2012/Pictures/Photos Library.photoslibrary/resources/proxies/derivatives/00/00/59,UNADJUSTEDNONRAW_mini_59.jpg,-,-,-,60726,-,-,360x203,-,-,171864416921471d2d4dafc469cc9c48
/Users/mac24/a/projects/fotos/keep/images/macbook2012/Pictures/Photos Library.photoslibrary/resources/proxies/derivatives/00/00/59,UNADJUSTEDNONRAW_thumb_59.jpg,-,-,-,428307,-,-,1024x577,-,-,981f11a3709944cf6acf25b06e24994c
/Users/mac24/a/projects/fotos/keep/images/macbook2012/Pictures/Photos Library.photoslibrary/resources/proxies/derivatives/00/00/5f,UNADJUSTEDNONRAW_mini_5f.jpg,-,-,-,60977,-,-,360x203,-,-,85afc5b0632d7c42071709b4045e7ffa
/Users/mac24/a/projects/fotos/keep/images/macbook2012/Pictures/Photos Library.photoslibrary/resources/proxies/derivatives/00/00/5f,UNADJUSTEDNONRAW_thumb_5f.jpg,-,-,-,373281,-,-,1024x577,-,-,82b155a0c2f8c9d817536fec529787bd
/Users/mac24/a/projects/fotos/keep/images/macbook2012/Pictures/Photos Library.photoslibrary/resources/proxies/derivatives/00/00/63,UNADJUSTEDNONRAW_mini_63.jpg,-,-,-,64243,-,-,360x203,-,-,db5d10eb0688af2ce3866e2259f83d7e
/Users/mac24/a/projects/fotos/keep/images/macbook2012/Pictures/Photos Library.photoslibrary/resources/proxies/derivatives/00/00/63,UNADJUSTEDNONRAW_thumb_63.jpg,-,-,-,425429,-,-,1024x577,-,-,1677ffda71ad9ddc0d7192aff0edf4b1
/Users/mac24/a/projects/fotos/keep/images/macbook2012/Pictures/Photos Library.photoslibrary/resources/proxies/derivatives/00/00/67,NmJmSdRVR2SzcbCCDNxVAg_mini_67.jpg,-,-,-,55643,-,-,203x360,-,-,bd34c951873424fe60253d5e8e12a453
/Users/mac24/a/projects/fotos/keep/images/macbook2012/Pictures/Photos Library.photoslibrary/resources/proxies/derivatives/00/00/67,NmJmSdRVR2SzcbCCDNxVAg_thumb_67.jpg,-,-,-,348677,-,-,578x1024,-,-,8d25a934bd599347893dbf5f87af7f9f
/Users/mac24/a/projects/fotos/keep/images/macbook2012/Pictures/Photos Library.photoslibrary/resources/proxies/derivatives/00/00/69,UNADJUSTEDNONRAW_mini_69.jpg,-,-,-,58779,-,-,360x203,-,-,e7ed70f5ad1b83e0a3a0232db6e9f226
/Users/mac24/a/projects/fotos/keep/images/macbook2012/Pictures/Photos Library.photoslibrary/resources/proxies/derivatives/00/00/69,UNADJUSTEDNONRAW_thumb_69.jpg,-,-,-,344762,-,-,1024x577,-,-,cad925e77d1cf55e05e5cbc8e6b25e2a
/Users/mac24/a/projects/fotos/keep/images/macbook2012/Pictures/Photos Library.photoslibrary/resources/proxies/derivatives/00/00/6b,UNADJUSTEDNONRAW_mini_6b.jpg,-,-,-,61669,-,-,360x203,-,-,493a7bc433597c98037e89839387e604
/Users/mac24/a/projects/fotos/keep/images/macbook2012/Pictures/Photos Library.photoslibrary/resources/proxies/derivatives/00/00/6b,UNADJUSTEDNONRAW_thumb_6b.jpg,-,-,-,363026,-,-,1024x577,-,-,3c4212b640a4df345f42443329f60194
/Users/mac24/a/projects/fotos/keep/images/macbook2012/Pictures/Photos Library.photoslibrary/resources/proxies/derivatives/00/00/6f,UNADJUSTEDNONRAW_mini_6f.jpg,-,-,-,40799,-,-,360x203,-,-,d1474a8f43af8028d5d0b53fcee1a7a9
/Users/mac24/a/projects/fotos/keep/images/macbook2012/Pictures/Photos Library.photoslibrary/resources/proxies/derivatives/00/00/6f,UNADJUSTEDNONRAW_thumb_6f.jpg,-,-,-,197087,-,-,1024x577,-,-,ce7c09540e280d991147f8f49db8d596
/Users/mac24/a/projects/fotos/keep/images/macbook2012/Pictures/Photos Library.photoslibrary/resources/proxies/derivatives/00/00/71,UNADJUSTEDNONRAW_mini_71.jpg,-,-,-,61185,-,-,360x203,-,-,3a0d0c6ba5cbdfeb214588c0f141e107
/Users/mac24/a/projects/fotos/keep/images/macbook2012/Pictures/Photos Library.photoslibrary/resources/proxies/derivatives/00/00/71,UNADJUSTEDNONRAW_thumb_71.jpg,-,-,-,371169,-,-,1024x577,-,-,628b10d4f58c661de6a15b0d5b868f39
/Users/mac24/a/projects/fotos/keep/images/macbook2012/Pictures/Photos Library.photoslibrary/resources/proxies/derivatives/00/00/73,UNADJUSTEDNONRAW_mini_73.jpg,-,-,-,53437,-,-,360x203,-,-,c2b589cb10970aac2e30c713c183f0e6
/Users/mac24/a/projects/fotos/keep/images/macbook2012/Pictures/Photos Library.photoslibrary/resources/proxies/derivatives/00/00/73,UNADJUSTEDNONRAW_thumb_73.jpg,-,-,-,347898,-,-,1024x577,-,-,a8e074202f577a023bdfb2472d668ebe
/Users/mac24/a/projects/fotos/keep/images/macbook2012/Pictures/Photos Library.photoslibrary/resources/proxies/derivatives/00/00/75,UNADJUSTEDNONRAW_mini_75.jpg,-,-,-,45267,-,-,360x203,-,-,48bb15baf48ab9aae3c3a586b729c219
/Users/mac24/a/projects/fotos/keep/images/macbook2012/Pictures/Photos Library.photoslibrary/resources/proxies/derivatives/00/00/75,UNADJUSTEDNONRAW_thumb_75.jpg,-,-,-,329208,-,-,1024x577,-,-,055e05806aa7c389901c57f8a73506de
/Users/mac24/a/projects/fotos/keep/images/macbook2012/Pictures/Photos Library.photoslibrary/resources/proxies/derivatives/00/00/77,dlSEfkbiSr+I5uK9mcmNuw_mini_77.jpg,-,-,-,56198,-,-,203x360,-,-,5a8ca6bd0779fa6012c5bd0a9c061edd
/Users/mac24/a/projects/fotos/keep/images/macbook2012/Pictures/Photos Library.photoslibrary/resources/proxies/derivatives/00/00/77,dlSEfkbiSr+I5uK9mcmNuw_thumb_77.jpg,-,-,-,328573,-,-,578x1024,-,-,23353d74c15e4419b1137f448bc00f8e
/Users/mac24/a/projects/fotos/keep/images/macbook2012/Pictures/Photos Library.photoslibrary/resources/proxies/derivatives/00/00/79,UNADJUSTEDNONRAW_mini_79.jpg,-,-,-,57585,-,-,360x203,-,-,240aff5818540a8c8825de41f860fe4e
/Users/mac24/a/projects/fotos/keep/images/macbook2012/Pictures/Photos Library.photoslibrary/resources/proxies/derivatives/00/00/79,UNADJUSTEDNONRAW_thumb_79.jpg,-,-,-,321502,-,-,1024x577,-,-,65590da0f00dc8a12660088bbf4316b9
/Users/mac24/a/projects/fotos/keep/images/macbook2012/Pictures/Photos Library.photoslibrary/resources/proxies/derivatives/00/00/7b,UNADJUSTEDNONRAW_mini_7b.jpg,-,-,-,47869,-,-,360x203,-,-,151550edf0230da2afe03987cf778bd2
/Users/mac24/a/projects/fotos/keep/images/macbook2012/Pictures/Photos Library.photoslibrary/resources/proxies/derivatives/00/00/7b,UNADJUSTEDNONRAW_thumb_7b.jpg,-,-,-,329431,-,-,1024x577,-,-,7dd00c7591260989be8e3193cc1a7300
/Users/mac24/a/projects/fotos/keep/images/macbook2012/Pictures/Photos Library.photoslibrary/resources/proxies/derivatives/00/00/7d,UNADJUSTEDNONRAW_mini_7d.jpg,-,-,-,45778,-,-,360x203,-,-,fd8631381446dcbab623c3b015be170a
/Users/mac24/a/projects/fotos/keep/images/macbook2012/Pictures/Photos Library.photoslibrary/resources/proxies/derivatives/00/00/7d,UNADJUSTEDNONRAW_thumb_7d.jpg,-,-,-,293909,-,-,1024x577,-,-,4a3e36ef27b561a1cf772ab23d6125b7
/Users/mac24/a/projects/fotos/keep/images/macbook2012/Pictures/Photos Library.photoslibrary/resources/proxies/derivatives/00/00/7f,UNADJUSTEDNONRAW_mini_7f.jpg,-,-,-,47715,-,-,360x203,-,-,24a324eefce93426c3df910ed4828a43
/Users/mac24/a/projects/fotos/keep/images/macbook2012/Pictures/Photos Library.photoslibrary/resources/proxies/derivatives/00/00/7f,UNADJUSTEDNONRAW_thumb_7f.jpg,-,-,-,293137,-,-,1024x577,-,-,c1cd96aa4de3570fe4198d4a7ec49613
/Users/mac24/a/projects/fotos/keep/images/macbook2012/Pictures/Photos Library.photoslibrary/resources/proxies/derivatives/00/00/81,UNADJUSTEDNONRAW_mini_81.jpg,-,-,-,46899,-,-,360x203,-,-,d1520983e5b5425d626c551faf01e16b
/Users/mac24/a/projects/fotos/keep/images/macbook2012/Pictures/Photos Library.photoslibrary/resources/proxies/derivatives/00/00/81,UNADJUSTEDNONRAW_thumb_81.jpg,-,-,-,278408,-,-,1024x577,-,-,9bb196f3d6498a461e526187d91af8ee
/Users/mac24/a/projects/fotos/keep/images/macbook2012/Pictures/Photos Library.photoslibrary/resources/proxies/derivatives/00/00/83,UNADJUSTEDNONRAW_mini_83.jpg,-,-,-,40671,-,-,360x203,-,-,bdb6233caf7bdc300e504ae28b4d92f5
/Users/mac24/a/projects/fotos/keep/images/macbook2012/Pictures/Photos Library.photoslibrary/resources/proxies/derivatives/00/00/83,UNADJUSTEDNONRAW_thumb_83.jpg,-,-,-,272581,-,-,1024x577,-,-,981303af4af1caffe766ba3a04e0f223
/Users/mac24/a/projects/fotos/keep/images/macbook2012/Pictures/Photos Library.photoslibrary/resources/proxies/derivatives/00/00/85,UNADJUSTEDNONRAW_mini_85.jpg,-,-,-,50247,-,-,360x203,-,-,fa5144207e32269593a29c0a85e405d1
/Users/mac24/a/projects/fotos/keep/images/macbook2012/Pictures/Photos Library.photoslibrary/resources/proxies/derivatives/00/00/85,UNADJUSTEDNONRAW_thumb_85.jpg,-,-,-,330015,-,-,1024x577,-,-,45ed8c359c8c67a0d56190b75603f8ed
/Users/mac24/a/projects/fotos/keep/images/macbook2012/Pictures/Photos Library.photoslibrary/resources/proxies/derivatives/00/00/87,UNADJUSTEDNONRAW_mini_87.jpg,-,-,-,48467,-,-,360x203,-,-,936fed1acd73216877d8c0b956f1dbbd
/Users/mac24/a/projects/fotos/keep/images/macbook2012/Pictures/Photos Library.photoslibrary/resources/proxies/derivatives/00/00/87,UNADJUSTEDNONRAW_thumb_87.jpg,-,-,-,237944,-,-,1024x577,-,-,c7d6e7dde301198a8b1f7dec77cbd73a
/Users/mac24/a/projects/fotos/keep/images/macbook2012/Pictures/Photos Library.photoslibrary/resources/proxies/derivatives/00/00/89,UNADJUSTEDNONRAW_mini_89.jpg,-,-,-,49353,-,-,360x203,-,-,b3a5765900395072483e08f1312a1541
/Users/mac24/a/projects/fotos/keep/images/macbook2012/Pictures/Photos Library.photoslibrary/resources/proxies/derivatives/00/00/89,UNADJUSTEDNONRAW_thumb_89.jpg,-,-,-,269036,-,-,1024x577,-,-,273516ff5d05732f61e6a45766181245
/Users/mac24/a/projects/fotos/keep/images/macbook2012/Pictures/Photos Library.photoslibrary/resources/proxies/derivatives/00/00/8b,UNADJUSTEDNONRAW_mini_8b.jpg,-,-,-,49164,-,-,360x203,-,-,41b909dcc6c1e2ce59058f22f9f6b956
/Users/mac24/a/projects/fotos/keep/images/macbook2012/Pictures/Photos Library.photoslibrary/resources/proxies/derivatives/00/00/8b,UNADJUSTEDNONRAW_thumb_8b.jpg,-,-,-,315442,-,-,1024x577,-,-,c357ceacc830339dfbf2230d531258ce
/Users/mac24/a/projects/fotos/keep/images/macbook2012/Pictures/Photos Library.photoslibrary/resources/proxies/derivatives/00/00/8d,UNADJUSTEDNONRAW_mini_8d.jpg,-,-,-,62605,-,-,360x203,-,-,026f0f6bad5332d8b44b38bde57d4161
/Users/mac24/a/projects/fotos/keep/images/macbook2012/Pictures/Photos Library.photoslibrary/resources/proxies/derivatives/00/00/8d,UNADJUSTEDNONRAW_thumb_8d.jpg,-,-,-,379127,-,-,1024x577,-,-,de424ae284317ee631a7db60202cd0f7
/Users/mac24/a/projects/fotos/keep/images/macbook2012/Pictures/Photos Library.photoslibrary/resources/proxies/derivatives/00/00/8f,UNADJUSTEDNONRAW_mini_8f.jpg,-,-,-,46959,-,-,360x203,-,-,ca1b52982d161dacac9b3458d5ea177c
/Users/mac24/a/projects/fotos/keep/images/macbook2012/Pictures/Photos Library.photoslibrary/resources/proxies/derivatives/00/00/8f,UNADJUSTEDNONRAW_thumb_8f.jpg,-,-,-,231166,-,-,1024x577,-,-,a4c3287405ddf6c382b890369a23ff13
/Users/mac24/a/projects/fotos/keep/images/macbook2012/Pictures/Photos Library.photoslibrary/resources/proxies/derivatives/00/00/91,UNADJUSTEDNONRAW_mini_91.jpg,-,-,-,46083,-,-,360x203,-,-,53044bf52aa49038fef9d229af8b7dba
/Users/mac24/a/projects/fotos/keep/images/macbook2012/Pictures/Photos Library.photoslibrary/resources/proxies/derivatives/00/00/91,UNADJUSTEDNONRAW_thumb_91.jpg,-,-,-,236377,-,-,1024x577,-,-,abfc4b59ebbe9581d8c1b505eab4af4a
/Users/mac24/a/projects/fotos/keep/images/macbook2012/Pictures/Photos Library.photoslibrary/resources/proxies/derivatives/00/00/93,IvnxHPBjQTO1ZOitewwp6w_mini_93.jpg,-,-,-,55197,-,-,203x360,-,-,f49d18a3ce8f2df31c50ab97c6e81448
/Users/mac24/a/projects/fotos/keep/images/macbook2012/Pictures/Photos Library.photoslibrary/resources/proxies/derivatives/00/00/93,IvnxHPBjQTO1ZOitewwp6w_thumb_93.jpg,-,-,-,318318,-,-,578x1024,-,-,27318c07999839b575d0c867e68fda65
/Users/mac24/a/projects/fotos/keep/images/macbook2012/Pictures/Photos Library.photoslibrary/resources/proxies/derivatives/00/00/95,UNADJUSTEDNONRAW_mini_95.jpg,-,-,-,47328,-,-,360x203,-,-,6150b7527d7ce6d67c88c5048c0b43da
/Users/mac24/a/projects/fotos/keep/images/macbook2012/Pictures/Photos Library.photoslibrary/resources/proxies/derivatives/00/00/95,UNADJUSTEDNONRAW_thumb_95.jpg,-,-,-,238761,-,-,1024x577,-,-,f330488b169d0e02fff18cb847a9dab6
/Users/mac24/a/projects/fotos/keep/images/macbook2012/Pictures/Photos Library.photoslibrary/resources/proxies/derivatives/00/00/97,UNADJUSTEDNONRAW_mini_97.jpg,-,-,-,48614,-,-,360x203,-,-,cb73118b96451f5f333ebde954c6e47a
/Users/mac24/a/projects/fotos/keep/images/macbook2012/Pictures/Photos Library.photoslibrary/resources/proxies/derivatives/00/00/97,UNADJUSTEDNONRAW_thumb_97.jpg,-,-,-,309237,-,-,1024x577,-,-,b10ac81604bf23d5d912740758fd483e
/Users/mac24/a/projects/fotos/keep/images/macbook2012/Pictures/Photos Library.photoslibrary/resources/proxies/derivatives/00/00/99,UNADJUSTEDNONRAW_mini_99.jpg,-,-,-,55138,-,-,360x203,-,-,369a07481c4fcb82793c0730786990e5
/Users/mac24/a/projects/fotos/keep/images/macbook2012/Pictures/Photos Library.photoslibrary/resources/proxies/derivatives/00/00/99,UNADJUSTEDNONRAW_thumb_99.jpg,-,-,-,365922,-,-,1024x577,-,-,a4e3f3ea8d777bb7656a02b3519f0b5d
/Users/mac24/a/projects/fotos/keep/images/macbook2012/Pictures/Photos Library.photoslibrary/resources/proxies/derivatives/00/00/9b,UNADJUSTEDNONRAW_mini_9b.jpg,-,-,-,71530,-,-,360x203,-,-,7c1299c4b6349fb652b5491bb8043b70
/Users/mac24/a/projects/fotos/keep/images/macbook2012/Pictures/Photos Library.photoslibrary/resources/proxies/derivatives/00/00/9b,UNADJUSTEDNONRAW_thumb_9b.jpg,-,-,-,482477,-,-,1024x577,-,-,5a65e70a7f1bef26744f2a6f0f2b2331
/Users/mac24/a/projects/fotos/keep/images/macbook2012/Pictures/Photos Library.photoslibrary/resources/proxies/derivatives/00/00/9f,UNADJUSTEDNONRAW_mini_9f.jpg,-,-,-,50836,-,-,360x203,-,-,546ddb05f18dfaf2c1562962520c15a0
/Users/mac24/a/projects/fotos/keep/images/macbook2012/Pictures/Photos Library.photoslibrary/resources/proxies/derivatives/00/00/9f,UNADJUSTEDNONRAW_thumb_9f.jpg,-,-,-,219641,-,-,1024x577,-,-,1cb40c7798672167118424744204ca2d
/Users/mac24/a/projects/fotos/keep/images/macbook2012/Pictures/Photos Library.photoslibrary/resources/proxies/derivatives/00/00/a3,MmZcL5k+RHGdHGNd5sx9AQ_mini_a3.jpg,-,-,-,59303,-,-,203x360,-,-,4c11f5c96bc83d91b2fb7de45ea55a2e
/Users/mac24/a/projects/fotos/keep/images/macbook2012/Pictures/Photos Library.photoslibrary/resources/proxies/derivatives/00/00/a3,MmZcL5k+RHGdHGNd5sx9AQ_thumb_a3.jpg,-,-,-,387303,-,-,578x1024,-,-,4d0c44596bbf7335253da1c5aa5acf65
/Users/mac24/a/projects/fotos/keep/images/macbook2012/Pictures/Photos Library.photoslibrary/resources/proxies/derivatives/00/00/a7,UNADJUSTEDNONRAW_mini_a7.jpg,-,-,-,51374,-,-,360x203,-,-,880cfffa4532be3cc3a245e990d261b6
/Users/mac24/a/projects/fotos/keep/images/macbook2012/Pictures/Photos Library.photoslibrary/resources/proxies/derivatives/00/00/a7,UNADJUSTEDNONRAW_thumb_a7.jpg,-,-,-,242904,-,-,1024x577,-,-,d08705011d499e1301c9baff687b3436
/Users/mac24/a/projects/fotos/keep/images/macbook2012/Pictures/Photos Library.photoslibrary/resources/proxies/derivatives/00/00/a9,OxXxmRUqTuKUbG+txmjW0w_mini_a9.jpg,-,-,-,60610,-,-,203x360,-,-,4ecbf7728174ada75eaaeb4a3d6b56d9
/Users/mac24/a/projects/fotos/keep/images/macbook2012/Pictures/Photos Library.photoslibrary/resources/proxies/derivatives/00/00/a9,OxXxmRUqTuKUbG+txmjW0w_thumb_a9.jpg,-,-,-,390967,-,-,578x1024,-,-,88f20aa6f05a23c679591ddb24ea02b6
/Users/mac24/a/projects/fotos/keep/images/macbook2012/Pictures/Photos Library.photoslibrary/resources/proxies/derivatives/00/00/ab,s7EXVXUSRDumDNW7JNTUKw_mini_ab.jpg,-,-,-,59871,-,-,203x360,-,-,02b924825dda4f4a12556a4af23dd9d0
/Users/mac24/a/projects/fotos/keep/images/macbook2012/Pictures/Photos Library.photoslibrary/resources/proxies/derivatives/00/00/ab,s7EXVXUSRDumDNW7JNTUKw_thumb_ab.jpg,-,-,-,378829,-,-,578x1024,-,-,a7fe92e4f2632351ba35dd745fc6f917
/Users/mac24/a/projects/fotos/keep/images/macbook2012/Pictures/Photos Library.photoslibrary/resources/proxies/derivatives/00/00/ad,g5TL6NpSRX21cOl2e9wCLg_mini_ad.jpg,-,-,-,69783,-,-,234x415,-,-,4e8df38c09294abe2d4d56bebb003c9e
/Users/mac24/a/projects/fotos/keep/images/macbook2012/Pictures/Photos Library.photoslibrary/resources/proxies/derivatives/00/00/ad,g5TL6NpSRX21cOl2e9wCLg_thumb_ad.jpg,-,-,-,410877,-,-,665x1181,-,-,bbfceee3854273faf34b10d86bca46c9
/Users/mac24/a/projects/fotos/keep/images/macbook2012/Pictures/Photos Library.photoslibrary/resources/proxies/derivatives/00/00/af,UNADJUSTEDNONRAW_mini_af.jpg,-,-,-,55329,-,-,360x203,-,-,c01d64be878473a5c82f49167b6d0e06
/Users/mac24/a/projects/fotos/keep/images/macbook2012/Pictures/Photos Library.photoslibrary/resources/proxies/derivatives/00/00/af,UNADJUSTEDNONRAW_thumb_af.jpg,-,-,-,334788,-,-,1024x577,-,-,6bfa164a51d25d3b7a3a8ec245c86061
/Users/mac24/a/projects/fotos/keep/images/macbook2012/Pictures/Photos Library.photoslibrary/resources/proxies/derivatives/00/00/b3,%T+6njiJTz20yvTZnC3D8g_mini_b3.jpg,-,-,-,42491,-,-,203x360,-,-,6b05860de300c0c950099e4b1f3818c0
/Users/mac24/a/projects/fotos/keep/images/macbook2012/Pictures/Photos Library.photoslibrary/resources/proxies/derivatives/00/00/b3,%T+6njiJTz20yvTZnC3D8g_thumb_b3.jpg,-,-,-,286098,-,-,578x1024,-,-,42e334a5e51476b85f9dfe68e74977f7
/Users/mac24/a/projects/fotos/keep/images/macbook2012/Pictures/Photos Library.photoslibrary/resources/proxies/derivatives/00/00/b9,GoifmLdqR0OjAjAmGEbIwA_mini_b9.jpg,-,-,-,56210,-,-,203x360,-,-,5bfa94dea3e4825da8549a6e75ca63e0
/Users/mac24/a/projects/fotos/keep/images/macbook2012/Pictures/Photos Library.photoslibrary/resources/proxies/derivatives/00/00/b9,GoifmLdqR0OjAjAmGEbIwA_thumb_b9.jpg,-,-,-,345145,-,-,578x1024,-,-,84264ae18d0e034a889de4e3a380f985
/Users/mac24/a/projects/fotos/keep/images/macbook2012/Pictures/Photos Library.photoslibrary/resources/proxies/derivatives/00/00/bb,UNADJUSTEDNONRAW_mini_bb.jpg,-,-,-,64423,-,-,360x203,-,-,930db5453c77776377084e1113ae45ff
/Users/mac24/a/projects/fotos/keep/images/macbook2012/Pictures/Photos Library.photoslibrary/resources/proxies/derivatives/00/00/bb,UNADJUSTEDNONRAW_thumb_bb.jpg,-,-,-,398950,-,-,1024x577,-,-,df817818fd360644ebdebe55cef8dbe0
/Users/mac24/a/projects/fotos/keep/images/macbook2012/Pictures/Photos Library.photoslibrary/resources/proxies/derivatives/00/00/c1,UNADJUSTEDNONRAW_mini_c1.jpg,-,-,-,24043,-,-,360x203,-,-,a3bb85f618c44c2b09e86cfbce1a252a
/Users/mac24/a/projects/fotos/keep/images/macbook2012/Pictures/Photos Library.photoslibrary/resources/proxies/derivatives/00/00/c1,UNADJUSTEDNONRAW_thumb_c1.jpg,-,-,-,111149,-,-,1024x577,-,-,44e4eaa1c29cee1110255f0878887b9b
/Users/mac24/a/projects/fotos/keep/images/macbook2012/Pictures/Photos Library.photoslibrary/resources/proxies/derivatives/00/00/c3,UNADJUSTEDNONRAW_mini_c3.jpg,-,-,-,60179,-,-,360x203,-,-,77d8009d0b48c2ec3da15464a69eab24
/Users/mac24/a/projects/fotos/keep/images/macbook2012/Pictures/Photos Library.photoslibrary/resources/proxies/derivatives/00/00/c3,UNADJUSTEDNONRAW_thumb_c3.jpg,-,-,-,411764,-,-,1024x577,-,-,aa8749f4c68fb0da14fa8fa6f5777831
/Users/mac24/a/projects/fotos/keep/images/macbook2012/Pictures/Photos Library.photoslibrary/resources/proxies/derivatives/00/00/c5,UNADJUSTEDNONRAW_mini_c5.jpg,-,-,-,65015,-,-,360x203,-,-,6901d808ba9538002470a101a80b0c12
/Users/mac24/a/projects/fotos/keep/images/macbook2012/Pictures/Photos Library.photoslibrary/resources/proxies/derivatives/00/00/c5,UNADJUSTEDNONRAW_thumb_c5.jpg,-,-,-,458797,-,-,1024x577,-,-,bb44b92e7c011669e74a57bdb04a55cd
/Users/mac24/a/projects/fotos/keep/images/macbook2012/Pictures/Photos Library.photoslibrary/resources/proxies/derivatives/00/00/c7,UNADJUSTEDNONRAW_mini_c7.jpg,-,-,-,56489,-,-,360x203,-,-,41b1b411ab41175e3f99a6bbcb132475
/Users/mac24/a/projects/fotos/keep/images/macbook2012/Pictures/Photos Library.photoslibrary/resources/proxies/derivatives/00/00/c7,UNADJUSTEDNONRAW_thumb_c7.jpg,-,-,-,425455,-,-,1024x577,-,-,5a952cdec70ebb69150d5399dc3bb5ea
/Users/mac24/a/projects/fotos/keep/images/macbook2012/Pictures/Photos Library.photoslibrary/resources/proxies/derivatives/00/00/c9,HIcPVuFbRTGzZ3fIauEtyw_mini_c9.jpg,-,-,-,36677,-,-,234x415,-,-,77fd0683dad4287abde3c23373d66d9b
/Users/mac24/a/projects/fotos/keep/images/macbook2012/Pictures/Photos Library.photoslibrary/resources/proxies/derivatives/00/00/c9,HIcPVuFbRTGzZ3fIauEtyw_thumb_c9.jpg,-,-,-,195768,-,-,665x1181,-,-,870593b7207956dc7ccfa3f806139f92
/Users/mac24/a/projects/fotos/keep/images/macbook2012/Pictures/Photos Library.photoslibrary/resources/proxies/derivatives/00/00/cd,7LChbyq7Ssurr0iyrslkbQ_mini_cd.jpg,-,-,-,30743,-,-,234x415,-,-,7e72e19544ec8852bc32f221f069237f
/Users/mac24/a/projects/fotos/keep/images/macbook2012/Pictures/Photos Library.photoslibrary/resources/proxies/derivatives/00/00/cd,7LChbyq7Ssurr0iyrslkbQ_thumb_cd.jpg,-,-,-,158256,-,-,665x1181,-,-,7da8750fc2a089d125b3256444285075
/Users/mac24/a/projects/fotos/keep/images/macbook2012/Pictures/Photos Library.photoslibrary/resources/proxies/derivatives/00/00/cf,hciMWX%hSzGRdyDhWQTDwQ_mini_cf.jpg,-,-,-,32163,-,-,234x415,-,-,19222cb4c4f2f6fdfd02e9eaaefad72c
/Users/mac24/a/projects/fotos/keep/images/macbook2012/Pictures/Photos Library.photoslibrary/resources/proxies/derivatives/00/00/cf,hciMWX%hSzGRdyDhWQTDwQ_thumb_cf.jpg,-,-,-,162943,-,-,665x1181,-,-,0b556d532f0b83739e9d0ec5c633c6fe
/Users/mac24/a/projects/fotos/keep/images/macbook2012/Pictures/Photos Library.photoslibrary/resources/proxies/derivatives/00/00/d1,3GgOhVkUTPWpeeUqvAZiNQ_mini_d1.jpg,-,-,-,20659,-,-,234x415,-,-,06f863dd8c42d551990fef4eedb53276
/Users/mac24/a/projects/fotos/keep/images/macbook2012/Pictures/Photos Library.photoslibrary/resources/proxies/derivatives/00/00/d1,3GgOhVkUTPWpeeUqvAZiNQ_thumb_d1.jpg,-,-,-,101324,-,-,665x1181,-,-,7fcaa48c0f3d77205267f9c3f1a66fe5
/Users/mac24/a/projects/fotos/keep/images/macbook2012/Pictures/Photos Library.photoslibrary/resources/proxies/derivatives/00/00/d3,VNDQeR7mTj+jazfkQSF0jw_mini_d3.jpg,-,-,-,34488,-,-,234x415,-,-,ab752bfbc47764511522d13ebb0db596
/Users/mac24/a/projects/fotos/keep/images/macbook2012/Pictures/Photos Library.photoslibrary/resources/proxies/derivatives/00/00/d3,VNDQeR7mTj+jazfkQSF0jw_thumb_d3.jpg,-,-,-,173939,-,-,665x1181,-,-,06543b9a27b94f1e59ab92fef8380e10
/Users/mac24/a/projects/fotos/keep/images/macbook2012/Pictures/Photos Library.photoslibrary/resources/proxies/derivatives/00/00/d5,UNADJUSTEDNONRAW_mini_d5.jpg,-,-,-,36780,-,-,360x203,-,-,e0edb413b663e2a83969e28eeb768c33
/Users/mac24/a/projects/fotos/keep/images/macbook2012/Pictures/Photos Library.photoslibrary/resources/proxies/derivatives/00/00/d5,UNADJUSTEDNONRAW_thumb_d5.jpg,-,-,-,191854,-,-,1024x577,-,-,d6bd31292df69640f8ffe7afe45b8d70
/Users/mac24/a/projects/fotos/keep/images/macbook2012/Pictures/Photos Library.photoslibrary/resources/proxies/derivatives/00/00/d7,vHmGtjw7Qx2lWsSg1veswA_mini_d7.jpg,-,-,-,32563,-,-,234x415,-,-,6a5e0bbc53dc24f5911fdaa8d0adbe07
/Users/mac24/a/projects/fotos/keep/images/macbook2012/Pictures/Photos Library.photoslibrary/resources/proxies/derivatives/00/00/d7,vHmGtjw7Qx2lWsSg1veswA_thumb_d7.jpg,-,-,-,158942,-,-,665x1181,-,-,ad5e5956a5ad2ae246abe3ec24b30422
/Users/mac24/a/projects/fotos/keep/images/macbook2012/Pictures/Photos Library.photoslibrary/resources/proxies/derivatives/00/00/d9,HjonuSAtTnyfwVANQraCjw_mini_d9.jpg,-,-,-,32006,-,-,234x415,-,-,effdb77c1058b54c6f394a8e0a6dcd6e
/Users/mac24/a/projects/fotos/keep/images/macbook2012/Pictures/Photos Library.photoslibrary/resources/proxies/derivatives/00/00/d9,HjonuSAtTnyfwVANQraCjw_thumb_d9.jpg,-,-,-,146047,-,-,665x1181,-,-,c71705c28a1fd715ca61ca95b90c9603
/Users/mac24/a/projects/fotos/keep/images/macbook2012/Pictures/Photos Library.photoslibrary/resources/proxies/derivatives/00/00/db,vC2UtKa8Rnab+58zT3dG7Q_mini_db.jpg,-,-,-,22458,-,-,234x415,-,-,aed0a55df8cf5b2225d557d1ee65e9c8
/Users/mac24/a/projects/fotos/keep/images/macbook2012/Pictures/Photos Library.photoslibrary/resources/proxies/derivatives/00/00/db,vC2UtKa8Rnab+58zT3dG7Q_thumb_db.jpg,-,-,-,100676,-,-,665x1181,-,-,beb91129bf49575207e807aa6cc859dc
/Users/mac24/a/projects/fotos/keep/images/macbook2012/Pictures/Photos Library.photoslibrary/resources/proxies/derivatives/00/00/dd,UNADJUSTEDNONRAW_mini_dd.jpg,-,-,-,65482,-,-,360x203,-,-,92aa51c3aea38997a31497b82dd2d205
/Users/mac24/a/projects/fotos/keep/images/macbook2012/Pictures/Photos Library.photoslibrary/resources/proxies/derivatives/00/00/dd,UNADJUSTEDNONRAW_thumb_dd.jpg,-,-,-,455017,-,-,1024x577,-,-,02b7f571a691be313d551c074fc73e4b
/Users/mac24/a/projects/fotos/keep/images/macbook2012/Pictures/Photos Library.photoslibrary/resources/proxies/derivatives/00/00/e1,UNADJUSTEDNONRAW_mini_e1.jpg,-,-,-,60502,-,-,360x203,-,-,516d08bb32e58e16c3300814e2e5b2ca
/Users/mac24/a/projects/fotos/keep/images/macbook2012/Pictures/Photos Library.photoslibrary/resources/proxies/derivatives/00/00/e1,UNADJUSTEDNONRAW_thumb_e1.jpg,-,-,-,427849,-,-,1024x577,-,-,7b4280dc883c080ff9d1b847bca1dfbf
/Users/mac24/a/projects/fotos/keep/images/macbook2012/Pictures/Photos Library.photoslibrary/resources/proxies/derivatives/00/00/e7,UNADJUSTEDNONRAW_mini_e7.jpg,-,-,-,63036,-,-,360x203,-,-,5e61d9df1db8b1c2094c84fefbcb3513
/Users/mac24/a/projects/fotos/keep/images/macbook2012/Pictures/Photos Library.photoslibrary/resources/proxies/derivatives/00/00/e7,UNADJUSTEDNONRAW_thumb_e7.jpg,-,-,-,403948,-,-,1024x577,-,-,0c3673eb7eea53490e9269bc6d563fcb
/Users/mac24/a/projects/fotos/keep/images/macbook2012/Pictures/Photos Library.photoslibrary/resources/proxies/derivatives/00/00/e9,UNADJUSTEDNONRAW_mini_e9.jpg,-,-,-,33878,-,-,360x203,-,-,301714c66fabf822f7cacdcb94fd8451
/Users/mac24/a/projects/fotos/keep/images/macbook2012/Pictures/Photos Library.photoslibrary/resources/proxies/derivatives/00/00/e9,UNADJUSTEDNONRAW_thumb_e9.jpg,-,-,-,153266,-,-,1024x577,-,-,52d46e9e795891b7a455494fba2af2da
/Users/mac24/a/projects/fotos/keep/images/macbook2012/Pictures/Photos Library.photoslibrary/resources/proxies/derivatives/00/00/eb,UNADJUSTEDNONRAW_mini_eb.jpg,-,-,-,49321,-,-,360x203,-,-,fe4bcd1db31b30320bedf0c4e74ceee7
/Users/mac24/a/projects/fotos/keep/images/macbook2012/Pictures/Photos Library.photoslibrary/resources/proxies/derivatives/00/00/eb,UNADJUSTEDNONRAW_thumb_eb.jpg,-,-,-,236833,-,-,1024x577,-,-,56107453085397005878fea740ab93b6
/Users/mac24/a/projects/fotos/keep/images/macbook2012/Pictures/Photos Library.photoslibrary/resources/proxies/derivatives/00/00/ed,UNADJUSTEDNONRAW_mini_ed.jpg,-,-,-,49553,-,-,360x203,-,-,b7e1b414a5b3f2c7cb994f91661b6352
/Users/mac24/a/projects/fotos/keep/images/macbook2012/Pictures/Photos Library.photoslibrary/resources/proxies/derivatives/00/00/ed,UNADJUSTEDNONRAW_thumb_ed.jpg,-,-,-,234761,-,-,1024x577,-,-,1642bb812816ac9af47d8fd719770508
/Users/mac24/a/projects/fotos/keep/images/macbook2012/Pictures/Photos Library.photoslibrary/resources/proxies/derivatives/00/00/f,UNADJUSTEDNONRAW_mini_f.jpg,-,-,-,69772,-,-,360x203,-,-,50986479b0e59fb12df32dadf3c34a98
/Users/mac24/a/projects/fotos/keep/images/macbook2012/Pictures/Photos Library.photoslibrary/resources/proxies/derivatives/00/00/f,UNADJUSTEDNONRAW_thumb_f.jpg,-,-,-,456732,-,-,1024x576,-,-,3913eb866b1bdb3d78e7d2889237121f
/Users/mac24/a/projects/fotos/keep/images/macbook2012/Pictures/Photos Library.photoslibrary/resources/proxies/derivatives/00/00/f1,UNADJUSTEDNONRAW_mini_f1.jpg,-,-,-,56176,-,-,360x203,-,-,fec55f8ebf337ab32673529f0e180f76
/Users/mac24/a/projects/fotos/keep/images/macbook2012/Pictures/Photos Library.photoslibrary/resources/proxies/derivatives/00/00/f1,UNADJUSTEDNONRAW_thumb_f1.jpg,-,-,-,258663,-,-,1024x577,-,-,b168f01947973c55884046f9dbefcaf2
/Users/mac24/a/projects/fotos/keep/images/macbook2012/Pictures/Photos Library.photoslibrary/resources/proxies/derivatives/00/00/f3,UNADJUSTEDNONRAW_mini_f3.jpg,-,-,-,54417,-,-,360x203,-,-,4cff83d810c2beced4b2b05c34d6eb53
/Users/mac24/a/projects/fotos/keep/images/macbook2012/Pictures/Photos Library.photoslibrary/resources/proxies/derivatives/00/00/f3,UNADJUSTEDNONRAW_thumb_f3.jpg,-,-,-,310596,-,-,1024x577,-,-,802d86eba3873f4f96ffb9ab5347825c
/Users/mac24/a/projects/fotos/keep/images/macbook2012/Pictures/Photos Library.photoslibrary/resources/proxies/derivatives/00/00/f7,UNADJUSTEDNONRAW_mini_f7.jpg,-,-,-,52328,-,-,360x203,-,-,9321422cf051762fefd3b56432b71ecc
/Users/mac24/a/projects/fotos/keep/images/macbook2012/Pictures/Photos Library.photoslibrary/resources/proxies/derivatives/00/00/f7,UNADJUSTEDNONRAW_thumb_f7.jpg,-,-,-,245084,-,-,1024x577,-,-,afcd841ba9e37a5aea56fb748f658782
/Users/mac24/a/projects/fotos/keep/images/macbook2012/Pictures/Photos Library.photoslibrary/resources/proxies/derivatives/00/00/f9,UNADJUSTEDNONRAW_mini_f9.jpg,-,-,-,55264,-,-,360x203,-,-,8fd3597f2c1d0ebbc8a934d23513d165
/Users/mac24/a/projects/fotos/keep/images/macbook2012/Pictures/Photos Library.photoslibrary/resources/proxies/derivatives/00/00/f9,UNADJUSTEDNONRAW_thumb_f9.jpg,-,-,-,257496,-,-,1024x577,-,-,ccbf3b4adb51a5dbb487693ee1fee678
/Users/mac24/a/projects/fotos/keep/images/macbook2012/Pictures/Photos Library.photoslibrary/resources/proxies/derivatives/00/00/fb,UNADJUSTEDNONRAW_mini_fb.jpg,-,-,-,53237,-,-,360x203,-,-,fb855c4fb8fe26f03838cf490e2372d1
/Users/mac24/a/projects/fotos/keep/images/macbook2012/Pictures/Photos Library.photoslibrary/resources/proxies/derivatives/00/00/fb,UNADJUSTEDNONRAW_thumb_fb.jpg,-,-,-,246137,-,-,1024x577,-,-,04a41643632bd33514bc1cb9d309f724
/Users/mac24/a/projects/fotos/keep/images/macbook2012/Pictures/Photos Library.photoslibrary/resources/proxies/derivatives/00/00/fd,UNADJUSTEDNONRAW_mini_fd.jpg,-,-,-,53911,-,-,360x203,-,-,2845cbe62208abc8fc862f05e482626e
/Users/mac24/a/projects/fotos/keep/images/macbook2012/Pictures/Photos Library.photoslibrary/resources/proxies/derivatives/00/00/fd,UNADJUSTEDNONRAW_thumb_fd.jpg,-,-,-,253960,-,-,1024x577,-,-,4af7f2340d1b8d04ae76758aaa869d0f
/Users/mac24/a/projects/fotos/keep/images/macbook2012/Pictures/Photos Library.photoslibrary/resources/proxies/derivatives/00/00/ff,UNADJUSTEDNONRAW_mini_ff.jpg,-,-,-,53541,-,-,360x203,-,-,7c194809cc15c703447a355a4215cbe2
/Users/mac24/a/projects/fotos/keep/images/macbook2012/Pictures/Photos Library.photoslibrary/resources/proxies/derivatives/00/00/ff,UNADJUSTEDNONRAW_thumb_ff.jpg,-,-,-,253058,-,-,1024x577,-,-,94f46feb46f884080753673006158f6f
/Users/mac24/a/projects/fotos/keep/images/macbook2012/Pictures/Photos Library.photoslibrary/resources/proxies/derivatives/01/00/101,UNADJUSTEDNONRAW_mini_101.jpg,-,-,-,52873,-,-,360x203,-,-,240e5a7194d2083ffad4d770d8edef11
/Users/mac24/a/projects/fotos/keep/images/macbook2012/Pictures/Photos Library.photoslibrary/resources/proxies/derivatives/01/00/101,UNADJUSTEDNONRAW_thumb_101.jpg,-,-,-,244071,-,-,1024x577,-,-,e769dd98704d71806ef29391def7e4a3
/Users/mac24/a/projects/fotos/keep/images/macbook2012/Pictures/Photos Library.photoslibrary/resources/proxies/derivatives/01/00/103,UNADJUSTEDNONRAW_mini_103.jpg,-,-,-,51440,-,-,360x203,-,-,5b1f6288c699f37c945a7f0292e01f44
/Users/mac24/a/projects/fotos/keep/images/macbook2012/Pictures/Photos Library.photoslibrary/resources/proxies/derivatives/01/00/103,UNADJUSTEDNONRAW_thumb_103.jpg,-,-,-,239864,-,-,1024x577,-,-,9c435c286f186a9d7a6fa9caf9639fd4
/Users/mac24/a/projects/fotos/keep/images/macbook2012/Pictures/Photos Library.photoslibrary/resources/proxies/derivatives/01/00/105,UNADJUSTEDNONRAW_mini_105.jpg,-,-,-,42225,-,-,360x203,-,-,8e13cf975cead5dd074f004799c4a7f8
/Users/mac24/a/projects/fotos/keep/images/macbook2012/Pictures/Photos Library.photoslibrary/resources/proxies/derivatives/01/00/105,UNADJUSTEDNONRAW_thumb_105.jpg,-,-,-,218343,-,-,1024x577,-,-,4bb88260f5be6dfcacdb551e20464f3e
/Users/mac24/a/projects/fotos/keep/images/macbook2012/Pictures/Photos Library.photoslibrary/resources/proxies/derivatives/01/00/107,UNADJUSTEDNONRAW_mini_107.jpg,-,-,-,46294,-,-,360x203,-,-,df3ae15eda3598b6a02664bb4bfa8299
/Users/mac24/a/projects/fotos/keep/images/macbook2012/Pictures/Photos Library.photoslibrary/resources/proxies/derivatives/01/00/107,UNADJUSTEDNONRAW_thumb_107.jpg,-,-,-,220584,-,-,1024x577,-,-,912cf5514c5270b55410a80826351ce7
/Users/mac24/a/projects/fotos/keep/images/macbook2012/Pictures/Photos Library.photoslibrary/resources/proxies/derivatives/01/00/109,UNADJUSTEDNONRAW_mini_109.jpg,-,-,-,47599,-,-,360x203,-,-,078ffa543c75a39f6cc0ad8be5329de3
/Users/mac24/a/projects/fotos/keep/images/macbook2012/Pictures/Photos Library.photoslibrary/resources/proxies/derivatives/01/00/109,UNADJUSTEDNONRAW_thumb_109.jpg,-,-,-,209076,-,-,1024x577,-,-,9b047ebbee43ca9e09e2fd37872b182d
/Users/mac24/a/projects/fotos/keep/images/macbook2012/Pictures/Photos Library.photoslibrary/resources/proxies/derivatives/01/00/10d,UNADJUSTEDNONRAW_mini_10d.jpg,-,-,-,48024,-,-,360x203,-,-,d0071407b81adbe599313b88ce75496b
/Users/mac24/a/projects/fotos/keep/images/macbook2012/Pictures/Photos Library.photoslibrary/resources/proxies/derivatives/01/00/10d,UNADJUSTEDNONRAW_thumb_10d.jpg,-,-,-,223992,-,-,1024x577,-,-,c3bcc2fd2d20dde634aa5b880d7aaab6
/Users/mac24/a/projects/fotos/keep/images/macbook2012/Pictures/Photos Library.photoslibrary/resources/proxies/derivatives/01/00/119,UNADJUSTEDNONRAW_mini_119.jpg,-,-,-,59378,-,-,360x203,-,-,15a0d9d0ffe00906585887069056bdaf
/Users/mac24/a/projects/fotos/keep/images/macbook2012/Pictures/Photos Library.photoslibrary/resources/proxies/derivatives/01/00/119,UNADJUSTEDNONRAW_thumb_119.jpg,-,-,-,354578,-,-,1024x577,-,-,ad711b91461e306d7c886034df0cbbf6
/Users/mac24/a/projects/fotos/keep/images/macbook2012/Pictures/Photos Library.photoslibrary/resources/proxies/derivatives/01/00/11b,UNADJUSTEDNONRAW_mini_11b.jpg,-,-,-,60409,-,-,360x203,-,-,0ae80e9d3bcd29391d32a86139468c8c
/Users/mac24/a/projects/fotos/keep/images/macbook2012/Pictures/Photos Library.photoslibrary/resources/proxies/derivatives/01/00/11b,UNADJUSTEDNONRAW_thumb_11b.jpg,-,-,-,375009,-,-,1024x577,-,-,e53c760cb25ad46f522b983d42550e42
/Users/mac24/a/projects/fotos/keep/images/macbook2012/Pictures/Photos Library.photoslibrary/resources/proxies/derivatives/01/00/11f,UNADJUSTEDNONRAW_mini_11f.jpg,-,-,-,56599,-,-,360x203,-,-,3167d1870b568a52e60741b0626586c2
/Users/mac24/a/projects/fotos/keep/images/macbook2012/Pictures/Photos Library.photoslibrary/resources/proxies/derivatives/01/00/11f,UNADJUSTEDNONRAW_thumb_11f.jpg,-,-,-,354135,-,-,1024x577,-,-,32f1f2a5541a3a6081839218765c8fd0
/Users/mac24/a/projects/fotos/keep/images/macbook2012/Pictures/Photos Library.photoslibrary/resources/proxies/derivatives/01/00/121,DayWKMcGTuWfKXtBwc3FlQ_mini_121.jpg,-,-,-,48319,-,-,234x415,-,-,09ec768bd48c2c99cf946e910f108a62
/Users/mac24/a/projects/fotos/keep/images/macbook2012/Pictures/Photos Library.photoslibrary/resources/proxies/derivatives/01/00/121,DayWKMcGTuWfKXtBwc3FlQ_thumb_121.jpg,-,-,-,253284,-,-,665x1181,-,-,d9233caa34018638f7e4dd649df5c522
/Users/mac24/a/projects/fotos/keep/images/macbook2012/Pictures/Photos Library.photoslibrary/resources/proxies/derivatives/01/00/123,j+umd5ZNRT6+zMi14FcY5Q_mini_123.jpg,-,-,-,48495,-,-,234x415,-,-,11ec175f196515cfcb74783364b4de01
/Users/mac24/a/projects/fotos/keep/images/macbook2012/Pictures/Photos Library.photoslibrary/resources/proxies/derivatives/01/00/123,j+umd5ZNRT6+zMi14FcY5Q_thumb_123.jpg,-,-,-,214866,-,-,665x1181,-,-,57ad5f1910ffaddbc67dc295626e5c6e
/Users/mac24/a/projects/fotos/keep/images/macbook2012/Pictures/Photos Library.photoslibrary/resources/proxies/derivatives/01/00/127,UNADJUSTEDNONRAW_mini_127.jpg,-,-,-,64510,-,-,360x203,-,-,0c0331d4401c0bc47485a965c80eafbb
/Users/mac24/a/projects/fotos/keep/images/macbook2012/Pictures/Photos Library.photoslibrary/resources/proxies/derivatives/01/00/127,UNADJUSTEDNONRAW_thumb_127.jpg,-,-,-,464574,-,-,1024x577,-,-,6327e7308914cdc7cb26cffb7bc83d93
/Users/mac24/a/projects/fotos/keep/images/macbook2012/Pictures/Photos Library.photoslibrary/resources/proxies/derivatives/01/00/129,UNADJUSTEDNONRAW_mini_129.jpg,-,-,-,61777,-,-,360x203,-,-,fee2fdb976a94f4f28b7d7188c46a8f3
/Users/mac24/a/projects/fotos/keep/images/macbook2012/Pictures/Photos Library.photoslibrary/resources/proxies/derivatives/01/00/129,UNADJUSTEDNONRAW_thumb_129.jpg,-,-,-,358999,-,-,1024x577,-,-,cb6c366d273fdafaf15e2addc7078160
/Users/mac24/a/projects/fotos/keep/images/macbook2012/Pictures/Photos Library.photoslibrary/resources/proxies/derivatives/01/00/12b,UNADJUSTEDNONRAW_mini_12b.jpg,-,-,-,61865,-,-,360x203,-,-,7398723abf287d46d79d25f722cad5ab
/Users/mac24/a/projects/fotos/keep/images/macbook2012/Pictures/Photos Library.photoslibrary/resources/proxies/derivatives/01/00/12b,UNADJUSTEDNONRAW_thumb_12b.jpg,-,-,-,430098,-,-,1024x577,-,-,6f8721ac7ef80b22d760a26e585ec140
/Users/mac24/a/projects/fotos/keep/images/macbook2012/Pictures/Photos Library.photoslibrary/resources/proxies/derivatives/01/00/12d,UNADJUSTEDNONRAW_mini_12d.jpg,-,-,-,66747,-,-,360x203,-,-,d3b4f9dc0ea9f1149dd037fadd612a44
/Users/mac24/a/projects/fotos/keep/images/macbook2012/Pictures/Photos Library.photoslibrary/resources/proxies/derivatives/01/00/12d,UNADJUSTEDNONRAW_thumb_12d.jpg,-,-,-,428780,-,-,1024x577,-,-,14ed0c94bf69bb32926cf5cea82f9f10
/Users/mac24/a/projects/fotos/keep/images/macbook2012/Pictures/Photos Library.photoslibrary/resources/proxies/derivatives/01/00/12f,UNADJUSTEDNONRAW_mini_12f.jpg,-,-,-,57265,-,-,360x203,-,-,f38add8285e8cdfba19bc7f0074fe6d6
/Users/mac24/a/projects/fotos/keep/images/macbook2012/Pictures/Photos Library.photoslibrary/resources/proxies/derivatives/01/00/12f,UNADJUSTEDNONRAW_thumb_12f.jpg,-,-,-,407887,-,-,1024x577,-,-,263fd07e7bdd9b37127ad857ff091987
/Users/mac24/a/projects/fotos/keep/images/macbook2012/Pictures/Photos Library.photoslibrary/resources/proxies/derivatives/01/00/131,UNADJUSTEDNONRAW_mini_131.jpg,-,-,-,58646,-,-,360x203,-,-,40fad63564f71ab5af58a66a3948fd3a
/Users/mac24/a/projects/fotos/keep/images/macbook2012/Pictures/Photos Library.photoslibrary/resources/proxies/derivatives/01/00/131,UNADJUSTEDNONRAW_thumb_131.jpg,-,-,-,425065,-,-,1024x577,-,-,390d75e6c1c5da575a0f944df5fd61e1
/Users/mac24/a/projects/fotos/keep/images/macbook2012/Pictures/Photos Library.photoslibrary/resources/proxies/derivatives/01/00/133,UNADJUSTEDNONRAW_mini_133.jpg,-,-,-,64575,-,-,360x203,-,-,4aba1c451d213cc4398928abbdc0f22f
/Users/mac24/a/projects/fotos/keep/images/macbook2012/Pictures/Photos Library.photoslibrary/resources/proxies/derivatives/01/00/133,UNADJUSTEDNONRAW_thumb_133.jpg,-,-,-,413560,-,-,1024x577,-,-,0bfdd6bf27a9f0cf8b9671387fc205dd
/Users/mac24/a/projects/fotos/keep/images/macbook2012/Pictures/Photos Library.photoslibrary/resources/proxies/derivatives/01/00/135,UNADJUSTEDNONRAW_mini_135.jpg,-,-,-,59708,-,-,360x203,-,-,07d4466b3a62badb7d8278f426ee5b1c
/Users/mac24/a/projects/fotos/keep/images/macbook2012/Pictures/Photos Library.photoslibrary/resources/proxies/derivatives/01/00/135,UNADJUSTEDNONRAW_thumb_135.jpg,-,-,-,353296,-,-,1024x577,-,-,cbb24e5b158be860e70ed2746f0720b5
/Users/mac24/a/projects/fotos/keep/images/macbook2012/Pictures/Photos Library.photoslibrary/resources/proxies/derivatives/01/00/137,UNADJUSTEDNONRAW_mini_137.jpg,-,-,-,59844,-,-,360x203,-,-,35f629c991f709d92dbf16e965b64210
/Users/mac24/a/projects/fotos/keep/images/macbook2012/Pictures/Photos Library.photoslibrary/resources/proxies/derivatives/01/00/137,UNADJUSTEDNONRAW_thumb_137.jpg,-,-,-,370610,-,-,1024x577,-,-,c824d2704d78bf8dde5189ea4a6fc4b5
/Users/mac24/a/projects/fotos/keep/images/macbook2012/Pictures/Photos Library.photoslibrary/resources/proxies/derivatives/01/00/139,UNADJUSTEDNONRAW_mini_139.jpg,-,-,-,55453,-,-,360x203,-,-,e21ed8b35ba56d2b98fbdd4019be1f9a
/Users/mac24/a/projects/fotos/keep/images/macbook2012/Pictures/Photos Library.photoslibrary/resources/proxies/derivatives/01/00/139,UNADJUSTEDNONRAW_thumb_139.jpg,-,-,-,299610,-,-,1024x577,-,-,910e651d3a1d094301ca81daf3383e8c
/Users/mac24/a/projects/fotos/keep/images/macbook2012/Pictures/Photos Library.photoslibrary/resources/proxies/derivatives/01/00/13b,UNADJUSTEDNONRAW_mini_13b.jpg,-,-,-,56689,-,-,360x203,-,-,8bd5ddcbb5f9bc185c58de2f69f99ae4
/Users/mac24/a/projects/fotos/keep/images/macbook2012/Pictures/Photos Library.photoslibrary/resources/proxies/derivatives/01/00/13b,UNADJUSTEDNONRAW_thumb_13b.jpg,-,-,-,298455,-,-,1024x577,-,-,b3d9d0e7b90754dadf9a28cd8cae06cf
/Users/mac24/a/projects/fotos/keep/images/macbook2012/Pictures/Photos Library.photoslibrary/resources/proxies/derivatives/01/00/13d,UNADJUSTEDNONRAW_mini_13d.jpg,-,-,-,53227,-,-,360x203,-,-,e1dabd4001407a9d82954c4c20fd410c
/Users/mac24/a/projects/fotos/keep/images/macbook2012/Pictures/Photos Library.photoslibrary/resources/proxies/derivatives/01/00/13d,UNADJUSTEDNONRAW_thumb_13d.jpg,-,-,-,274133,-,-,1024x577,-,-,271cc8d6ce02ea67fba2b78699602000
/Users/mac24/a/projects/fotos/keep/images/macbook2012/Pictures/Photos Library.photoslibrary/resources/proxies/derivatives/01/00/13f,fu8Nrv8kRieyILclv2o10A_mini_13f.jpg,-,-,-,65562,-,-,234x415,-,-,9357776f48100a439d22a117d6ceb84b
/Users/mac24/a/projects/fotos/keep/images/macbook2012/Pictures/Photos Library.photoslibrary/resources/proxies/derivatives/01/00/13f,fu8Nrv8kRieyILclv2o10A_thumb_13f.jpg,-,-,-,369651,-,-,665x1181,-,-,e243550a61691e41a13a50ec3226ee9b
/Users/mac24/a/projects/fotos/keep/images/macbook2012/Pictures/Photos Library.photoslibrary/resources/proxies/derivatives/01/00/141,UNADJUSTEDNONRAW_mini_141.jpg,-,-,-,53773,-,-,360x203,-,-,f2fa1564a13928b6fd68da894a341705
/Users/mac24/a/projects/fotos/keep/images/macbook2012/Pictures/Photos Library.photoslibrary/resources/proxies/derivatives/01/00/141,UNADJUSTEDNONRAW_thumb_141.jpg,-,-,-,255565,-,-,1024x577,-,-,ddf7f9520e697e2fa3c2fd815a15aa9b
/Users/mac24/a/projects/fotos/keep/images/macbook2012/Pictures/Photos Library.photoslibrary/resources/proxies/derivatives/01/00/143,UNADJUSTEDNONRAW_mini_143.jpg,-,-,-,53657,-,-,360x203,-,-,4260d8e01e95b5a91cf5c41cb5ff8062
/Users/mac24/a/projects/fotos/keep/images/macbook2012/Pictures/Photos Library.photoslibrary/resources/proxies/derivatives/01/00/143,UNADJUSTEDNONRAW_thumb_143.jpg,-,-,-,285686,-,-,1024x577,-,-,a5459198677f1c8cb544cbd1f6f0e9cf
/Users/mac24/a/projects/fotos/keep/images/macbook2012/Pictures/Photos Library.photoslibrary/resources/proxies/derivatives/01/00/147,R6He56VESzuQBGDQPAuAag_mini_147.jpg,-,-,-,63192,-,-,234x415,-,-,72ab832c17a2b5ce39a8cfe1bddf5a73
/Users/mac24/a/projects/fotos/keep/images/macbook2012/Pictures/Photos Library.photoslibrary/resources/proxies/derivatives/01/00/147,R6He56VESzuQBGDQPAuAag_thumb_147.jpg,-,-,-,370177,-,-,665x1181,-,-,846912977adf1917e997f5543cf427b4
/Users/mac24/a/projects/fotos/keep/images/macbook2012/Pictures/Photos Library.photoslibrary/resources/proxies/derivatives/01/00/149,UNADJUSTEDNONRAW_mini_149.jpg,-,-,-,66542,-,-,360x203,-,-,dd210c9250e714d8e792efe153bb667c
/Users/mac24/a/projects/fotos/keep/images/macbook2012/Pictures/Photos Library.photoslibrary/resources/proxies/derivatives/01/00/149,UNADJUSTEDNONRAW_thumb_149.jpg,-,-,-,451160,-,-,1024x577,-,-,52c704afdfff328fd80e3b596da4e21e
/Users/mac24/a/projects/fotos/keep/images/macbook2012/Pictures/Photos Library.photoslibrary/resources/proxies/derivatives/01/00/14b,UNADJUSTEDNONRAW_mini_14b.jpg,-,-,-,34209,-,-,360x203,-,-,8c248f77b12301125f43a37456a93997
/Users/mac24/a/projects/fotos/keep/images/macbook2012/Pictures/Photos Library.photoslibrary/resources/proxies/derivatives/01/00/14b,UNADJUSTEDNONRAW_thumb_14b.jpg,-,-,-,143727,-,-,1024x577,-,-,5981c80a07a24900c78a780c9fc77543
/Users/mac24/a/projects/fotos/keep/images/macbook2012/Pictures/Photos Library.photoslibrary/resources/proxies/derivatives/01/00/14d,UNADJUSTEDNONRAW_mini_14d.jpg,-,-,-,53940,-,-,360x203,-,-,05314f6f0384c0481b87757ba4b4b3ed
/Users/mac24/a/projects/fotos/keep/images/macbook2012/Pictures/Photos Library.photoslibrary/resources/proxies/derivatives/01/00/14d,UNADJUSTEDNONRAW_thumb_14d.jpg,-,-,-,295856,-,-,1024x577,-,-,b413753772f925aaecdfba6eabf80f56
/Users/mac24/a/projects/fotos/keep/images/macbook2012/Pictures/Photos Library.photoslibrary/resources/proxies/derivatives/01/00/155,NNdNuhspQhCbfPo4Xb%dcA_mini_155.jpg,-,-,-,51772,-,-,234x415,-,-,00e2dfc93cf1039afcddc64fb1aa136f
/Users/mac24/a/projects/fotos/keep/images/macbook2012/Pictures/Photos Library.photoslibrary/resources/proxies/derivatives/01/00/155,NNdNuhspQhCbfPo4Xb%dcA_thumb_155.jpg,-,-,-,244984,-,-,665x1181,-,-,d3e8cb0280e707f7cc0dc2e467246bb9
/Users/mac24/a/projects/fotos/keep/images/macbook2012/Pictures/Photos Library.photoslibrary/resources/proxies/derivatives/01/00/159,UNADJUSTEDNONRAW_mini_159.jpg,-,-,-,53273,-,-,360x203,-,-,d86a111ef81b33fe21eb4db313ccd6a5
/Users/mac24/a/projects/fotos/keep/images/macbook2012/Pictures/Photos Library.photoslibrary/resources/proxies/derivatives/01/00/159,UNADJUSTEDNONRAW_thumb_159.jpg,-,-,-,371089,-,-,1024x577,-,-,87ca0074a12b2f4d45f3f0fb4058f5fc
/Users/mac24/a/projects/fotos/keep/images/macbook2012/Pictures/Photos Library.photoslibrary/resources/proxies/derivatives/01/00/15b,UNADJUSTEDNONRAW_mini_15b.jpg,-,-,-,59229,-,-,360x203,-,-,07751f035328f4dbe506e47e162c2318
/Users/mac24/a/projects/fotos/keep/images/macbook2012/Pictures/Photos Library.photoslibrary/resources/proxies/derivatives/01/00/15b,UNADJUSTEDNONRAW_thumb_15b.jpg,-,-,-,378310,-,-,1024x577,-,-,4a4055362cdee9a5fc25ae861367194f
/Users/mac24/a/projects/fotos/keep/images/macbook2012/Pictures/Photos Library.photoslibrary/resources/proxies/derivatives/01/00/15d,uwslEir7R3OaWhvVoCpNkg_mini_15d.jpg,-,-,-,74269,-,-,234x415,-,-,b652b8ae3384675efda9bba2911bc9db
/Users/mac24/a/projects/fotos/keep/images/macbook2012/Pictures/Photos Library.photoslibrary/resources/proxies/derivatives/01/00/15d,uwslEir7R3OaWhvVoCpNkg_thumb_15d.jpg,-,-,-,471334,-,-,665x1181,-,-,867d082b71810bd77103c27daf355ddc
/Users/mac24/a/projects/fotos/keep/images/macbook2012/Pictures/Photos Library.photoslibrary/resources/proxies/derivatives/01/00/15f,UNADJUSTEDNONRAW_mini_15f.jpg,-,-,-,61492,-,-,360x203,-,-,5b9e0f4173e24833e890bb9cbc618838
/Users/mac24/a/projects/fotos/keep/images/macbook2012/Pictures/Photos Library.photoslibrary/resources/proxies/derivatives/01/00/15f,UNADJUSTEDNONRAW_thumb_15f.jpg,-,-,-,379203,-,-,1024x577,-,-,ca631f6b84254af5537e1b694815082d
/Users/mac24/a/projects/fotos/keep/images/macbook2012/Pictures/Photos Library.photoslibrary/resources/proxies/derivatives/01/00/161,UNADJUSTEDNONRAW_mini_161.jpg,-,-,-,63930,-,-,360x203,-,-,8c4dcdf16d6b6797b9a56e198d47cffd
/Users/mac24/a/projects/fotos/keep/images/macbook2012/Pictures/Photos Library.photoslibrary/resources/proxies/derivatives/01/00/161,UNADJUSTEDNONRAW_thumb_161.jpg,-,-,-,422939,-,-,1024x577,-,-,3a88034bd2008af75fe3faab48f6b32d
/Users/mac24/a/projects/fotos/keep/images/macbook2012/Pictures/Photos Library.photoslibrary/resources/proxies/derivatives/01/00/165,UNADJUSTEDNONRAW_mini_165.jpg,-,-,-,28783,-,-,360x203,-,-,7e469291bacb5963a952e850d7bf5821
/Users/mac24/a/projects/fotos/keep/images/macbook2012/Pictures/Photos Library.photoslibrary/resources/proxies/derivatives/01/00/165,UNADJUSTEDNONRAW_thumb_165.jpg,-,-,-,151105,-,-,1024x577,-,-,032ba762eae2747588f183bb6b249367
/Users/mac24/a/projects/fotos/keep/images/macbook2012/Pictures/Photos Library.photoslibrary/resources/proxies/derivatives/01/00/169,YTtX3Vs0TpiRKCm2+fhh7A_mini_169.jpg,-,-,-,47702,-,-,203x360,-,-,f694a35efd6b100ff9951faf502787ec
/Users/mac24/a/projects/fotos/keep/images/macbook2012/Pictures/Photos Library.photoslibrary/resources/proxies/derivatives/01/00/169,YTtX3Vs0TpiRKCm2+fhh7A_thumb_169.jpg,-,-,-,331933,-,-,578x1024,-,-,92d01054a12ea9e190cd86c2f7beb9f2
/Users/mac24/a/projects/fotos/keep/images/macbook2012/Pictures/Photos Library.photoslibrary/resources/proxies/derivatives/01/00/16b,UNADJUSTEDNONRAW_mini_16b.jpg,-,-,-,57773,-,-,360x203,-,-,76c58cebb243b655019fe11c04a8e520
/Users/mac24/a/projects/fotos/keep/images/macbook2012/Pictures/Photos Library.photoslibrary/resources/proxies/derivatives/01/00/16b,UNADJUSTEDNONRAW_thumb_16b.jpg,-,-,-,383495,-,-,1024x577,-,-,146fff24679124f58e978ee97ecbcf2f
/Users/mac24/a/projects/fotos/keep/images/macbook2012/Pictures/Photos Library.photoslibrary/resources/proxies/derivatives/01/00/16d,UNADJUSTEDNONRAW_mini_16d.jpg,-,-,-,60666,-,-,360x203,-,-,7b0bf0609bee26b9dfa714ecd50203e9
/Users/mac24/a/projects/fotos/keep/images/macbook2012/Pictures/Photos Library.photoslibrary/resources/proxies/derivatives/01/00/16d,UNADJUSTEDNONRAW_thumb_16d.jpg,-,-,-,373840,-,-,1024x577,-,-,4244e2ba29a844ef3b9afc8b12163d6f
/Users/mac24/a/projects/fotos/keep/images/macbook2012/Pictures/Photos Library.photoslibrary/resources/proxies/derivatives/01/00/16f,UNADJUSTEDNONRAW_mini_16f.jpg,-,-,-,60604,-,-,360x203,-,-,93cdcf1ae0045e9c30e63912e48bd069
/Users/mac24/a/projects/fotos/keep/images/macbook2012/Pictures/Photos Library.photoslibrary/resources/proxies/derivatives/01/00/16f,UNADJUSTEDNONRAW_thumb_16f.jpg,-,-,-,418508,-,-,1024x577,-,-,f3cf304c53164ee73c1ac12e56f1cbf8
/Users/mac24/a/projects/fotos/keep/images/macbook2012/Pictures/Photos Library.photoslibrary/resources/proxies/derivatives/01/00/171,UNADJUSTEDNONRAW_mini_171.jpg,-,-,-,53850,-,-,360x203,-,-,84e6a3a3dff738155b108b607d0ece94
/Users/mac24/a/projects/fotos/keep/images/macbook2012/Pictures/Photos Library.photoslibrary/resources/proxies/derivatives/01/00/171,UNADJUSTEDNONRAW_thumb_171.jpg,-,-,-,311340,-,-,1024x577,-,-,895ba38d449644bd55ea3656d6455dde
/Users/mac24/a/projects/fotos/keep/images/macbook2012/Pictures/Photos Library.photoslibrary/resources/proxies/derivatives/01/00/173,UNADJUSTEDNONRAW_mini_173.jpg,-,-,-,60151,-,-,360x203,-,-,0cc00765420915d273495586365056d1
/Users/mac24/a/projects/fotos/keep/images/macbook2012/Pictures/Photos Library.photoslibrary/resources/proxies/derivatives/01/00/173,UNADJUSTEDNONRAW_thumb_173.jpg,-,-,-,433530,-,-,1024x577,-,-,361d4cdb7672f543a0820d23d8be7d65
/Users/mac24/a/projects/fotos/keep/images/macbook2012/Pictures/Photos Library.photoslibrary/resources/proxies/derivatives/01/00/175,UNADJUSTEDNONRAW_mini_175.jpg,-,-,-,60402,-,-,360x203,-,-,011fd711b0b05e23196c2f3080e8e5ef
/Users/mac24/a/projects/fotos/keep/images/macbook2012/Pictures/Photos Library.photoslibrary/resources/proxies/derivatives/01/00/175,UNADJUSTEDNONRAW_thumb_175.jpg,-,-,-,431688,-,-,1024x577,-,-,d1b6dbba582048ce82f538d78cf229b2
/Users/mac24/a/projects/fotos/keep/images/macbook2012/Pictures/Photos Library.photoslibrary/resources/proxies/derivatives/01/00/17f,4juMMy64R%mqpj%0QdREdg_mini_17f.jpg,-,-,-,33732,-,-,251x360,-,-,afaee084dc9286814a9f0d79e551171a
/Users/mac24/a/projects/fotos/keep/images/macbook2012/Pictures/Photos Library.photoslibrary/resources/proxies/derivatives/01/00/17f,4juMMy64R%mqpj%0QdREdg_thumb_17f.jpg,-,-,-,131595,-,-,714x1024,-,-,3eb89c9edaf3d3ae63c6487e0a0506f3
/Users/mac24/a/projects/fotos/keep/images/macbook2012/Pictures/Photos Library.photoslibrary/resources/proxies/derivatives/01/00/181,UNADJUSTEDNONRAW_mini_181.jpg,-,-,-,28863,-,-,360x137,-,-,771818958c10a4f474dec888333b3a2b
/Users/mac24/a/projects/fotos/keep/images/macbook2012/Pictures/Photos Library.photoslibrary/resources/proxies/derivatives/01/00/181,UNADJUSTEDNONRAW_thumb_181.jpg,-,-,-,192116,-,-,1024x388,-,-,beef2381ff1c81385235039f71d1ebfa
/Users/mac24/a/projects/fotos/keep/images/macbook2012/Pictures/Photos Library.photoslibrary/resources/proxies/derivatives/01/00/189,UNADJUSTEDNONRAW_mini_189.jpg,-,-,-,40366,-,-,360x239,-,-,cd3fe0f598c7d66fa9f52aa64e660da4
/Users/mac24/a/projects/fotos/keep/images/macbook2012/Pictures/Photos Library.photoslibrary/resources/proxies/derivatives/01/00/189,UNADJUSTEDNONRAW_thumb_189.jpg,-,-,-,205116,-,-,1024x679,-,-,937a94d4563a44474094a620404b761f
/Users/mac24/a/projects/fotos/keep/images/macbook2012/Pictures/Photos Library.photoslibrary/resources/proxies/derivatives/01/00/18b,UNADJUSTEDNONRAW_mini_18b.jpg,-,-,-,46927,-,-,360x239,-,-,a25d7598a2cc5d4c2fe04a7ac37e5994
/Users/mac24/a/projects/fotos/keep/images/macbook2012/Pictures/Photos Library.photoslibrary/resources/proxies/derivatives/01/00/18b,UNADJUSTEDNONRAW_thumb_18b.jpg,-,-,-,244030,-,-,1024x679,-,-,09d67f17055a9ad9cd77f41de4206fcc
/Users/mac24/a/projects/fotos/keep/images/macbook2012/Pictures/Photos Library.photoslibrary/resources/proxies/derivatives/01/00/18d,UNADJUSTEDNONRAW_mini_18d.jpg,-,-,-,47741,-,-,360x239,-,-,bd693486e77dd09e3029f56141ef8416
/Users/mac24/a/projects/fotos/keep/images/macbook2012/Pictures/Photos Library.photoslibrary/resources/proxies/derivatives/01/00/18d,UNADJUSTEDNONRAW_thumb_18d.jpg,-,-,-,238797,-,-,1024x679,-,-,7ae3d57a0d3126c97dfd52cf28933318
/Users/mac24/a/projects/fotos/keep/images/macbook2012/Pictures/Photos Library.photoslibrary/resources/proxies/derivatives/01/00/18f,UNADJUSTEDNONRAW_mini_18f.jpg,-,-,-,49419,-,-,360x239,-,-,0c1db97392581b28d4befb41e7bc3e73
/Users/mac24/a/projects/fotos/keep/images/macbook2012/Pictures/Photos Library.photoslibrary/resources/proxies/derivatives/01/00/18f,UNADJUSTEDNONRAW_thumb_18f.jpg,-,-,-,240871,-,-,1024x679,-,-,8dbad7991c8f0984f7d45ad61181b2dd
/Users/mac24/a/projects/fotos/keep/images/macbook2012/Pictures/Photos Library.photoslibrary/resources/proxies/derivatives/01/00/191,UNADJUSTEDNONRAW_mini_191.jpg,-,-,-,47509,-,-,360x239,-,-,4eeebf54de2af3ea4012ccdcdf2f6e95
/Users/mac24/a/projects/fotos/keep/images/macbook2012/Pictures/Photos Library.photoslibrary/resources/proxies/derivatives/01/00/191,UNADJUSTEDNONRAW_thumb_191.jpg,-,-,-,228331,-,-,1024x679,-,-,29dea66bb85615b8c9d6da538a690720
/Users/mac24/a/projects/fotos/keep/images/macbook2012/Pictures/Photos Library.photoslibrary/resources/proxies/derivatives/01/00/193,UNADJUSTEDNONRAW_mini_193.jpg,-,-,-,48324,-,-,360x239,-,-,ed73d441bca0a7234cf61cbd2e1d0dc6
/Users/mac24/a/projects/fotos/keep/images/macbook2012/Pictures/Photos Library.photoslibrary/resources/proxies/derivatives/01/00/193,UNADJUSTEDNONRAW_thumb_193.jpg,-,-,-,240634,-,-,1024x679,-,-,3963e305e2f0ffac11a419b60babab00
/Users/mac24/a/projects/fotos/keep/images/macbook2012/Pictures/Photos Library.photoslibrary/resources/proxies/derivatives/01/00/195,UNADJUSTEDNONRAW_mini_195.jpg,-,-,-,37616,-,-,239x360,-,-,f0ae87eaf51db2a93c4e1ac7ed9f5185
/Users/mac24/a/projects/fotos/keep/images/macbook2012/Pictures/Photos Library.photoslibrary/resources/proxies/derivatives/01/00/195,UNADJUSTEDNONRAW_thumb_195.jpg,-,-,-,189161,-,-,679x1024,-,-,8badd2b3820b1411c1b5d2593f0f5d53
/Users/mac24/a/projects/fotos/keep/images/macbook2012/Pictures/Photos Library.photoslibrary/resources/proxies/derivatives/01/00/197,UNADJUSTEDNONRAW_mini_197.jpg,-,-,-,38282,-,-,360x239,-,-,a756a30227f74ac1f77c10adb80c5d42
/Users/mac24/a/projects/fotos/keep/images/macbook2012/Pictures/Photos Library.photoslibrary/resources/proxies/derivatives/01/00/197,UNADJUSTEDNONRAW_thumb_197.jpg,-,-,-,191228,-,-,1024x679,-,-,340b2238fb42ae7f610006ec842734d8
/Users/mac24/a/projects/fotos/keep/images/macbook2012/Pictures/Photos Library.photoslibrary/resources/proxies/derivatives/01/00/199,UNADJUSTEDNONRAW_mini_199.jpg,-,-,-,34688,-,-,360x239,-,-,25fb19ce0e91af0296b26b2aa724c3d8
/Users/mac24/a/projects/fotos/keep/images/macbook2012/Pictures/Photos Library.photoslibrary/resources/proxies/derivatives/01/00/199,UNADJUSTEDNONRAW_thumb_199.jpg,-,-,-,213684,-,-,1024x679,-,-,5c3259c4cd602ecedce3ee29a2037f82
/Users/mac24/a/projects/fotos/keep/images/macbook2012/Pictures/Photos Library.photoslibrary/resources/proxies/derivatives/01/00/19b,UNADJUSTEDNONRAW_mini_19b.jpg,-,-,-,49087,-,-,360x239,-,-,e93dddbe1a9106dc3f593a2ed8243a5c
/Users/mac24/a/projects/fotos/keep/images/macbook2012/Pictures/Photos Library.photoslibrary/resources/proxies/derivatives/01/00/19b,UNADJUSTEDNONRAW_thumb_19b.jpg,-,-,-,246354,-,-,1024x679,-,-,cc7f96c1811e773ca7494b83facb8c63
/Users/mac24/a/projects/fotos/keep/images/macbook2012/Pictures/Photos Library.photoslibrary/resources/proxies/derivatives/01/00/19d,UNADJUSTEDNONRAW_mini_19d.jpg,-,-,-,47308,-,-,360x239,-,-,a04b559dc7b1ec1090f229d8e55d8b27
/Users/mac24/a/projects/fotos/keep/images/macbook2012/Pictures/Photos Library.photoslibrary/resources/proxies/derivatives/01/00/19d,UNADJUSTEDNONRAW_thumb_19d.jpg,-,-,-,255773,-,-,1024x679,-,-,784338a74233afa84521a1ede2ab6ca6
/Users/mac24/a/projects/fotos/keep/images/macbook2012/Pictures/Photos Library.photoslibrary/resources/proxies/derivatives/01/00/19f,UNADJUSTEDNONRAW_mini_19f.jpg,-,-,-,47346,-,-,360x239,-,-,9180ad56c959555a9ae5601d5405e9ea
/Users/mac24/a/projects/fotos/keep/images/macbook2012/Pictures/Photos Library.photoslibrary/resources/proxies/derivatives/01/00/19f,UNADJUSTEDNONRAW_thumb_19f.jpg,-,-,-,261906,-,-,1024x679,-,-,874f41f03709a0737a73d0d24fc8cd53
/Users/mac24/a/projects/fotos/keep/images/macbook2012/Pictures/Photos Library.photoslibrary/resources/proxies/derivatives/01/00/1a1,UNADJUSTEDNONRAW_mini_1a1.jpg,-,-,-,39951,-,-,360x239,-,-,30355adb686954cd43b855d393d1289b
/Users/mac24/a/projects/fotos/keep/images/macbook2012/Pictures/Photos Library.photoslibrary/resources/proxies/derivatives/01/00/1a1,UNADJUSTEDNONRAW_thumb_1a1.jpg,-,-,-,244752,-,-,1024x679,-,-,6087575d28441ff237e705d5c29310a3
/Users/mac24/a/projects/fotos/keep/images/macbook2012/Pictures/Photos Library.photoslibrary/resources/proxies/derivatives/01/00/1a9,UNADJUSTEDNONRAW_mini_1a9.jpg,-,-,-,38654,-,-,360x239,-,-,82fbbe5491e0ab13c80eec376fd3802b
/Users/mac24/a/projects/fotos/keep/images/macbook2012/Pictures/Photos Library.photoslibrary/resources/proxies/derivatives/01/00/1a9,UNADJUSTEDNONRAW_thumb_1a9.jpg,-,-,-,203226,-,-,1024x679,-,-,1dc9a9124fa80985e3b99874ab65600b
/Users/mac24/a/projects/fotos/keep/images/macbook2012/Pictures/Photos Library.photoslibrary/resources/proxies/derivatives/01/00/1b0,UNADJUSTEDNONRAW_mini_1b0.jpg,-,-,-,50841,-,-,382x254,-,-,60ac3ba8e27f5a089efe91506e2b3ed8
/Users/mac24/a/projects/fotos/keep/images/macbook2012/Pictures/Photos Library.photoslibrary/resources/proxies/derivatives/01/00/1b0,UNADJUSTEDNONRAW_thumb_1b0.jpg,-,-,-,271941,-,-,1088x722,-,-,516a33924a96557b1ed6865845f82142
/Users/mac24/a/projects/fotos/keep/images/macbook2012/Pictures/Photos Library.photoslibrary/resources/proxies/derivatives/01/00/1b1,UNADJUSTEDNONRAW_mini_1b1.jpg,-,-,-,41617,-,-,382x254,-,-,9fc3091750bad8a975b4ea279edc9fd9
/Users/mac24/a/projects/fotos/keep/images/macbook2012/Pictures/Photos Library.photoslibrary/resources/proxies/derivatives/01/00/1b1,UNADJUSTEDNONRAW_thumb_1b1.jpg,-,-,-,219287,-,-,1088x722,-,-,9fe92834bc3203ea24dfaef27221df4f
/Users/mac24/a/projects/fotos/keep/images/macbook2012/Pictures/Photos Library.photoslibrary/resources/proxies/derivatives/01/00/1b4,UNADJUSTEDNONRAW_mini_1b4.jpg,-,-,-,57969,-,-,382x254,-,-,0acf5a473ef3b87d1a1f71066559bc73
/Users/mac24/a/projects/fotos/keep/images/macbook2012/Pictures/Photos Library.photoslibrary/resources/proxies/derivatives/01/00/1b4,UNADJUSTEDNONRAW_thumb_1b4.jpg,-,-,-,290916,-,-,1088x722,-,-,dc238579c9d48f30c59fd73b444f14bf
/Users/mac24/a/projects/fotos/keep/images/macbook2012/Pictures/Photos Library.photoslibrary/resources/proxies/derivatives/01/00/1b6,UNADJUSTEDNONRAW_mini_1b6.jpg,-,-,-,65679,-,-,382x254,-,-,fbdb7694f45d6db65f03e378013c465d
/Users/mac24/a/projects/fotos/keep/images/macbook2012/Pictures/Photos Library.photoslibrary/resources/proxies/derivatives/01/00/1b6,UNADJUSTEDNONRAW_thumb_1b6.jpg,-,-,-,313876,-,-,1088x722,-,-,aed09107428a82235ca36facb3c53656
/Users/mac24/a/projects/fotos/keep/images/macbook2012/Pictures/Photos Library.photoslibrary/resources/proxies/derivatives/01/00/1ba,UNADJUSTEDNONRAW_mini_1ba.jpg,-,-,-,70838,-,-,254x382,-,-,670620b375a68da66336310ab497a925
/Users/mac24/a/projects/fotos/keep/images/macbook2012/Pictures/Photos Library.photoslibrary/resources/proxies/derivatives/01/00/1ba,UNADJUSTEDNONRAW_thumb_1ba.jpg,-,-,-,456151,-,-,722x1088,-,-,fe191011491a124657babc04761fb648
/Users/mac24/a/projects/fotos/keep/images/macbook2012/Pictures/Photos Library.photoslibrary/resources/proxies/derivatives/01/00/1bb,UNADJUSTEDNONRAW_mini_1bb.jpg,-,-,-,55615,-,-,382x254,-,-,8d379bf2778bfc166e4a8724f0772e7e
/Users/mac24/a/projects/fotos/keep/images/macbook2012/Pictures/Photos Library.photoslibrary/resources/proxies/derivatives/01/00/1bb,UNADJUSTEDNONRAW_thumb_1bb.jpg,-,-,-,315022,-,-,1088x722,-,-,5caf8ee4ce7685f651add9d53401e4f5
/Users/mac24/a/projects/fotos/keep/images/macbook2012/Pictures/Photos Library.photoslibrary/resources/proxies/derivatives/01/00/1bc,UNADJUSTEDNONRAW_mini_1bc.jpg,-,-,-,55713,-,-,254x382,-,-,e501f448ba73587f8663be20af46460c
/Users/mac24/a/projects/fotos/keep/images/macbook2012/Pictures/Photos Library.photoslibrary/resources/proxies/derivatives/01/00/1bc,UNADJUSTEDNONRAW_thumb_1bc.jpg,-,-,-,313720,-,-,722x1088,-,-,e375a2d8407387caf4549094d83442f4
/Users/mac24/a/projects/fotos/keep/images/macbook2012/Pictures/Photos Library.photoslibrary/resources/proxies/derivatives/01/00/1bd,UNADJUSTEDNONRAW_mini_1bd.jpg,-,-,-,60874,-,-,254x382,-,-,28b326a183af2c6ac322d9ab4c731f5d
/Users/mac24/a/projects/fotos/keep/images/macbook2012/Pictures/Photos Library.photoslibrary/resources/proxies/derivatives/01/00/1bd,UNADJUSTEDNONRAW_thumb_1bd.jpg,-,-,-,350265,-,-,722x1088,-,-,3ceed9431cc68ab038bd0f1aef30a1c4
/Users/mac24/a/projects/fotos/keep/images/macbook2012/Pictures/Photos Library.photoslibrary/resources/proxies/derivatives/01/00/1be,UNADJUSTEDNONRAW_mini_1be.jpg,-,-,-,39478,-,-,254x382,-,-,b6e4721128fe3c7c09d1674e8ffe7fe6
/Users/mac24/a/projects/fotos/keep/images/macbook2012/Pictures/Photos Library.photoslibrary/resources/proxies/derivatives/01/00/1be,UNADJUSTEDNONRAW_thumb_1be.jpg,-,-,-,211889,-,-,722x1088,-,-,0ba6ef47c2fc1982a567a238ce4ea8a1
/Users/mac24/a/projects/fotos/keep/images/macbook2012/Pictures/Photos Library.photoslibrary/resources/proxies/derivatives/01/00/1bf,UNADJUSTEDNONRAW_mini_1bf.jpg,-,-,-,69242,-,-,382x254,-,-,d9d2e2c8f720b11f114f4aea34ab68d1
/Users/mac24/a/projects/fotos/keep/images/macbook2012/Pictures/Photos Library.photoslibrary/resources/proxies/derivatives/01/00/1bf,UNADJUSTEDNONRAW_thumb_1bf.jpg,-,-,-,367040,-,-,1088x722,-,-,543f7d23f66335a8ed0b11fea570f12f
/Users/mac24/a/projects/fotos/keep/images/macbook2012/Pictures/Photos Library.photoslibrary/resources/proxies/derivatives/01/00/1c0,UNADJUSTEDNONRAW_mini_1c0.jpg,-,-,-,64725,-,-,382x254,-,-,b16afc7be139368b882037cdabffabd5
/Users/mac24/a/projects/fotos/keep/images/macbook2012/Pictures/Photos Library.photoslibrary/resources/proxies/derivatives/01/00/1c0,UNADJUSTEDNONRAW_thumb_1c0.jpg,-,-,-,351857,-,-,1088x722,-,-,b9a34ee7f1195b5448a1cfde2bfda0cf
/Users/mac24/a/projects/fotos/keep/images/macbook2012/Pictures/Photos Library.photoslibrary/resources/proxies/derivatives/01/00/1c1,UNADJUSTEDNONRAW_mini_1c1.jpg,-,-,-,72480,-,-,382x254,-,-,68490aa8d4a62825b7c2c54d9e3cbab6
/Users/mac24/a/projects/fotos/keep/images/macbook2012/Pictures/Photos Library.photoslibrary/resources/proxies/derivatives/01/00/1c1,UNADJUSTEDNONRAW_thumb_1c1.jpg,-,-,-,388894,-,-,1088x722,-,-,106e5d383537d6c9fe839ea01bca8cbf
/Users/mac24/a/projects/fotos/keep/images/macbook2012/Pictures/Photos Library.photoslibrary/resources/proxies/derivatives/01/00/1d5,UNADJUSTEDNONRAW_mini_1d5.jpg,-,-,-,45974,-,-,254x382,-,-,f4c724dc889ae251b79af9ef4a5af0f5
/Users/mac24/a/projects/fotos/keep/images/macbook2012/Pictures/Photos Library.photoslibrary/resources/proxies/derivatives/01/00/1d5,UNADJUSTEDNONRAW_thumb_1d5.jpg,-,-,-,219631,-,-,722x1088,-,-,515ded581a9f61afacd9ce7da573763a
/Users/mac24/a/projects/fotos/keep/images/macbook2012/Pictures/Photos Library.photoslibrary/resources/proxies/derivatives/01/00/1d7,UNADJUSTEDNONRAW_mini_1d7.jpg,-,-,-,38140,-,-,382x254,-,-,01a556743017615950d41e135588c413
/Users/mac24/a/projects/fotos/keep/images/macbook2012/Pictures/Photos Library.photoslibrary/resources/proxies/derivatives/01/00/1d7,UNADJUSTEDNONRAW_thumb_1d7.jpg,-,-,-,171814,-,-,1088x722,-,-,e56d0d804749d9561336d073af08d924
/Users/mac24/a/projects/fotos/keep/images/macbook2012/Pictures/Photos Library.photoslibrary/resources/proxies/derivatives/01/00/1d8,UNADJUSTEDNONRAW_mini_1d8.jpg,-,-,-,39137,-,-,254x382,-,-,edc8cb71321c148b917a4bd662ddaa26
/Users/mac24/a/projects/fotos/keep/images/macbook2012/Pictures/Photos Library.photoslibrary/resources/proxies/derivatives/01/00/1d8,UNADJUSTEDNONRAW_thumb_1d8.jpg,-,-,-,184925,-,-,722x1088,-,-,39a0955437fadab89181ff241675ec89
/Users/mac24/a/projects/fotos/keep/images/macbook2012/Pictures/Photos Library.photoslibrary/resources/proxies/derivatives/01/00/1d9,UNADJUSTEDNONRAW_mini_1d9.jpg,-,-,-,46928,-,-,382x254,-,-,28c9da8ad5222453528db528bce6a298
/Users/mac24/a/projects/fotos/keep/images/macbook2012/Pictures/Photos Library.photoslibrary/resources/proxies/derivatives/01/00/1d9,UNADJUSTEDNONRAW_thumb_1d9.jpg,-,-,-,205891,-,-,1088x722,-,-,5be6647c248b90ec57ea4076e862d643
/Users/mac24/a/projects/fotos/keep/images/macbook2012/Pictures/Photos Library.photoslibrary/resources/proxies/derivatives/01/00/1da,UNADJUSTEDNONRAW_mini_1da.jpg,-,-,-,30583,-,-,382x254,-,-,1ed8b5cec3cea142b5af8cbcda68c695
/Users/mac24/a/projects/fotos/keep/images/macbook2012/Pictures/Photos Library.photoslibrary/resources/proxies/derivatives/01/00/1da,UNADJUSTEDNONRAW_thumb_1da.jpg,-,-,-,139331,-,-,1088x722,-,-,308e631cba8242625bdc9dfa72ab2c0a
/Users/mac24/a/projects/fotos/keep/images/macbook2012/Pictures/Photos Library.photoslibrary/resources/proxies/derivatives/01/00/1dd,UNADJUSTEDNONRAW_mini_1dd.jpg,-,-,-,22291,-,-,382x254,-,-,c795fd8d422eafc7a3713c3acb214e3d
/Users/mac24/a/projects/fotos/keep/images/macbook2012/Pictures/Photos Library.photoslibrary/resources/proxies/derivatives/01/00/1dd,UNADJUSTEDNONRAW_thumb_1dd.jpg,-,-,-,148694,-,-,1088x722,-,-,3515ab9beb416ba4d9290e58a41eb11c
/Users/mac24/a/projects/fotos/keep/images/macbook2012/Pictures/Photos Library.photoslibrary/resources/proxies/derivatives/01/00/1de,UNADJUSTEDNONRAW_mini_1de.jpg,-,-,-,40446,-,-,254x382,-,-,944bccdde633d08d4be86a17e39cfa8a
/Users/mac24/a/projects/fotos/keep/images/macbook2012/Pictures/Photos Library.photoslibrary/resources/proxies/derivatives/01/00/1de,UNADJUSTEDNONRAW_thumb_1de.jpg,-,-,-,204632,-,-,722x1088,-,-,a0c4b883f2e65affad896a70d12f5e35
/Users/mac24/a/projects/fotos/keep/images/macbook2012/Pictures/Photos Library.photoslibrary/resources/proxies/derivatives/01/00/1df,UNADJUSTEDNONRAW_mini_1df.jpg,-,-,-,57163,-,-,382x254,-,-,2c7953448aa4f20da4ed04cd9352fd15
/Users/mac24/a/projects/fotos/keep/images/macbook2012/Pictures/Photos Library.photoslibrary/resources/proxies/derivatives/01/00/1df,UNADJUSTEDNONRAW_thumb_1df.jpg,-,-,-,300824,-,-,1088x722,-,-,a059f2b3980b08fa8c6e4c73eebb64f7
/Users/mac24/a/projects/fotos/keep/images/macbook2012/Pictures/Photos Library.photoslibrary/resources/proxies/derivatives/01/00/1e0,UNADJUSTEDNONRAW_mini_1e0.jpg,-,-,-,33298,-,-,254x382,-,-,573d3593f930ae81b1afe8ba55c8305e
/Users/mac24/a/projects/fotos/keep/images/macbook2012/Pictures/Photos Library.photoslibrary/resources/proxies/derivatives/01/00/1e0,UNADJUSTEDNONRAW_thumb_1e0.jpg,-,-,-,176794,-,-,722x1088,-,-,d66f630018103ece69f85de2b43b8b6f
/Users/mac24/a/projects/fotos/keep/images/macbook2012/Pictures/Photos Library.photoslibrary/resources/proxies/derivatives/01/00/1e2,UNADJUSTEDNONRAW_mini_1e2.jpg,-,-,-,22507,-,-,381x254,-,-,6bc862c9054fc09c02bf022f8325b652
/Users/mac24/a/projects/fotos/keep/images/macbook2012/Pictures/Photos Library.photoslibrary/resources/proxies/derivatives/01/00/1e2,UNADJUSTEDNONRAW_thumb_1e2.jpg,-,-,-,110981,-,-,1086x724,-,-,f5f3e848eb61d016a0dd4f1c3de19e8f
/Users/mac24/a/projects/fotos/keep/images/macbook2012/Pictures/Photos Library.photoslibrary/resources/proxies/derivatives/01/00/1e3,UNADJUSTEDNONRAW_mini_1e3.jpg,-,-,-,43924,-,-,382x254,-,-,866096e420dbbd8366f987f1604b37a3
/Users/mac24/a/projects/fotos/keep/images/macbook2012/Pictures/Photos Library.photoslibrary/resources/proxies/derivatives/01/00/1e3,UNADJUSTEDNONRAW_thumb_1e3.jpg,-,-,-,231705,-,-,1088x722,-,-,5386cda2ce57388f07ed5234e77e1df6
/Users/mac24/a/projects/fotos/keep/images/macbook2012/Pictures/Photos Library.photoslibrary/resources/proxies/derivatives/01/00/1e5,UNADJUSTEDNONRAW_mini_1e5.jpg,-,-,-,63310,-,-,382x254,-,-,07f4c411727caa291683848f2d1c17b0
/Users/mac24/a/projects/fotos/keep/images/macbook2012/Pictures/Photos Library.photoslibrary/resources/proxies/derivatives/01/00/1e5,UNADJUSTEDNONRAW_thumb_1e5.jpg,-,-,-,331258,-,-,1088x722,-,-,132b129ade7b98f52695b98228aedb30
/Users/mac24/a/projects/fotos/keep/images/macbook2012/Pictures/Photos Library.photoslibrary/resources/proxies/derivatives/01/00/1e6,UNADJUSTEDNONRAW_mini_1e6.jpg,-,-,-,36248,-,-,382x254,-,-,08da2a1ace0842806e61999e52ae2c42
/Users/mac24/a/projects/fotos/keep/images/macbook2012/Pictures/Photos Library.photoslibrary/resources/proxies/derivatives/01/00/1e6,UNADJUSTEDNONRAW_thumb_1e6.jpg,-,-,-,158768,-,-,1088x722,-,-,275414e4ddd3ab0b4fe15e372c802b50
/Users/mac24/a/projects/fotos/keep/images/macbook2012/Pictures/Photos Library.photoslibrary/resources/proxies/derivatives/01/00/1e7,UNADJUSTEDNONRAW_mini_1e7.jpg,-,-,-,35040,-,-,382x254,-,-,ee0dd93824fbc41dc7aea1233fadc7d1
/Users/mac24/a/projects/fotos/keep/images/macbook2012/Pictures/Photos Library.photoslibrary/resources/proxies/derivatives/01/00/1e7,UNADJUSTEDNONRAW_thumb_1e7.jpg,-,-,-,156929,-,-,1088x722,-,-,000f538fb5340552a4007e3468463577
/Users/mac24/a/projects/fotos/keep/images/macbook2012/Pictures/Photos Library.photoslibrary/resources/proxies/derivatives/01/00/1e8,UNADJUSTEDNONRAW_mini_1e8.jpg,-,-,-,34315,-,-,254x382,-,-,53da04f9d22bf6eb6faa676219634243
/Users/mac24/a/projects/fotos/keep/images/macbook2012/Pictures/Photos Library.photoslibrary/resources/proxies/derivatives/01/00/1e8,UNADJUSTEDNONRAW_thumb_1e8.jpg,-,-,-,156600,-,-,722x1088,-,-,42c4e687cbc2db13279ca27ff17461ac
/Users/mac24/a/projects/fotos/keep/images/macbook2012/Pictures/Photos Library.photoslibrary/resources/proxies/derivatives/01/00/1e9,UNADJUSTEDNONRAW_mini_1e9.jpg,-,-,-,34408,-,-,254x382,-,-,e4d95051739fcb201cb4414f4b38ff00
/Users/mac24/a/projects/fotos/keep/images/macbook2012/Pictures/Photos Library.photoslibrary/resources/proxies/derivatives/01/00/1e9,UNADJUSTEDNONRAW_thumb_1e9.jpg,-,-,-,175043,-,-,722x1088,-,-,6183ecd46c9d96c203997ec3774263c5
/Users/mac24/a/projects/fotos/keep/images/macbook2012/Pictures/Photos Library.photoslibrary/resources/proxies/derivatives/01/00/1ea,UNADJUSTEDNONRAW_mini_1ea.jpg,-,-,-,37189,-,-,254x382,-,-,dbe847d3357aabeb521b07ecd7a13fe6
/Users/mac24/a/projects/fotos/keep/images/macbook2012/Pictures/Photos Library.photoslibrary/resources/proxies/derivatives/01/00/1ea,UNADJUSTEDNONRAW_thumb_1ea.jpg,-,-,-,197607,-,-,722x1088,-,-,00d79fd327a8257f82fb0d4ab3dee1a5
/Users/mac24/a/projects/fotos/keep/images/macbook2012/Pictures/Photos Library.photoslibrary/resources/proxies/derivatives/01/00/1eb,UNADJUSTEDNONRAW_mini_1eb.jpg,-,-,-,40362,-,-,254x382,-,-,1c10b0b9029e7146866931efa974c7db
/Users/mac24/a/projects/fotos/keep/images/macbook2012/Pictures/Photos Library.photoslibrary/resources/proxies/derivatives/01/00/1eb,UNADJUSTEDNONRAW_thumb_1eb.jpg,-,-,-,212759,-,-,722x1088,-,-,e89c823242c1bf06e44b4873f2575ec2
/Users/mac24/a/projects/fotos/keep/images/macbook2012/Pictures/Photos Library.photoslibrary/resources/proxies/derivatives/01/00/1ec,UNADJUSTEDNONRAW_mini_1ec.jpg,-,-,-,40142,-,-,254x382,-,-,21e308a10f95488e771685cbe87b7061
/Users/mac24/a/projects/fotos/keep/images/macbook2012/Pictures/Photos Library.photoslibrary/resources/proxies/derivatives/01/00/1ec,UNADJUSTEDNONRAW_thumb_1ec.jpg,-,-,-,210113,-,-,722x1088,-,-,e878c6343830457aa47027c55190be42
/Users/mac24/a/projects/fotos/keep/images/macbook2012/Pictures/Photos Library.photoslibrary/resources/proxies/derivatives/01/00/1ed,UNADJUSTEDNONRAW_mini_1ed.jpg,-,-,-,43173,-,-,382x254,-,-,3c7c8a633494cdf6651796a2ec72342a
/Users/mac24/a/projects/fotos/keep/images/macbook2012/Pictures/Photos Library.photoslibrary/resources/proxies/derivatives/01/00/1ed,UNADJUSTEDNONRAW_thumb_1ed.jpg,-,-,-,226167,-,-,1088x722,-,-,c0b592be9c7a4336acb7d5d5035f54d2
/Users/mac24/a/projects/fotos/keep/images/macbook2012/Pictures/Photos Library.photoslibrary/resources/proxies/derivatives/01/00/1ee,UNADJUSTEDNONRAW_mini_1ee.jpg,-,-,-,37373,-,-,382x254,-,-,ea6cf87b85b6444ab4931df2e71e392b
/Users/mac24/a/projects/fotos/keep/images/macbook2012/Pictures/Photos Library.photoslibrary/resources/proxies/derivatives/01/00/1ee,UNADJUSTEDNONRAW_thumb_1ee.jpg,-,-,-,205821,-,-,1088x722,-,-,684e1dade746fd219b16b7895067d913
/Users/mac24/a/projects/fotos/keep/images/macbook2012/Pictures/Photos Library.photoslibrary/resources/proxies/derivatives/01/00/1ef,UNADJUSTEDNONRAW_mini_1ef.jpg,-,-,-,45054,-,-,382x254,-,-,b62b827594f78702aec1f01fa4e2380e
/Users/mac24/a/projects/fotos/keep/images/macbook2012/Pictures/Photos Library.photoslibrary/resources/proxies/derivatives/01/00/1ef,UNADJUSTEDNONRAW_thumb_1ef.jpg,-,-,-,236839,-,-,1088x722,-,-,e17580e4c2e945c71f2e06a4f4a73c26
/Users/mac24/a/projects/fotos/keep/images/macbook2012/Pictures/Photos Library.photoslibrary/resources/proxies/derivatives/01/00/1f0,UNADJUSTEDNONRAW_mini_1f0.jpg,-,-,-,32724,-,-,382x254,-,-,7714a3f47cc2f90042bb5c97b980d5d4
/Users/mac24/a/projects/fotos/keep/images/macbook2012/Pictures/Photos Library.photoslibrary/resources/proxies/derivatives/01/00/1f0,UNADJUSTEDNONRAW_thumb_1f0.jpg,-,-,-,182692,-,-,1088x722,-,-,09046b954fa2f84a4241b7cae7758b9f
/Users/mac24/a/projects/fotos/keep/images/macbook2012/Pictures/Photos Library.photoslibrary/resources/proxies/derivatives/01/00/1f1,UNADJUSTEDNONRAW_mini_1f1.jpg,-,-,-,37662,-,-,382x254,-,-,44d84f18c0f3b933f91dea1ac4021a2a
/Users/mac24/a/projects/fotos/keep/images/macbook2012/Pictures/Photos Library.photoslibrary/resources/proxies/derivatives/01/00/1f1,UNADJUSTEDNONRAW_thumb_1f1.jpg,-,-,-,210755,-,-,1088x722,-,-,a9c2ec469fd07fbeae6cacda49c27656
/Users/mac24/a/projects/fotos/keep/images/macbook2012/Pictures/Photos Library.photoslibrary/resources/proxies/derivatives/01/00/1f2,UNADJUSTEDNONRAW_mini_1f2.jpg,-,-,-,42352,-,-,382x254,-,-,30d8d7f678adb74654606cffbe551569
/Users/mac24/a/projects/fotos/keep/images/macbook2012/Pictures/Photos Library.photoslibrary/resources/proxies/derivatives/01/00/1f2,UNADJUSTEDNONRAW_thumb_1f2.jpg,-,-,-,213607,-,-,1088x722,-,-,a6478169316e14720b387da99ad80790
/Users/mac24/a/projects/fotos/keep/images/macbook2012/Pictures/Photos Library.photoslibrary/resources/proxies/derivatives/01/00/1f3,UNADJUSTEDNONRAW_mini_1f3.jpg,-,-,-,40727,-,-,382x254,-,-,f0b4dd5abd1fd566ef64d5236176fc65
/Users/mac24/a/projects/fotos/keep/images/macbook2012/Pictures/Photos Library.photoslibrary/resources/proxies/derivatives/01/00/1f3,UNADJUSTEDNONRAW_thumb_1f3.jpg,-,-,-,203676,-,-,1088x722,-,-,95958b945959ef2960899902f7729822
/Users/mac24/a/projects/fotos/keep/images/macbook2012/Pictures/Photos Library.photoslibrary/resources/proxies/derivatives/01/00/1f4,UNADJUSTEDNONRAW_mini_1f4.jpg,-,-,-,45595,-,-,382x254,-,-,33b8d89a1ecb005647608311eb531867
/Users/mac24/a/projects/fotos/keep/images/macbook2012/Pictures/Photos Library.photoslibrary/resources/proxies/derivatives/01/00/1f4,UNADJUSTEDNONRAW_thumb_1f4.jpg,-,-,-,241750,-,-,1088x722,-,-,46bab08633e9956de531b0983087f18e
/Users/mac24/a/projects/fotos/keep/images/macbook2012/Pictures/Photos Library.photoslibrary/resources/proxies/derivatives/01/00/1f5,UNADJUSTEDNONRAW_mini_1f5.jpg,-,-,-,42748,-,-,382x254,-,-,126457e9672bc934a240344cc4e00139
/Users/mac24/a/projects/fotos/keep/images/macbook2012/Pictures/Photos Library.photoslibrary/resources/proxies/derivatives/01/00/1f5,UNADJUSTEDNONRAW_thumb_1f5.jpg,-,-,-,228776,-,-,1088x722,-,-,9bb159c854e0d3b04231401cd51603ef
/Users/mac24/a/projects/fotos/keep/images/macbook2012/Pictures/Photos Library.photoslibrary/resources/proxies/derivatives/01/00/1f6,UNADJUSTEDNONRAW_mini_1f6.jpg,-,-,-,40821,-,-,254x382,-,-,6bcfca73dd935d9fd24bc10737e0011a
/Users/mac24/a/projects/fotos/keep/images/macbook2012/Pictures/Photos Library.photoslibrary/resources/proxies/derivatives/01/00/1f6,UNADJUSTEDNONRAW_thumb_1f6.jpg,-,-,-,203538,-,-,722x1088,-,-,0ea4e309505872269151e6ca639dfc26
/Users/mac24/a/projects/fotos/keep/images/macbook2012/Pictures/Photos Library.photoslibrary/resources/proxies/derivatives/01/00/1f7,UNADJUSTEDNONRAW_mini_1f7.jpg,-,-,-,41437,-,-,254x382,-,-,4baf19a267b752e1868f18d64304169a
/Users/mac24/a/projects/fotos/keep/images/macbook2012/Pictures/Photos Library.photoslibrary/resources/proxies/derivatives/01/00/1f7,UNADJUSTEDNONRAW_thumb_1f7.jpg,-,-,-,217818,-,-,722x1088,-,-,c97e290baec5afdb4ed9cc7afa18f476
/Users/mac24/a/projects/fotos/keep/images/macbook2012/Pictures/Photos Library.photoslibrary/resources/proxies/derivatives/01/00/1f8,UNADJUSTEDNONRAW_mini_1f8.jpg,-,-,-,40885,-,-,254x382,-,-,867c50e4cae2523213240c72e26f677a
/Users/mac24/a/projects/fotos/keep/images/macbook2012/Pictures/Photos Library.photoslibrary/resources/proxies/derivatives/01/00/1f8,UNADJUSTEDNONRAW_thumb_1f8.jpg,-,-,-,240800,-,-,722x1088,-,-,d4a618be5ff7473c8ed87b8871e5fb1d
/Users/mac24/a/projects/fotos/keep/images/macbook2012/Pictures/Photos Library.photoslibrary/resources/proxies/derivatives/01/00/1f9,UNADJUSTEDNONRAW_mini_1f9.jpg,-,-,-,29745,-,-,254x382,-,-,d1af8d870f9a9942c216a893b79788a9
/Users/mac24/a/projects/fotos/keep/images/macbook2012/Pictures/Photos Library.photoslibrary/resources/proxies/derivatives/01/00/1f9,UNADJUSTEDNONRAW_thumb_1f9.jpg,-,-,-,138201,-,-,722x1088,-,-,ea16aa118d28a9e43f34a47cc5baf5f6
/Users/mac24/a/projects/fotos/keep/images/macbook2012/Pictures/Photos Library.photoslibrary/resources/proxies/derivatives/01/00/1fa,UNADJUSTEDNONRAW_mini_1fa.jpg,-,-,-,41120,-,-,254x382,-,-,00469be8cac85cbb6c3ea9c60d8fdf3f
/Users/mac24/a/projects/fotos/keep/images/macbook2012/Pictures/Photos Library.photoslibrary/resources/proxies/derivatives/01/00/1fa,UNADJUSTEDNONRAW_thumb_1fa.jpg,-,-,-,206635,-,-,722x1088,-,-,1f98f2ac86b19a2a937635c3237f6e4b
/Users/mac24/a/projects/fotos/keep/images/macbook2012/Pictures/Photos Library.photoslibrary/resources/proxies/derivatives/01/00/1fb,UNADJUSTEDNONRAW_mini_1fb.jpg,-,-,-,57926,-,-,254x382,-,-,f3c42f0292fa6f1a5f87621a0a70b8a2
/Users/mac24/a/projects/fotos/keep/images/macbook2012/Pictures/Photos Library.photoslibrary/resources/proxies/derivatives/01/00/1fb,UNADJUSTEDNONRAW_thumb_1fb.jpg,-,-,-,334349,-,-,722x1088,-,-,622f885038a64f774f59ae84184d8a15
/Users/mac24/a/projects/fotos/keep/images/macbook2012/Pictures/Photos Library.photoslibrary/resources/proxies/derivatives/01/00/1fc,UNADJUSTEDNONRAW_mini_1fc.jpg,-,-,-,59044,-,-,254x382,-,-,0361d2bb5a1ccdaed212364adfed3a9e
/Users/mac24/a/projects/fotos/keep/images/macbook2012/Pictures/Photos Library.photoslibrary/resources/proxies/derivatives/01/00/1fc,UNADJUSTEDNONRAW_thumb_1fc.jpg,-,-,-,327224,-,-,722x1088,-,-,5deb33f543b2d726a3170b2af47c82b2
/Users/mac24/a/projects/fotos/keep/images/macbook2012/Pictures/Photos Library.photoslibrary/resources/proxies/derivatives/01/00/1fd,UNADJUSTEDNONRAW_mini_1fd.jpg,-,-,-,48796,-,-,382x254,-,-,0219947c1eb3cdabf24e576b3949989b
/Users/mac24/a/projects/fotos/keep/images/macbook2012/Pictures/Photos Library.photoslibrary/resources/proxies/derivatives/01/00/1fd,UNADJUSTEDNONRAW_thumb_1fd.jpg,-,-,-,273367,-,-,1088x722,-,-,e83ad9f7bd072a8e7ac9acb5eea8f39d
/Users/mac24/a/projects/fotos/keep/images/macbook2012/Pictures/Photos Library.photoslibrary/resources/proxies/derivatives/01/00/1fe,UNADJUSTEDNONRAW_mini_1fe.jpg,-,-,-,67416,-,-,254x382,-,-,07cb9ff3eab4fc3a819cc8f0a6aae3b3
/Users/mac24/a/projects/fotos/keep/images/macbook2012/Pictures/Photos Library.photoslibrary/resources/proxies/derivatives/01/00/1fe,UNADJUSTEDNONRAW_thumb_1fe.jpg,-,-,-,336083,-,-,722x1088,-,-,49d438891372d54536413b6e938e174b
/Users/mac24/a/projects/fotos/keep/images/macbook2012/Pictures/Photos Library.photoslibrary/resources/proxies/derivatives/01/00/1ff,UNADJUSTEDNONRAW_mini_1ff.jpg,-,-,-,57490,-,-,254x382,-,-,be76c214e1905d464d256f623d8d8ece
/Users/mac24/a/projects/fotos/keep/images/macbook2012/Pictures/Photos Library.photoslibrary/resources/proxies/derivatives/01/00/1ff,UNADJUSTEDNONRAW_thumb_1ff.jpg,-,-,-,389563,-,-,722x1088,-,-,780762765355af127fcb8ce7cecabcca
/Users/mac24/a/projects/fotos/keep/images/macbook2012/Pictures/Photos Library.photoslibrary/resources/proxies/derivatives/02/00/200,UNADJUSTEDNONRAW_mini_200.jpg,-,-,-,45325,-,-,254x382,-,-,3b1592f1fb6910f7347d932ba0931197
/Users/mac24/a/projects/fotos/keep/images/macbook2012/Pictures/Photos Library.photoslibrary/resources/proxies/derivatives/02/00/200,UNADJUSTEDNONRAW_thumb_200.jpg,-,-,-,246358,-,-,722x1088,-,-,2de08ce231c1a846f15d2909fb8bff5e
/Users/mac24/a/projects/fotos/keep/images/macbook2012/Pictures/Photos Library.photoslibrary/resources/proxies/derivatives/02/00/201,UNADJUSTEDNONRAW_mini_201.jpg,-,-,-,46613,-,-,382x254,-,-,f306120a130923bc5de7240048f7f5c9
/Users/mac24/a/projects/fotos/keep/images/macbook2012/Pictures/Photos Library.photoslibrary/resources/proxies/derivatives/02/00/201,UNADJUSTEDNONRAW_thumb_201.jpg,-,-,-,320073,-,-,1088x722,-,-,cf60e9ace840baa7da64623843d641e8
/Users/mac24/a/projects/fotos/keep/images/macbook2012/Pictures/Photos Library.photoslibrary/resources/proxies/derivatives/02/00/202,UNADJUSTEDNONRAW_mini_202.jpg,-,-,-,57893,-,-,382x254,-,-,5c79714570872648162a665ff21069e4
/Users/mac24/a/projects/fotos/keep/images/macbook2012/Pictures/Photos Library.photoslibrary/resources/proxies/derivatives/02/00/202,UNADJUSTEDNONRAW_thumb_202.jpg,-,-,-,267943,-,-,1088x722,-,-,8087f70d59a508b8afe7210e6dbedf2f
/Users/mac24/a/projects/fotos/keep/images/macbook2012/Pictures/Photos Library.photoslibrary/resources/proxies/derivatives/02/00/204,UNADJUSTEDNONRAW_mini_204.jpg,-,-,-,34326,-,-,254x382,-,-,3c65778d515de76a4bbf02ceb454d5bf
/Users/mac24/a/projects/fotos/keep/images/macbook2012/Pictures/Photos Library.photoslibrary/resources/proxies/derivatives/02/00/204,UNADJUSTEDNONRAW_thumb_204.jpg,-,-,-,160765,-,-,722x1088,-,-,42f2f6fc2b57ad283a73d913786af8cc
/Users/mac24/a/projects/fotos/keep/images/macbook2012/Pictures/Photos Library.photoslibrary/resources/proxies/derivatives/02/00/205,UNADJUSTEDNONRAW_mini_205.jpg,-,-,-,31073,-,-,382x254,-,-,ce53e4aea102b2799dee86ccd05f983b
/Users/mac24/a/projects/fotos/keep/images/macbook2012/Pictures/Photos Library.photoslibrary/resources/proxies/derivatives/02/00/205,UNADJUSTEDNONRAW_thumb_205.jpg,-,-,-,136853,-,-,1088x722,-,-,e382805040f1d66ab842c592ed09e026
/Users/mac24/a/projects/fotos/keep/images/macbook2012/Pictures/Photos Library.photoslibrary/resources/proxies/derivatives/02/00/206,UNADJUSTEDNONRAW_mini_206.jpg,-,-,-,63108,-,-,254x382,-,-,f601efaa1a2d6e72df544190ff3b2832
/Users/mac24/a/projects/fotos/keep/images/macbook2012/Pictures/Photos Library.photoslibrary/resources/proxies/derivatives/02/00/206,UNADJUSTEDNONRAW_thumb_206.jpg,-,-,-,434671,-,-,722x1088,-,-,aeb607f8148a4acfec689264e3bfa8f4
/Users/mac24/a/projects/fotos/keep/images/macbook2012/Pictures/Photos Library.photoslibrary/resources/proxies/derivatives/02/00/207,UNADJUSTEDNONRAW_mini_207.jpg,-,-,-,62129,-,-,382x254,-,-,dbb398fc354e027f3a00e1d778408789
/Users/mac24/a/projects/fotos/keep/images/macbook2012/Pictures/Photos Library.photoslibrary/resources/proxies/derivatives/02/00/207,UNADJUSTEDNONRAW_thumb_207.jpg,-,-,-,363498,-,-,1088x722,-,-,91fa7e2f7d5f9aecd7d04ee770373a98
/Users/mac24/a/projects/fotos/keep/images/macbook2012/Pictures/Photos Library.photoslibrary/resources/proxies/derivatives/02/00/208,UNADJUSTEDNONRAW_mini_208.jpg,-,-,-,68059,-,-,382x254,-,-,09ea94766279309483035e7ad3c82d62
/Users/mac24/a/projects/fotos/keep/images/macbook2012/Pictures/Photos Library.photoslibrary/resources/proxies/derivatives/02/00/208,UNADJUSTEDNONRAW_thumb_208.jpg,-,-,-,370466,-,-,1088x722,-,-,a677d45a902b1028e164400faf5a147e
/Users/mac24/a/projects/fotos/keep/images/macbook2012/Pictures/Photos Library.photoslibrary/resources/proxies/derivatives/02/00/20b,UNADJUSTEDNONRAW_mini_20b.jpg,-,-,-,61097,-,-,382x254,-,-,00a9ec9773ff349f6f412ba20d784fb9
/Users/mac24/a/projects/fotos/keep/images/macbook2012/Pictures/Photos Library.photoslibrary/resources/proxies/derivatives/02/00/20b,UNADJUSTEDNONRAW_thumb_20b.jpg,-,-,-,349653,-,-,1088x722,-,-,e3e568aca70a1c1a0a2887336af60f4d
/Users/mac24/a/projects/fotos/keep/images/macbook2012/Pictures/Photos Library.photoslibrary/resources/proxies/derivatives/02/00/20c,UNADJUSTEDNONRAW_mini_20c.jpg,-,-,-,56929,-,-,382x254,-,-,94a9c9d2fdae8913cbdaac19857f20bf
/Users/mac24/a/projects/fotos/keep/images/macbook2012/Pictures/Photos Library.photoslibrary/resources/proxies/derivatives/02/00/20c,UNADJUSTEDNONRAW_thumb_20c.jpg,-,-,-,309489,-,-,1088x722,-,-,61ac2da1663288598557aa5edcc5772c
/Users/mac24/a/projects/fotos/keep/images/macbook2012/Pictures/Photos Library.photoslibrary/resources/proxies/derivatives/02/00/20d,UNADJUSTEDNONRAW_mini_20d.jpg,-,-,-,62986,-,-,254x382,-,-,7205e5962cdebc5cb00c3233d7ac3164
/Users/mac24/a/projects/fotos/keep/images/macbook2012/Pictures/Photos Library.photoslibrary/resources/proxies/derivatives/02/00/20d,UNADJUSTEDNONRAW_thumb_20d.jpg,-,-,-,315447,-,-,722x1088,-,-,93a6081b84db7c5b479a180305c2a8ac
/Users/mac24/a/projects/fotos/keep/images/macbook2012/Pictures/Photos Library.photoslibrary/resources/proxies/derivatives/02/00/20e,UNADJUSTEDNONRAW_mini_20e.jpg,-,-,-,76120,-,-,382x254,-,-,03acdebc983eece1567c5ba957539fda
/Users/mac24/a/projects/fotos/keep/images/macbook2012/Pictures/Photos Library.photoslibrary/resources/proxies/derivatives/02/00/20e,UNADJUSTEDNONRAW_thumb_20e.jpg,-,-,-,448401,-,-,1088x722,-,-,0515791a8de056cd6f6f42c13e992400
/Users/mac24/a/projects/fotos/keep/images/macbook2012/Pictures/Photos Library.photoslibrary/resources/proxies/derivatives/02/00/20f,UNADJUSTEDNONRAW_mini_20f.jpg,-,-,-,70253,-,-,254x382,-,-,f61d19dbb7514ea757f9b86ff3dcde22
/Users/mac24/a/projects/fotos/keep/images/macbook2012/Pictures/Photos Library.photoslibrary/resources/proxies/derivatives/02/00/20f,UNADJUSTEDNONRAW_thumb_20f.jpg,-,-,-,361479,-,-,722x1088,-,-,fd49500fccc37611bcd3252be226164f
/Users/mac24/a/projects/fotos/keep/images/macbook2012/Pictures/Photos Library.photoslibrary/resources/proxies/derivatives/02/00/210,UNADJUSTEDNONRAW_mini_210.jpg,-,-,-,56590,-,-,254x382,-,-,ea4755042c5b5d5869ca59c44f91afa7
/Users/mac24/a/projects/fotos/keep/images/macbook2012/Pictures/Photos Library.photoslibrary/resources/proxies/derivatives/02/00/210,UNADJUSTEDNONRAW_thumb_210.jpg,-,-,-,253348,-,-,722x1088,-,-,e5408f76eaab1e7eebc79efa14222c99
/Users/mac24/a/projects/fotos/keep/images/macbook2012/Pictures/Photos Library.photoslibrary/resources/proxies/derivatives/02/00/211,UNADJUSTEDNONRAW_mini_211.jpg,-,-,-,60196,-,-,254x382,-,-,5c688cffd007fdf19f8a9a8d08d09fec
/Users/mac24/a/projects/fotos/keep/images/macbook2012/Pictures/Photos Library.photoslibrary/resources/proxies/derivatives/02/00/211,UNADJUSTEDNONRAW_thumb_211.jpg,-,-,-,317460,-,-,722x1088,-,-,3c69d47c583c83f9f378cc0d94d51b2d
/Users/mac24/a/projects/fotos/keep/images/macbook2012/Pictures/Photos Library.photoslibrary/resources/proxies/derivatives/02/00/218,UNADJUSTEDNONRAW_mini_218.jpg,-,-,-,55713,-,-,382x254,-,-,2185c8b897bd0ddaa09c9caf4631d95a
/Users/mac24/a/projects/fotos/keep/images/macbook2012/Pictures/Photos Library.photoslibrary/resources/proxies/derivatives/02/00/218,UNADJUSTEDNONRAW_thumb_218.jpg,-,-,-,259133,-,-,1088x722,-,-,6363013420bd1f744b01462ea990fe27
/Users/mac24/a/projects/fotos/keep/images/macbook2012/Pictures/Photos Library.photoslibrary/resources/proxies/derivatives/02/00/21a,UNADJUSTEDNONRAW_mini_21a.jpg,-,-,-,26813,-,-,382x254,-,-,8dcafa46e5998d27976fa511a0672333
/Users/mac24/a/projects/fotos/keep/images/macbook2012/Pictures/Photos Library.photoslibrary/resources/proxies/derivatives/02/00/21a,UNADJUSTEDNONRAW_thumb_21a.jpg,-,-,-,166676,-,-,1088x722,-,-,1c0ae7dd15a8214eb381714885a2a32f
/Users/mac24/a/projects/fotos/keep/images/macbook2012/Pictures/Photos Library.photoslibrary/resources/proxies/derivatives/02/00/21b,UNADJUSTEDNONRAW_mini_21b.jpg,-,-,-,30432,-,-,382x254,-,-,30d6cb7889058f84427bc84ad1278939
/Users/mac24/a/projects/fotos/keep/images/macbook2012/Pictures/Photos Library.photoslibrary/resources/proxies/derivatives/02/00/21b,UNADJUSTEDNONRAW_thumb_21b.jpg,-,-,-,205787,-,-,1088x722,-,-,01d3e96fc99fdb0ec78721a7f3ee7094
/Users/mac24/a/projects/fotos/keep/images/macbook2012/Pictures/Photos Library.photoslibrary/resources/proxies/derivatives/02/00/21c,UNADJUSTEDNONRAW_mini_21c.jpg,-,-,-,30311,-,-,382x254,-,-,bda85869454b1164390b04e2f8ae9c3c
/Users/mac24/a/projects/fotos/keep/images/macbook2012/Pictures/Photos Library.photoslibrary/resources/proxies/derivatives/02/00/21c,UNADJUSTEDNONRAW_thumb_21c.jpg,-,-,-,137816,-,-,1088x722,-,-,fd4b06ebff4faa685576b75235af36b8
/Users/mac24/a/projects/fotos/keep/images/macbook2012/Pictures/Photos Library.photoslibrary/resources/proxies/derivatives/02/00/21d,UNADJUSTEDNONRAW_mini_21d.jpg,-,-,-,25687,-,-,254x382,-,-,5a2191be39fa230a7375ffdeb3528000
/Users/mac24/a/projects/fotos/keep/images/macbook2012/Pictures/Photos Library.photoslibrary/resources/proxies/derivatives/02/00/21d,UNADJUSTEDNONRAW_thumb_21d.jpg,-,-,-,149272,-,-,722x1088,-,-,ea2b1e4d855e5b1ca65755deb801ed28
/Users/mac24/a/projects/fotos/keep/images/macbook2012/Pictures/Photos Library.photoslibrary/resources/proxies/derivatives/02/00/21e,UNADJUSTEDNONRAW_mini_21e.jpg,-,-,-,40297,-,-,254x382,-,-,6035f7e69c02f36320668ec9b984ae97
/Users/mac24/a/projects/fotos/keep/images/macbook2012/Pictures/Photos Library.photoslibrary/resources/proxies/derivatives/02/00/21e,UNADJUSTEDNONRAW_thumb_21e.jpg,-,-,-,271563,-,-,722x1088,-,-,2b397587e0173078d0472c84e70ebbd6
/Users/mac24/a/projects/fotos/keep/images/macbook2012/Pictures/Photos Library.photoslibrary/resources/proxies/derivatives/02/00/220,UNADJUSTEDNONRAW_mini_220.jpg,-,-,-,72702,-,-,254x382,-,-,5fc6f02f87256bdf558e7a93a19d746d
/Users/mac24/a/projects/fotos/keep/images/macbook2012/Pictures/Photos Library.photoslibrary/resources/proxies/derivatives/02/00/220,UNADJUSTEDNONRAW_thumb_220.jpg,-,-,-,388927,-,-,722x1088,-,-,44e2d0661b284f74a2a2eb4626bdea64
/Users/mac24/a/projects/fotos/keep/images/macbook2012/Pictures/Photos Library.photoslibrary/resources/proxies/derivatives/02/00/221,UNADJUSTEDNONRAW_mini_221.jpg,-,-,-,64906,-,-,254x382,-,-,aa5770e6635f480453e2a8495bb991e7
/Users/mac24/a/projects/fotos/keep/images/macbook2012/Pictures/Photos Library.photoslibrary/resources/proxies/derivatives/02/00/221,UNADJUSTEDNONRAW_thumb_221.jpg,-,-,-,390067,-,-,722x1088,-,-,44c097ff5db34ef3715d93e93da05357
/Users/mac24/a/projects/fotos/keep/images/macbook2012/Pictures/Photos Library.photoslibrary/resources/proxies/derivatives/02/00/222,UNADJUSTEDNONRAW_mini_222.jpg,-,-,-,39795,-,-,382x254,-,-,3d0d839d55703e99c0f97505c1d1f359
/Users/mac24/a/projects/fotos/keep/images/macbook2012/Pictures/Photos Library.photoslibrary/resources/proxies/derivatives/02/00/222,UNADJUSTEDNONRAW_thumb_222.jpg,-,-,-,229101,-,-,1088x722,-,-,59046ba3687040b44e1ba75053acdf5b
/Users/mac24/a/projects/fotos/keep/images/macbook2012/pwvweb/csv/docs,fsm.png,-,-,-,52958,-,-,727x700,-,-,995ca4fac634b0ae7ff340e2776aad67
/Users/mac24/a/projects/fotos/keep/images/movies_notApple,IMG_0002.mp4,2010-04-26 01:39:07,-,0:02:38,52873603,-,-,640x480,-,-,facbd3f9c2e28a55d29237c452659d93
/Users/mac24/a/projects/fotos/keep/images/movies_notApple,Laurie Anderson - Home Of The Brave (1986) FULL.mp4,2012-09-09 10:20:38,-,1:30:51,296884406,-,-,450x360,-,-,4f6d3ee18a1e3d6d10200484b4e5df25
/Users/mac24/a/projects/fotos/keep/images/movies_notApple,VegasInSpace.mp4,2018-12-29 21:48:14,-,1:36:50,1183577952,-,-,640x480,-,-,d115d3d94ceebcf6a24670e3c203fd48
/Users/mac24/a/projects/fotos/keep/images/movies_notApple/RealPlayer Downloads,» Bruce Sterling talk at Reboot 11 Open Buddha.mp4,2009-07-02 06:12:02,-,0:43:25,162114166,-,-,640x360,-,-,78ac4c115c6757150d17d65ee7859e22
/Users/mac24/a/projects/fotos/keep/images/movies_notApple/RealPlayer Downloads,"NPR Music_ New Music, Songs and Music News _ NPR.mp4",2011-02-16 13:30:45,-,0:17:18,314112471,-,-,853x480,-,-,fdc09e255dcb86d302a249ab0f30b17c
/Users/mac24/a/projects/fotos/keep/images/movies_notApple/RealPlayer Downloads,#109_ Notes On Camp by This American Life - Download #109_ Notes On Camp on iTunes.mp4,2023-01-30 03:30:15,-,0:59:32,96405450,-,-,-,-,-,5ac2cae2c761567e25fc0cb8648c7d74
/Users/mac24/a/projects/fotos/keep/images/movies_notApple/RealPlayer Downloads,Biographies - Einstein_ His Life and Universe - Book TV.mp4,2000-10-04 08:54:32,-,0:01:30,3232887,-,-,-,-,-,ed1934596924a044a6d754053a3621df
/Users/mac24/a/projects/fotos/keep/images/movies_notApple/RealPlayer Downloads,Gotye - Somebody That I Used To Know (feat.mp4,2011-07-04 21:32:54,-,0:03:59,42165676,-,-,1280x720,-,-,f11047cddb825eabae55ecda0ad19f84
/Users/mac24/a/projects/fotos/keep/images/movies_notApple/RealPlayer Downloads,Stars_ Tiny Desk Concert _ NPR.mp4,2011-02-03 01:50:27,-,0:10:04,182541445,-,-,1280x720,-,-,228c004f7be0680561589b56e8183ae9
/Users/mac24/a/projects/fotos/keep/images/movies_notApple/RealPlayer Downloads,untitled.mp4,2031-04-24 16:41:42,-,0:42:52,65804831,-,-,-,-,-,8af627baa3fb025dc69f6fd014a4684e
/Users/mac24/a/projects/fotos/keep/images/music_notApple,Emily Remler Bebop and Swing Guitar.mp4,2014-03-07 17:50:33,-,0:56:14,185053005,-,-,470x360,-,-,2323a5929860d1c3655bc901aa6d18ed
/Users/mac24/a/projects/fotos/keep/images/music_notApple,pentatonicTabs.png,-,-,-,174161,-,-,1001x685,-,-,c55a4549845563dfe5ef0e7821312b53
/Users/mac24/a/projects/fotos/keep/images/Music/iTunes/iTunes Media/Home Videos,"Being No One_ Consciousness, The Phenomenal Self, and First-Person Perspective.mp4",2007-05-22 14:13:14,-,0:56:20,193152742,-,-,320x240,-,-,cef47b95843f1920a185445b29a9b4b9
/Users/mac24/a/projects/fotos/keep/images/Music/iTunes/iTunes Media/Home Videos,01 Lecture 01_ Introduction.mp4,2007-06-19 08:12:07,-,0:36:18,87010176,-,-,320x240,-,-,ae58c8a746afad8c6a87101ea4f6d238
/Users/mac24/a/projects/fotos/keep/images/Music/iTunes/iTunes Media/Home Videos,01 Lecture 01_ What holds our world together_ Electric Charges (Historical); Polarization; Electric Force; Coulomb's Law.mp4,2007-05-17 15:25:13,-,0:47:49,104999362,-,-,320x240,-,-,bbdf3a9a2b41f253ac99af0170be6684
/Users/mac24/a/projects/fotos/keep/images/Music/iTunes/iTunes Media/Home Videos,02 Lecture 02_ Biochemistry 1.mp4,2007-06-19 08:27:28,-,0:48:09,115101708,-,-,320x240,-,-,34702d66d1480e147cbbee7cb8b3ae21
/Users/mac24/a/projects/fotos/keep/images/Music/iTunes/iTunes Media/Home Videos,02 Lecture 02_ Electric Field; Field Lines; Superposition; Inductive Charging; Dipoles; Induced Dipoles.mp4,2007-05-17 15:29:44,-,0:49:24,108700211,-,-,320x240,-,-,69743a1841726b675e2cbacbedfd3b75
/Users/mac24/a/projects/fotos/keep/images/Music/iTunes/iTunes Media/Home Videos,03 Lecture 03_ Electric Flux; Gauss's Law; Examples.mp4,2007-05-17 15:34:07,-,0:51:05,111672856,-,-,320x240,-,-,ad134dbd4a3fd7494a6a075d30124a2d
/Users/mac24/a/projects/fotos/keep/images/Music/iTunes/iTunes Media/Home Videos,04 Lecture 04_ Biochemistry 3.mp4,2007-06-19 09:04:21,-,0:50:16,119744657,-,-,320x240,-,-,d97008372584f56dfa794c0a1c7028fe
/Users/mac24/a/projects/fotos/keep/images/Music/iTunes/iTunes Media/Home Videos,04 Lecture 04_ Electrostatic Potential; Electric Energy; eV; Conservative Field; Equipotential Surfaces.mp4,2007-05-17 15:39:00,-,0:49:02,107085499,-,-,320x240,-,-,6a6b523d86a244a9a09672eb2f5a4e78
/Users/mac24/a/projects/fotos/keep/images/Music/iTunes/iTunes Media/Home Videos,05 Lecture 05_ Biochemistry 4.mp4,2007-06-19 09:23:12,-,0:51:38,123828468,-,-,320x240,-,-,29bd44fb0fd3c1fb8ae8fbc94031d562
/Users/mac24/a/projects/fotos/keep/images/Music/iTunes/iTunes Media/Home Videos,06 Lecture 06_ Genetics 1.mp4,2007-06-19 10:00:07,-,0:51:00,122330027,-,-,320x240,-,-,e2d5d93c1faa32397a621b1173683626
/Users/mac24/a/projects/fotos/keep/images/Music/iTunes/iTunes Media/Home Videos,07 Lecture 07_ Genetics 2.mp4,2007-06-19 10:28:59,-,0:51:16,123311042,-,-,320x240,-,-,72372772ab86874bd99a3bdbb9cea428
/Users/mac24/a/projects/fotos/keep/images/Music/iTunes/iTunes Media/Home Videos,08 Lecture 08_ Genetics 3.mp4,2007-06-19 10:48:53,-,0:51:20,123565004,-,-,320x240,-,-,66c0447209bc32343a406667b9fdda81
/Users/mac24/a/projects/fotos/keep/images/Music/iTunes/iTunes Media/Home Videos,09 Lecture 09_ Human Genetics.mp4,2007-06-19 11:08:17,-,0:49:58,121192125,-,-,320x240,-,-,456db9aadca6e1648eb42fe0fbbd896b
/Users/mac24/a/projects/fotos/keep/images/Music/iTunes/iTunes Media/Home Videos,10 Lecture 10_ Molecular Biology 1.mp4,2007-06-19 11:36:57,-,0:51:23,124696262,-,-,320x240,-,-,8b89b8b1b57730c119e12041b79d5208
/Users/mac24/a/projects/fotos/keep/images/Music/iTunes/iTunes Media/Home Videos,11 Lecture 11_ Molecular Biology 2.mp4,2007-07-19 09:37:25,-,0:49:51,110865141,-,-,320x240,-,-,5d08cf627e7bc968c48ce55dc2a0ba51
/Users/mac24/a/projects/fotos/keep/images/Music/iTunes/iTunes Media/Home Videos,12 Lecture 12_ Molecular Biology 3.mp4,2007-06-18 16:41:25,-,0:51:23,124544002,-,-,320x240,-,-,4bd6aefc48388e844f0087c8477a6f54
/Users/mac24/a/projects/fotos/keep/images/Music/iTunes/iTunes Media/Home Videos,13 Lecture 13_ Gene Regulation.mp4,2007-06-18 17:08:21,-,0:51:36,124204135,-,-,320x240,-,-,c35ff52642be8670b71759412aff0b53
/Users/mac24/a/projects/fotos/keep/images/Music/iTunes/iTunes Media/Home Videos,14 Lecture 14_ Protein Localization.mp4,2007-06-19 08:36:37,-,0:45:10,107861043,-,-,320x240,-,-,966e8782513d4ab624b24eddaf7c3d03
/Users/mac24/a/projects/fotos/keep/images/Music/iTunes/iTunes Media/Home Videos,15 Lecture 15_ Recombinant DNA 1.mp4,2007-06-19 08:54:40,-,0:50:11,122105856,-,-,320x240,-,-,d8466ec82531c5006447176997aa58d2
/Users/mac24/a/projects/fotos/keep/images/Music/iTunes/iTunes Media/Home Videos,16 Lecture 16_ Recombinant DNA 2.mp4,2007-06-19 09:33:01,-,0:50:34,121625151,-,-,320x240,-,-,d666049867d49d6c2b3003a0667bde21
/Users/mac24/a/projects/fotos/keep/images/Music/iTunes/iTunes Media/Home Videos,17 Lecture 17_ Recombinant DNA 3.mp4,2007-06-19 09:50:31,-,0:50:23,121673834,-,-,320x240,-,-,bcd852363a31f89d997b31fb2f786e07
/Users/mac24/a/projects/fotos/keep/images/Music/iTunes/iTunes Media/Home Videos,18 Lecture 18_ Recombinant DNA 4.mp4,2007-06-19 10:19:19,-,0:50:23,121324399,-,-,320x240,-,-,19b969713622fc1cfc35d3da6847365b
/Users/mac24/a/projects/fotos/keep/images/Music/iTunes/iTunes Media/Home Videos,19 Lecture 19_ Cell Cycle_Signaling.mp4,2007-06-19 10:58:51,-,0:48:31,118134023,-,-,320x240,-,-,6307232686d4852773abc2ca3974ee7a
/Users/mac24/a/projects/fotos/keep/images/Music/iTunes/iTunes Media/Home Videos,20 Lecture 20_ Cancer.mp4,2007-06-19 11:27:26,-,0:49:18,119082216,-,-,320x240,-,-,199b52bafe09d60fb6234d1d10151705
/Users/mac24/a/projects/fotos/keep/images/Music/iTunes/iTunes Media/Home Videos,21 Lecture 21_ Virology_Tumor Viruses.mp4,2007-06-18 15:52:36,-,0:50:23,121514844,-,-,320x240,-,-,887724b3d6b7323bfd1a44d2fd96e658
/Users/mac24/a/projects/fotos/keep/images/Music/iTunes/iTunes Media/Home Videos,22 Lecture 22_ Immunology 1.mp4,2007-06-18 16:14:03,-,0:47:20,113432957,-,-,320x240,-,-,4589ffb3b2ffb9a56d0cd002eadfa514
/Users/mac24/a/projects/fotos/keep/images/Music/iTunes/iTunes Media/Home Videos,23 Lecture 23_ Immunology 2.mp4,2007-06-18 16:23:07,-,0:50:18,120869013,-,-,320x240,-,-,961b810b698ad8473892a6b276e76abd
/Users/mac24/a/projects/fotos/keep/images/Music/iTunes/iTunes Media/Home Videos,24 Lecture 24_ AIDS.mp4,2007-06-18 16:58:38,-,0:50:05,120443090,-,-,320x240,-,-,b589ac16441c5051e29eefdf68c0f33a
/Users/mac24/a/projects/fotos/keep/images/Music/iTunes/iTunes Media/Home Videos,25 Lecture 25_ Genomics.mp4,2007-06-19 08:18:43,-,0:49:07,118073410,-,-,320x240,-,-,dd20045d4565d99828b1104262a099d6
/Users/mac24/a/projects/fotos/keep/images/Music/iTunes/iTunes Media/Home Videos,26 Lecture 26_ Nervous System 1.mp4,2007-06-19 08:45:27,-,0:48:56,118825236,-,-,320x240,-,-,893da986fd71ba4609f9912d7d130a68
/Users/mac24/a/projects/fotos/keep/images/Music/iTunes/iTunes Media/Home Videos,27 Lecture 27_ Nervous System 2.mp4,2007-06-19 09:13:42,-,0:49:09,119192484,-,-,320x240,-,-,9502e2ea6c411fe7fcd4710a8bfa6f6b
/Users/mac24/a/projects/fotos/keep/images/Music/iTunes/iTunes Media/Home Videos,28 Lecture 28_ Nervous System 3.mp4,2007-06-19 09:42:44,-,0:42:52,104044729,-,-,320x240,-,-,91d9e86c096983d037d194e94d4af6df
/Users/mac24/a/projects/fotos/keep/images/Music/iTunes/iTunes Media/Home Videos,29 Lecture 29_ Stem Cells_Cloning 1.mp4,2007-06-19 10:09:35,-,0:50:31,122444232,-,-,320x240,-,-,1500ab801f536191089c9fdeb9a54e85
/Users/mac24/a/projects/fotos/keep/images/Music/iTunes/iTunes Media/Home Videos,30 Lecture 30_ Stem Cells_Cloning 2.mp4,2007-06-19 10:38:56,-,0:51:36,124149880,-,-,320x240,-,-,7985e1b04f7d9b7306e176c50d0fcbef
/Users/mac24/a/projects/fotos/keep/images/Music/iTunes/iTunes Media/Home Videos,31 Lecture 31_ Molecular Medicine 1.mp4,2007-06-19 11:17:43,-,0:51:14,122558254,-,-,320x240,-,-,0c3fccb7b4e3f877ba4979bc5d7fca66
/Users/mac24/a/projects/fotos/keep/images/Music/iTunes/iTunes Media/Home Videos,32 Lecture 32_ Molecular Evolution.mp4,2007-06-18 15:43:37,-,0:48:38,116648365,-,-,320x240,-,-,1572f25203756d9955beb31a186450df
/Users/mac24/a/projects/fotos/keep/images/Music/iTunes/iTunes Media/Home Videos,33 Lecture 33_ Molecular Medicine 2.mp4,2007-06-18 16:04:54,-,0:50:14,121769825,-,-,320x240,-,-,a011f39c3d17be0d3c9dfeec89b28387
/Users/mac24/a/projects/fotos/keep/images/Music/iTunes/iTunes Media/Home Videos,34 Lecture 34_ Human Polymorphisms and Cancer Classification.mp4,2007-06-18 16:32:34,-,0:48:09,114972808,-,-,320x240,-,-,b8047b89babd4c8a414d77f6fe4d8ff6
/Users/mac24/a/projects/fotos/keep/images/Music/iTunes/iTunes Media/Home Videos,35 Lecture 35_ Future of Biology.mp4,2007-06-18 16:51:18,-,0:39:07,94574274,-,-,320x240,-,-,5291db0906a5cfbb4a74fb3289f4ac30
/Users/mac24/a/projects/fotos/keep/images/Music/iTunes/iTunes Media/Home Videos,choevid.mov,2006-03-08 02:43:41,-,0:05:23,12314105,-,-,320x240,-,-,63bac2832a77f00ef401fb4807495734
/Users/mac24/a/projects/fotos/keep/images/Music/iTunes/iTunes Media/Home Videos,extranet2 1.mov,2014-09-13 02:58:44,-,0:08:13,203536524,-,-,1468x970,-,-,1598244e8053005f08aaca46d52c71f6
/Users/mac24/a/projects/fotos/keep/images/Music/iTunes/iTunes Media/Home Videos,extranet2.mov,2014-09-13 02:58:44,-,0:08:13,203536524,-,-,1468x970,-,-,1598244e8053005f08aaca46d52c71f6
/Users/mac24/a/projects/fotos/keep/images/Music/iTunes/iTunes Media/Home Videos,headless.mov,2006-05-28 03:34:52,-,0:00:44,2131917,-,-,320x240,-,-,01e3ec8f5017c3054f1a9cafa12228bd
/Users/mac24/a/projects/fotos/keep/images/Music/iTunes/iTunes Media/Podcasts/BIOL 1010_ General Biology,BIOL 1010 - Episode 03.mp4,2007-09-12 16:55:43,-,0:57:59,375662738,-,-,320x240,-,-,9310a074a8fbf704a5dd8dd503aeeea0
/Users/mac24/a/projects/fotos/keep/images/Music/iTunes/iTunes Media/Podcasts/BIOL 1010_ General Biology,BIOL 1010 - Episode 04.mp4,2007-09-12 16:32:11,-,0:57:59,376047374,-,-,320x240,-,-,343f260260b3112530c898e584a3b405
/Users/mac24/a/projects/fotos/keep/images/Music/iTunes/iTunes Media/Podcasts/BIOL 1010_ General Biology,BIOL 1010 - Episode 05.mp4,2007-09-12 17:51:25,-,0:57:58,375739883,-,-,320x240,-,-,1519e9ccab60750cab8d82ac6fb38f8b
/Users/mac24/a/projects/fotos/keep/images/Music/iTunes/iTunes Media/Podcasts/BIOL 1010_ General Biology,BIOL 1010 - Episode 06.mp4,2007-09-12 18:14:38,-,0:57:59,375793200,-,-,320x240,-,-,8040370cd2b4dc066faa6bee491bceeb
/Users/mac24/a/projects/fotos/keep/images/Music/iTunes/iTunes Media/Podcasts/BIOL 1010_ General Biology,BIOL 1010 - Episode 07.mp4,2007-09-12 19:02:09,-,0:57:58,375623113,-,-,320x240,-,-,2ff73a3d962fa27ca065deb66129e7c3
/Users/mac24/a/projects/fotos/keep/images/Music/iTunes/iTunes Media/Podcasts/BIOL 1010_ General Biology,BIOL 1010 - Episode 08.mp4,2007-09-12 18:38:21,-,0:57:58,375661581,-,-,320x240,-,-,02ee866cc01df6fb253282f5c45cabcb
/Users/mac24/a/projects/fotos/keep/images/Music/iTunes/iTunes Media/Podcasts/BIOL 1010_ General Biology,BIOL 1010 - Episode 09.mp4,2007-09-12 18:14:28,-,0:57:59,375713648,-,-,320x240,-,-,adff1b1aace03b7cb38ffb14c6b3e2fa
/Users/mac24/a/projects/fotos/keep/images/Music/iTunes/iTunes Media/Podcasts/BIOL 1010_ General Biology,BIOL 1010 - Episode 10.mp4,2007-09-12 19:46:17,-,0:57:59,375568882,-,-,320x240,-,-,cb56dc48515cbcf21612d80ee3bf64cb
/Users/mac24/a/projects/fotos/keep/images/Music/iTunes/iTunes Media/Podcasts/BIOL 1010_ General Biology,BIOL 1010 - Episode 11.mp4,2007-09-12 20:42:04,-,0:57:58,375780500,-,-,320x240,-,-,8ab77472e67af21dfe94700a4c9e4f06
/Users/mac24/a/projects/fotos/keep/images/Music/iTunes/iTunes Media/Podcasts/BIOL 1010_ General Biology,BIOL 1010 - Episode 12.mp4,2007-09-12 21:40:08,-,0:57:59,375688518,-,-,320x240,-,-,03ac47e2f7222a63275e010f1b1324a4
/Users/mac24/a/projects/fotos/keep/images/Music/iTunes/iTunes Media/Podcasts/BIOL 1010_ General Biology,BIOL 1010 - Episode 13.mp4,2007-09-12 21:10:55,-,0:57:58,375797183,-,-,320x240,-,-,ad6b9a356f533154d7d193b57d1a79dc
/Users/mac24/a/projects/fotos/keep/images/Music/iTunes/iTunes Media/Podcasts/BIOL 1010_ General Biology,BIOL 1010 - Episode 14.mp4,2007-09-12 20:00:03,-,0:57:59,375802231,-,-,320x240,-,-,3070a17baa6de2d5756739bb503e98c1
/Users/mac24/a/projects/fotos/keep/images/Music/iTunes/iTunes Media/Podcasts/BIOL 1010_ General Biology,BIOL 1010 - Episode 15.mp4,2007-09-12 20:23:36,-,0:57:59,375766005,-,-,320x240,-,-,2e6f755a71aa014ef4427a383224cdbc
/Users/mac24/a/projects/fotos/keep/images/Music/iTunes/iTunes Media/Podcasts/Frontiers of Biomedical Engineering (Open Yale Courses),1-01 01 - What is Biomedical Engineering_.mov,2008-07-18 19:50:14,-,0:42:29,133226108,-,-,320x180,-,-,fdf429dc284060096b939636cb987470
/Users/mac24/a/projects/fotos/keep/images/Music/iTunes/iTunes Media/Podcasts/Game Theory  (Open Yale Courses),"1-07 07 - Nash equilibrium_ shopping, standing and voting on a line.mov",2008-08-14 22:08:49,-,1:11:21,219903977,-,-,320x180,-,-,c6771795309d63dbb8c708d6bce642e4
/Users/mac24/a/projects/fotos/keep/images/Music/iTunes/iTunes Media/Podcasts/Game Theory  (Open Yale Courses),1-01 01 - Introduction_ five first lessons.mov,2008-08-13 17:13:55,-,1:08:33,212979630,-,-,320x180,-,-,7217ff4f4697a0dd43f4954bd688aebe
/Users/mac24/a/projects/fotos/keep/images/Music/iTunes/iTunes Media/Podcasts/Game Theory  (Open Yale Courses),1-02 02 - Putting yourselves into other people's shoes.mov,2008-08-13 21:57:19,-,1:08:49,214214045,-,-,320x180,-,-,f72232cc14ee078575333f71b346499c
/Users/mac24/a/projects/fotos/keep/images/Music/iTunes/iTunes Media/Podcasts/Game Theory  (Open Yale Courses),1-03 03 - Iterative deletion and the median-voter theorem.mov,2008-08-14 02:34:26,-,1:01:19,191202793,-,-,320x180,-,-,bc1b6d04ee421744699bdba729efc647
/Users/mac24/a/projects/fotos/keep/images/Music/iTunes/iTunes Media/Podcasts/Game Theory  (Open Yale Courses),1-04 04 - Best responses in soccer and business partnerships.mov,2008-08-14 07:13:10,-,1:12:05,223519429,-,-,320x180,-,-,43a74e20f53795abaf0520a241906fc6
/Users/mac24/a/projects/fotos/keep/images/Music/iTunes/iTunes Media/Podcasts/Game Theory  (Open Yale Courses),1-05 05 - Nash equilibrium_ bad fashion and bank runs.mov,2008-08-14 12:08:57,-,1:09:14,215097406,-,-,320x180,-,-,6b3f199affc893b66d475bcc3cd0c953
/Users/mac24/a/projects/fotos/keep/images/Music/iTunes/iTunes Media/Podcasts/Game Theory  (Open Yale Courses),1-06 06 - Nash equilibrium_ dating and Cournot.mov,2008-08-14 17:05:05,-,1:12:06,224477846,-,-,320x180,-,-,22c340b397871052559897179b9ae767
/Users/mac24/a/projects/fotos/keep/images/Music/iTunes/iTunes Media/Podcasts/Information and Entropy,"02 Unit 2_ Compression, Lecture 1.mp4",2010-07-03 14:43:18,-,1:19:28,186687770,-,-,480x270,-,-,f1a05d283d57afa8cb5392aa7e110788
/Users/mac24/a/projects/fotos/keep/images/Music/iTunes/iTunes Media/Podcasts/Information and Entropy,"03 Unit 3_ Noise and Errors, Lecture 2.mp4",2010-07-03 14:43:18,-,1:56:49,268237626,-,-,480x270,-,-,bb2c33f6a421ce76c41aa9ec652cb540
/Users/mac24/a/projects/fotos/keep/images/Music/iTunes/iTunes Media/Podcasts/Information and Entropy,"04 Unit 4_ Probability, Lecture 1.mp4",2010-07-03 14:43:18,-,1:52:09,256725920,-,-,480x270,-,-,83d5e3243399a5c907763090e3b5c637
/Users/mac24/a/projects/fotos/keep/images/Music/iTunes/iTunes Media/Podcasts/Information and Entropy,"05 Unit 4_ Probability, Lecture 2.mp4",2010-07-21 07:24:45,-,1:50:04,251664614,-,-,480x270,-,-,9eb10e79e5c7bcc3d634785ab8f09162
/Users/mac24/a/projects/fotos/keep/images/Music/iTunes/iTunes Media/Podcasts/Information and Entropy,"06 Unit 5_ Communications, Lecture 1.mp4",2010-07-03 14:43:18,-,1:49:37,252970983,-,-,480x270,-,-,330a4982eec35664b95bff257f2d871b
/Users/mac24/a/projects/fotos/keep/images/Music/iTunes/iTunes Media/Podcasts/Information and Entropy,"07 Unit 5_ Communications, Lecture 2.mp4",2010-07-03 19:25:59,-,1:47:39,247552158,-,-,480x270,-,-,1494aa4b6b9c74719012f06577e864fd
/Users/mac24/a/projects/fotos/keep/images/Music/iTunes/iTunes Media/Podcasts/Information and Entropy,"08 Unit 6_ Processes, Lecture 1.mp4",2010-07-03 20:48:56,-,1:46:58,245613370,-,-,480x270,-,-,bf2365929bb6c9f673de71ee24971057
/Users/mac24/a/projects/fotos/keep/images/Music/iTunes/iTunes Media/Podcasts/Information and Entropy,"1-01 Unit 1_ Bits and Codes, Lecture 2.mp4",2010-07-03 14:43:18,-,1:43:20,239698851,-,-,480x270,-,-,0e17cdf9ee70cd4799e445d5d056116a
/Users/mac24/a/projects/fotos/keep/images/Music/iTunes/iTunes Media/Podcasts/Physics I_ Classical Mechanics,1-01 Course Introduction.mp4,2007-06-29 15:32:25,-,0:03:20,7318092,-,-,320x240,-,-,13db5a8297c280458a34d65a16533605
/Users/mac24/a/projects/fotos/keep/images/Music/iTunes/iTunes Media/Podcasts/Physics I_ Classical Mechanics,1-01 Lecture 01_ Powers of Ten - Units - Dimensions - Measurements - Uncertainties - Dimensional Analysis - Scaling Arguments.mp4,2007-12-26 16:11:58,-,0:38:12,86061744,-,-,320x240,-,-,4689e73b3fabb7e93ab7225527128264
/Users/mac24/a/projects/fotos/keep/images/Music/iTunes/iTunes Media/Podcasts/Physics I_ Classical Mechanics,1-02 Lecture 02_ 1D Kinematics - Speed - Velocity - Acceleration.mp4,2007-12-19 17:15:27,-,0:51:08,115140679,-,-,320x240,-,-,cdc0bc5a2173a44afbfc08f6c625ae41
/Users/mac24/a/projects/fotos/keep/images/Music/iTunes/iTunes Media/Podcasts/TEDTalks _ Daniel Kahneman_ The riddle of experience vs. memory - Daniel Kahneman  (2010) (video),TEDTalks _ Daniel Kahneman_ The riddle of experience vs. memory - Daniel Kahneman  (2010) (video).mp4,2010-02-26 21:08:03,-,0:20:37,70680289,-,-,432x240,-,-,8842d44e754209be510c49bde1215888
/Users/mac24/a/projects/fotos/keep/images/Music/iTunes/iTunes Media/Podcasts/TEDTalks _ The paradox of choice - Barry Schwartz  (2005) (video),TEDTalks _ The paradox of choice - Barry Schwartz  (2005) (video).mp4,2008-10-14 17:25:51,-,0:19:37,65897401,-,-,320x240,-,-,25bcc864abbe712f7fab545f31b14c63
/Users/mac24/a/projects/fotos/keep/images/Music/iTunes/iTunes Media/Podcasts/TEDTalks _ What is our place in the cosmos_ - David Deutsch  (2005) (video),TEDTalks _ What is our place in the cosmos_ - David Deutsch  (2005) (video).mp4,2008-10-27 21:15:44,-,0:19:00,63592431,-,-,320x240,-,-,83bcd34cc34dcdb4213ff9880185e4e1
/Users/mac24/a/projects/fotos/keep/images/Music/iTunes/iTunes Media/Podcasts/TEDTalks (hd),Michael Shermer_ The pattern behind self-deception - Michael Shermer (2010).mp4,2010-06-10 22:01:53,-,0:19:01,225821163,-,-,850x480,-,-,9bce08a92a2fcf6a2c0224a21f509704
/Users/mac24/a/projects/fotos/keep/images/Music/iTunes/iTunes Media/Podcasts/TEDTalks (hd),TED_ Alex Steffen_ The shareable future of cities - Alex Steffen (2011).mp4,2011-08-02 14:30:50,-,0:10:13,71747601,-,-,854x480,-,-,ee2d086c62c3840096a7e16615d2dca3
/Users/mac24/a/projects/fotos/keep/images/Music/iTunes/iTunes Media/Podcasts/TEDTalks (video),Sheena Iyengar on the art of choosing - Sheena Iyengar (2010).mp4,2010-07-25 14:51:52,-,0:27:18,120317715,-,-,432x240,-,-,457a65b49833547253ce1e6aeeba861b
/Users/mac24/a/projects/fotos/keep/images/Music/iTunes/iTunes Media/Podcasts/TEDTalks (video),TED_ Kevin Slavin_ How algorithms shape our world  - Kevin Slavin (2011).mp4,2011-12-05 01:18:47,-,0:18:02,61394424,-,-,512x288,-,-,63f12befd1a40b6fd482a350a3559046
/Users/mac24/a/projects/fotos/keep/images/Music/iTunes/iTunes Media/Podcasts/TEDTalks (video),TEDTalks_ Arthur Benjamin (2005).mp4,2007-12-11 19:01:34,-,0:15:15,54000203,-,-,320x240,-,-,153a1e7e8d9d7a214deff72ca61f774e
/Users/mac24/a/projects/fotos/keep/images/Music/iTunes/iTunes Media/Podcasts/TEDTalks (video),TEDTalks_ Blaise Aguera y Arcas (2007) video.mp4,2007-05-16 16:12:22,-,0:09:27,29842414,-,-,432x240,-,-,f0ab1706c87f0b7e6c27c115e6ee3abc
/Users/mac24/a/projects/fotos/keep/images/Music/iTunes/iTunes Media/Podcasts/TEDTalks (video),TEDTalks_ Dan Dennett (2002) video.mp4,2007-06-27 19:59:11,-,0:17:24,51468822,-,-,432x240,-,-,27b7c673b078ae883d9441af305c67e2
/Users/mac24/a/projects/fotos/keep/images/Music/iTunes/iTunes Media/Podcasts/TEDTalks (video),TEDTalks_ David Bolinsky (2007) video.mp4,2007-07-23 18:43:25,-,0:11:43,42383948,-,-,432x240,-,-,771ad35ef8ce8cbffe9ca27111dd8b54
/Users/mac24/a/projects/fotos/keep/images/Music/iTunes/iTunes Media/Podcasts/TEDTalks (video),TEDTalks_ Emily Oster (2007).mp4,2007-07-09 16:13:08,-,0:17:32,52138766,-,-,432x240,-,-,5222f9672b0041e545d27319f47d90e4
/Users/mac24/a/projects/fotos/keep/images/Music/iTunes/iTunes Media/Podcasts/TEDTalks (video),TEDTalks_ Hod Lipson (2007).mp4,2007-09-07 19:32:58,-,0:08:15,26584102,-,-,432x240,-,-,5d98d21ac53e727aebe2ba95a9d7bd9b
/Users/mac24/a/projects/fotos/keep/images/Music/iTunes/iTunes Media/Podcasts/TEDTalks (video),TEDTalks_ Jill Taylor (2008).mp4,2008-03-12 14:32:26,-,0:20:11,75181254,-,-,432x240,-,-,3ceb831d67f2f80df250d7625ff11807
/Users/mac24/a/projects/fotos/keep/images/Music/iTunes/iTunes Media/Podcasts/TEDTalks (video),TEDTalks_ Jonathan Harris (2007) video.mp4,2007-07-05 18:49:45,-,0:19:08,56079329,-,-,426x240,-,-,492a64eebb2a5eed4ecaa0e655cb04f3
/Users/mac24/a/projects/fotos/keep/images/Music/iTunes/iTunes Media/Podcasts/TEDTalks (video),TEDTalks_ Michael Pollan (2007).mp4,2008-01-25 22:50:50,-,0:17:32,64463457,-,-,432x240,-,-,d7c29131b91d2c41ab452cf4b237cc79
/Users/mac24/a/projects/fotos/keep/images/Music/iTunes/iTunes Media/Podcasts/TEDTalks (video),TEDTalks_ Murray Gell-Mann (2007).mp4,2007-11-30 21:53:40,-,0:16:02,54200622,-,-,432x240,-,-,a8ea31148f033f4363857c53f89ca76c
/Users/mac24/a/projects/fotos/keep/images/Music/iTunes/iTunes Media/Podcasts/TEDTalks (video),TEDTalks_ Philippe Starck (2007).mp4,2007-12-03 03:23:58,-,0:17:08,61794821,-,-,432x240,-,-,3594409ba8a65bd1586d4098fd964792
/Users/mac24/a/projects/fotos/keep/images/Music/iTunes/iTunes Media/Podcasts/TEDTalks (video),TEDTalks_ Steven Pinker (2005).mp4,2007-09-07 22:28:53,-,0:17:41,52987176,-,-,320x240,-,-,3729467b2f92b27f2a9630f55a057963
/Users/mac24/a/projects/fotos/keep/images/Music/iTunes/iTunes Media/Podcasts/TEDTalks (video),TEDTalks_ Steven Pinker (2007).mp4,2007-09-05 17:04:04,-,0:21:12,65272763,-,-,432x240,-,-,dea80a51e9dee6bd74642e49952f0d0e
/Users/mac24/a/projects/fotos/keep/images/Music/iTunes/iTunes Media/Podcasts/TEDTalks (video),TEDTalks_ The Jill and Julia Show (2007).mp4,2008-02-19 21:14:50,-,0:06:21,23532221,-,-,432x240,-,-,616e8ecadda415001e9819a600b4ffc6
/Users/mac24/a/projects/fotos/keep/images/Music/iTunes/iTunes Media/Podcasts/TEDTalks (video),TEDTalks_ Theo Jansen (2007).mp4,2007-08-23 20:46:41,-,0:10:10,35460102,-,-,432x240,-,-,b99382627d5123bd89724ebccfd23f5d
/Users/mac24/a/projects/fotos/keep/images/Music/iTunes/iTunes Media/Podcasts/TEDTalks (video),TEDTalks_ Vilayanur Ramachandran (2007).mp4,2007-10-19 21:52:15,-,0:25:32,89516926,-,-,432x240,-,-,715e9efc759c47d8e0f5f6feaffdc2de
/Users/mac24/a/projects/fotos/keep/images/Music/iTunes/iTunes Media/Podcasts/TEDTalks (video),TEDTalks_ Vusi Mahlasela (2007).mp4,2007-08-13 23:05:36,-,0:12:03,41789871,-,-,320x240,-,-,ab6bf289ad44b689de1a21b24123a0d2
/Users/mac24/a/projects/fotos/keep/images/Music/iTunes/iTunes Media/Podcasts/TEDTalks (video),TEDTalks_ Will Wright (2007) video.mp4,2007-07-16 17:30:55,-,0:18:34,61603955,-,-,432x240,-,-,86971ae87cdca64d5ea5c6a8186a941c
/Users/mac24/a/projects/fotos/keep/images/Music/iTunes/iTunes Media/Podcasts/The Free Will Theorem - Lectures,"Lecture 2 - The Paradox of Kochen and Specker - March 30, 2009.mp4",2009-03-31 14:09:56,-,0:53:51,141157117,-,-,320x240,-,-,da25d1838af7132eb3769a5635e232d0
/Users/mac24/a/projects/fotos/keep/images/Music/iTunes/iTunes Media/Podcasts/The Free Will Theorem - Lectures,"Lecture 3 - The Paradoxes of Relativity - April 6, 2009.mp4",2009-04-07 15:11:15,-,0:53:39,130517384,-,-,320x240,-,-,37ad51bca14cd7ba32ad774dc17fc3d2
/Users/mac24/a/projects/fotos/keep/images/Music/iTunes/iTunes Media/Podcasts/The Free Will Theorem - Lectures,"Lecture 4 - Quantum Mechanics and the Paradoxes of Entanglement - April 13, 2009.mp4",2009-04-14 18:44:37,-,1:01:58,162120397,-,-,320x240,-,-,4312cbf6024ecefd50737dedee7e8782
/Users/mac24/a/projects/fotos/keep/images/Music/iTunes/iTunes Media/Podcasts/The Free Will Theorem - Lectures,"Lecture 5 - Proof of the Free Will Theorem - April 20, 2009.mp4",2009-04-21 04:22:25,-,0:56:00,148525784,-,-,320x240,-,-,175a3d8d6c97711d1add3976330899e2
/Users/mac24/a/projects/fotos/keep/images/Music/iTunes/iTunes Media/Podcasts/The Free Will Theorem - Lectures,"Lecture 6 - The Theorem_s Implications for Science and Philosophy - April 27, 2009.mp4",2009-04-30 19:51:49,-,0:50:32,137025552,-,-,320x240,-,-,c480f79da7a6e609323e5062d7824d18
/Users/mac24/a/projects/fotos/keep/images/Music/iTunes/iTunes Media/Podcasts/The Free Will Theorem,"1-01 Lecture 1 - Free Will and Determinism in Science and Philosophy - March 23, 2009.mp4",2009-03-24 14:55:28,-,1:01:14,318737881,-,-,320x240,-,-,70328b7917a84b1cb43cb62a64c5466d
/Users/mac24/a/projects/fotos/keep/images/photos,me.jpg,2008-08-07 11:24:40,2008-08-07 11:24:41,-,204993,-,-,1396x1344,-,NIKON D40,3b14f0edb4aadb5ea16833435fdc5562
/Users/mac24/a/projects/fotos/keep/images/photos/1920s,DorothyVirgo.jpg,-,-,-,34395,-,-,319x500,-,-,df956c2fe59cebd2ce6bb0d7bc43533c
/Users/mac24/a/projects/fotos/keep/images/photos/1930s,DorothyVirgo_and_Sibs.jpg,-,-,-,71617,-,-,500x376,-,-,33f1ade3682bba4032009d20ef1b60c5
/Users/mac24/a/projects/fotos/keep/images/photos/1940s,1947DodyVirgo.jpg,-,2003-12-30 00:27:34,-,221992,-,-,556x738,-,HP PhotoSmart 618 (V1.1),83b353ef4ea1c6758c1a9206dca6e42f
/Users/mac24/a/projects/fotos/keep/images/photos/1940s,BarbaraJeaneVirgo1946.jpg,2009-05-30 12:35:48,-,-,527902,-,-,800x1009,-,-,1d8e756e802a5e8d43a49bec13283063
/Users/mac24/a/projects/fotos/keep/images/photos/1950s,1950DodyVirgo.jpg,-,2003-12-30 00:29:34,-,331808,-,-,627x812,-,HP PhotoSmart 618 (V1.1),e7f60a44a758cf1935ff62945e56ac07
/Users/mac24/a/projects/fotos/keep/images/photos/1950s,1951Dody&Phil.jpg,-,-,-,734284,-,-,1504x1258,-,-,46a520baf3274a59f1078fe2392a2d1e
/Users/mac24/a/projects/fotos/keep/images/photos/1950s,1957PhilBarbInkyRodDodyDickJim.jpg,-,2003-12-30 00:25:14,-,635063,-,-,974x1229,-,HP PhotoSmart 618 (V1.1),1f35cd21790a8b226ee1b8c6f08e85ed
/Users/mac24/a/projects/fotos/keep/images/photos/1950s,Kindergarten1955.jpg,2012-04-30 21:28:51,2012-04-30 21:28:51,-,944797,-,-,2016x1410,-,NIKON D5000,c76bd1222386f4ef0244c24c9ae894c9
/Users/mac24/a/projects/fotos/keep/images/photos/1950s,myHouse1950.jpg,-,-,-,53096,-,-,500x408,-,-,1d74c45d827d4aade8192fcdc2baf4af
/Users/mac24/a/projects/fotos/keep/images/photos/1950s,Virgo family 1950s.jpg,-,-,-,1899464,-,-,1953x1390,-,,706e2cfe16baaf4cd1d5446f3cb9f521
/Users/mac24/a/projects/fotos/keep/images/photos/1964,1961_CazHockey.jpg,2012-04-30 21:25:56,2012-04-30 21:25:56,-,1214923,-,-,2144x1321,-,NIKON D5000,1b7702ef0f0da743ec7f324ea1222a39
/Users/mac24/a/projects/fotos/keep/images/photos/1964,1962_CazHockey.jpg,2012-04-30 21:25:30,2012-04-30 21:25:30,-,1193355,-,-,2142x1351,-,NIKON D5000,ad9630845eeb5614aecc339585468aff
/Users/mac24/a/projects/fotos/keep/images/photos/1964,1963_CazHockey.jpg,2010-05-20 22:25:08,-,-,1918856,-,-,2824x2173,-,-,a22f1d15e03def8d3914d18c9d725060
/Users/mac24/a/projects/fotos/keep/images/photos/1964,1964_CazHockey.jpg,2010-05-20 22:32:20,-,-,5911379,-,-,2834x2179,-,-,8b686d1175d48c18bbfa637890a61a29
/Users/mac24/a/projects/fotos/keep/images/photos/1964,1965_CazHockey.jpg,2010-05-20 22:08:04,-,-,2065544,-,-,2840x2165,-,-,7fa00a46fa7727439222260e4bce6e8c
/Users/mac24/a/projects/fotos/keep/images/photos/1964,pwv_caz_hockey_photos_196x.jpg,-,-,-,1250633,-,-,1584x1224,-,-,2620e33f2285f7ae343a8e15f98c1c2b
/Users/mac24/a/projects/fotos/keep/images/photos/1967,1967BeachDoubleExpose.jpg,-,-,-,2288919,-,-,3141x2048,-,QSS-32_33,cbfc86d6dd55c9fc9660babefeb4af77
/Users/mac24/a/projects/fotos/keep/images/photos/1967,1967flowerGirl.jpg,-,-,-,1654450,-,-,2048x3141,-,QSS-32_33,0a771bfd90dacb49d71fe5553142e876
/Users/mac24/a/projects/fotos/keep/images/photos/1969,pwv_photos_1969.jpg,-,-,-,1503549,-,-,1224x1584,-,-,d214ada515cdabc841f8cab388c61959
/Users/mac24/a/projects/fotos/keep/images/photos/1972,1972DeRuyterLeap_crop.jpg,-,-,-,154969,-,-,747x756,-,QSS-32_33,08a7a6dc1b7214cdbfb3829e1f3b78c2
/Users/mac24/a/projects/fotos/keep/images/photos/1972,1972DeRuyterLeap.jpg,-,-,-,1417700,-,-,3141x2048,-,QSS-32_33,e1cbbe36a082b6187af3dad1ead94102
/Users/mac24/a/projects/fotos/keep/images/photos/1972,1972DeRuyterWeeds.jpg,-,-,-,2539853,-,-,3141x2048,-,QSS-32_33,dcd6e24383cc24ce1dd5847f5f83f43e
/Users/mac24/a/projects/fotos/keep/images/photos/1972,1972Leslie_Mummy1.jpg,2009-01-23 23:18:22,-,-,246234,-,-,1700x1110,-,-,3d0224e15b99876e96bd04e1092e1af9
/Users/mac24/a/projects/fotos/keep/images/photos/1972,1972LeslieCampKitchen.jpg,-,-,-,1834506,-,-,3141x2048,-,QSS-32_33,9a439c4532fae7f1e4732d0b62900761
/Users/mac24/a/projects/fotos/keep/images/photos/1972,1972LeslieDeRuyter.jpg,-,-,-,4540424,-,-,3141x2048,-,QSS-32_33,246ed794fd1ccb3b8970fad25b2396fe
/Users/mac24/a/projects/fotos/keep/images/photos/1972,1972LeslieTurner.jpg,-,-,-,2128954,-,-,3141x2048,-,QSS-32_33,ef6899b8b080c05adfce30f2f9598a51
/Users/mac24/a/projects/fotos/keep/images/photos/1972,1972LeslieVW.jpg,-,-,-,2513455,-,-,2048x3141,-,QSS-32_33,114ee56deec8502d31f76ff1065e2eae
/Users/mac24/a/projects/fotos/keep/images/photos/1972,BarbJimWedding.jpg,-,-,-,157729,-,-,1024x683,-,Portable Scanner,5e80e7de757bdc19a60fb19f2f605b00
/Users/mac24/a/projects/fotos/keep/images/photos/1977,1977PCookDLI_1.jpg,-,-,-,2072080,-,-,3141x2048,-,QSS-32_33,95aea7ab16712de4c21dbb968ec9a51f
/Users/mac24/a/projects/fotos/keep/images/photos/1977,1977PCookDLI_2.jpg,-,-,-,2316001,-,-,3141x2048,-,QSS-32_33,a9e9f4d64f6867556d636e037489bbc2
/Users/mac24/a/projects/fotos/keep/images/photos/1977,1977PCookDLI_3.jpg,-,-,-,2601821,-,-,2048x3141,-,QSS-32_33,4d3f13c6e47707ff1693ca8fff65b584
/Users/mac24/a/projects/fotos/keep/images/photos/1977,1978ArizonaBike.jpg,-,-,-,2173299,-,-,3141x2048,-,QSS-32_33,e0f6f2f248b554f8eae0f1c73d854a68
/Users/mac24/a/projects/fotos/keep/images/photos/1977,1978JaniceMonterey.jpg,-,-,-,2246043,-,-,3141x2048,-,QSS-32_33,64e6a0dd117832bb7512134fb3dd6474
/Users/mac24/a/projects/fotos/keep/images/photos/1980,1980_Pablo_Langweid1.jpg,2009-01-23 23:03:53,-,-,234078,-,-,1110x1700,-,-,b0fdd898836d0a2e9c1d8a22b8529be5
/Users/mac24/a/projects/fotos/keep/images/photos/1983,PabJoshJan1983.jpg,2012-05-01 12:02:57,2012-05-01 12:02:57,-,783122,-,-,1342x2010,-,NIKON D5000,3dcce107cfb001eae49c3fe94d9a134f
/Users/mac24/a/projects/fotos/keep/images/photos/1984,JoshPhilJanicse1984.jpg,2012-05-01 12:02:13,2012-05-01 12:02:13,-,560724,-,-,1937x1324,-,NIKON D5000,34c6b112e2b7f49905af768665b4529d
/Users/mac24/a/projects/fotos/keep/images/photos/1985,Josh_Pablo1985.jpg,2012-04-30 21:33:42,2012-04-30 21:33:42,-,944681,-,-,1368x2045,-,NIKON D5000,a854639052ab0d77da8cbef71c225bb4
/Users/mac24/a/projects/fotos/keep/images/photos/1985,Josh1985.jpg,2012-05-01 19:23:15,2012-05-01 19:23:15,-,787903,-,-,1293x1963,-,NIKON D5000,fdd4c708310fc249cfb83823096ae91c
/Users/mac24/a/projects/fotos/keep/images/photos/1985,JoshEating1985.jpg,2012-05-01 11:59:56,2012-05-01 11:59:56,-,983711,-,-,1365x2053,-,NIKON D5000,8249c84dd77927841af9b1d50be78b92
/Users/mac24/a/projects/fotos/keep/images/photos/1985,JoshPabloDine1985.jpg,2012-05-01 12:00:41,2012-05-01 12:00:41,-,978114,-,-,2057x1341,-,NIKON D5000,f9ec89e04b372ee210951b75478c41c9
/Users/mac24/a/projects/fotos/keep/images/photos/1985,StephBarefoot1985.jpg,2012-04-30 21:33:55,2012-04-30 21:33:55,-,598110,-,-,1368x2031,-,NIKON D5000,a0a8304c3abd584fb363bca119dc72f5
/Users/mac24/a/projects/fotos/keep/images/photos/1986,Family1986.jpg,2012-05-01 11:56:40,2012-05-01 11:56:40,-,620882,-,-,1366x1718,-,NIKON D5000,179978c273b1e67a28ace9c4a75e8474
/Users/mac24/a/projects/fotos/keep/images/photos/1986,HobbsAndVirgos1986.jpg,2012-04-30 21:32:26,2012-04-30 21:32:26,-,1006032,-,-,2144x1424,-,NIKON D5000,506cab5b97ef8878d12a5fe527b4d547
/Users/mac24/a/projects/fotos/keep/images/photos/1986,JaniceBrokenLeg1986.jpg,2012-05-01 11:57:08,2012-05-01 11:57:08,-,687665,-,-,1325x2041,-,NIKON D5000,c0191a77c8edc14055ffcaa0bca137dd
/Users/mac24/a/projects/fotos/keep/images/photos/1986,JoshBlue1986.jpg,2012-05-01 11:54:42,2012-05-01 11:54:42,-,505618,-,-,1313x1963,-,NIKON D5000,1c13594b1a31f4ec49562660a5ae804e
/Users/mac24/a/projects/fotos/keep/images/photos/1986,JoshBlue2_1986.jpg,2012-05-01 11:56:07,2012-05-01 11:56:07,-,645550,-,-,1338x2031,-,NIKON D5000,05ace1f0ebf362ea9614c66d66cd9abe
/Users/mac24/a/projects/fotos/keep/images/photos/1986,JoshSteph1986_a.jpg,2012-05-01 19:19:47,2012-05-01 19:19:47,-,947592,-,-,1288x1904,-,NIKON D5000,5d6732832755e18ea874f38f13f24460
/Users/mac24/a/projects/fotos/keep/images/photos/1986,JoshSteph1986_b.jpg,2012-05-01 19:21:03,2012-05-01 19:21:03,-,886030,-,-,1851x1238,-,NIKON D5000,af10826b4b59ca6e2b2e8b49af15b600
/Users/mac24/a/projects/fotos/keep/images/photos/1986,jps1986.jpg,2012-05-01 19:33:24,2012-05-01 19:33:24,-,766643,-,-,1951x1301,-,NIKON D5000,3fd6f2e3d47b4bc22dd5a3a5c0f70c83
/Users/mac24/a/projects/fotos/keep/images/photos/1986,OnCanal1986.jpg,2012-05-01 19:16:26,2012-05-01 19:16:26,-,924782,-,-,1876x1250,-,NIKON D5000,d0327c9c8fdd03617a95ccfda85e276b
/Users/mac24/a/projects/fotos/keep/images/photos/1986,Steph1986.jpg,2012-05-01 19:26:45,2012-05-01 19:26:45,-,674825,-,-,1177x1748,-,NIKON D5000,b03522fd4154166b448a9a3d776fb33c
/Users/mac24/a/projects/fotos/keep/images/photos/1986,StephOnPhil1986.jpg,2012-04-30 21:32:08,2012-04-30 21:32:08,-,1251639,-,-,2085x1392,-,NIKON D5000,1fd016a7594b767f93be98e8abf150c2
/Users/mac24/a/projects/fotos/keep/images/photos/1986,StephPhil1986.jpg,2012-04-30 21:32:43,2012-04-30 21:32:43,-,1163102,-,-,2093x1392,-,NIKON D5000,6225624a3ab71ad6118857851b7eb0fb
/Users/mac24/a/projects/fotos/keep/images/photos/1987,JoshWithStick1987.jpg,2012-04-30 12:10:38,2012-04-30 12:10:38,-,1999236,-,-,2015x2894,-,NIKON D5000,fc2c20935c3ef83d0361a9d60d036586
/Users/mac24/a/projects/fotos/keep/images/photos/1987,StephBeach1987.jpg,2012-04-30 20:30:01,2012-04-30 20:30:01,-,2020915,-,-,1999x2840,-,NIKON D5000,2f34ebcb8a9a8a0d5fe810314ea0195e
/Users/mac24/a/projects/fotos/keep/images/photos/1987,StephBinocs1987_2.jpg,2012-04-30 12:11:44,2012-04-30 12:11:44,-,451384,-,-,1963x2820,-,NIKON D5000,5f179a7c2924c9886be4cb57f4ed9ca1
/Users/mac24/a/projects/fotos/keep/images/photos/1987,StephBinocs1987.jpg,2012-04-30 12:11:22,2012-04-30 12:11:22,-,832437,-,-,1931x2749,-,NIKON D5000,6912f7f82fb77fda58b7b0d215f2d98b
/Users/mac24/a/projects/fotos/keep/images/photos/1987,StephPabJosh1987.jpg,2012-04-30 12:12:07,2012-04-30 12:12:07,-,684346,-,-,2869x1931,-,NIKON D5000,d20f5c1c95b03ae72b3144b9915f8d05
/Users/mac24/a/projects/fotos/keep/images/photos/1990,1990StephHoldsLiz.jpg,-,-,-,2728230,-,-,3141x2048,-,QSS-32_33,0e7f3411659fd1e4aac076864fda5d4c
/Users/mac24/a/projects/fotos/keep/images/photos/1994,JoshLiz1994.jpg,2012-05-05 14:11:11,2012-05-05 14:11:11,-,893799,-,-,2027x1325,-,NIKON D5000,a5e75879087b45adc1438fdbd2cec6ff
/Users/mac24/a/projects/fotos/keep/images/photos/1994,JoshStehLiz1984.jpg,2012-05-05 14:09:51,2012-05-05 14:09:51,-,836273,-,-,2040x1341,-,NIKON D5000,2de88a7254e24c06ecd2ddea1d0caf9d
/Users/mac24/a/projects/fotos/keep/images/photos/1999,LizDeb1999.jpg,2012-05-05 14:13:17,2012-05-05 14:13:17,-,773093,-,-,1313x1666,-,NIKON D5000,727e31f94cb01c2f1dd6e08770c27fcc
/Users/mac24/a/projects/fotos/keep/images/photos/2000/20000801,RodPhilDeRuyter2000.jpg,-,-,-,33593,-,-,450x299,-,-,18d4d110e0ff07600dedd9109df3525a
/Users/mac24/a/projects/fotos/keep/images/photos/2001/20010819DeRuyterWeek,magliz1.jpg,-,2001-08-19 11:14:15,-,587544,-,-,1600x1200,-,HP PhotoSmart 618 (V1.10),4ec32cfd93ad3d9d11fff0a14aa22df8
/Users/mac24/a/projects/fotos/keep/images/photos/2001/20010819DeRuyterWeek,magliz2.jpg,-,2001-08-19 11:15:25,-,633392,-,-,1600x1200,-,HP PhotoSmart 618 (V1.10),b031ecb7b0db98e305d1e7bef9df2e63
/Users/mac24/a/projects/fotos/keep/images/photos/2001/20010819DeRuyterWeek,magLiz3.jpg,-,2001-08-19 11:16:11,-,644480,-,-,1200x1600,-,HP PhotoSmart 618 (V1.10),a1e1efe83c277175fb7b5319389a8f4d
/Users/mac24/a/projects/fotos/keep/images/photos/2001/20010819DeRuyterWeek,PabMagLiz.jpg,-,2001-08-25 12:25:30,-,608052,-,-,1600x1200,-,HP PhotoSmart 618 (V1.10),a31da06b7165de0a8a5780b01c37b3c0
/Users/mac24/a/projects/fotos/keep/images/photos/2001/2001KeepThesePhotos,MY JOB LAARSON.jpg,-,2001-06-11 16:22:05,-,592832,-,-,1600x1200,-,HP PhotoSmart 618 (V1.10),9dbec8f84d1cdebd1f435750bd9fe719
/Users/mac24/a/projects/fotos/keep/images/photos/2001/2001nature,BikeonCanal.jpg,-,2001-08-05 17:38:35,-,933552,-,-,1600x1200,-,HP PhotoSmart 618 (V1.10),ab1662d7ddcb53c9a524cbae7139d6b6
/Users/mac24/a/projects/fotos/keep/images/photos/2002/20020512StephLizPhil,es2002.jpg,-,2000-01-15 14:31:01,-,1062764,-,-,1600x1200,-,HP PhotoSmart 618 (V1.1),34e69e1ff37ca9800770c902de40c2eb
/Users/mac24/a/projects/fotos/keep/images/photos/2002/20020512StephLizPhil,LizCatoctin.jpg,-,2000-01-15 11:07:40,-,1177224,-,-,1600x1200,-,HP PhotoSmart 618 (V1.1),080c65cb49a70992b459c9a3276455a6
/Users/mac24/a/projects/fotos/keep/images/photos/2002/20020512StephLizPhil,PES2002.jpg,-,2000-01-15 14:31:45,-,952576,-,-,1600x1200,-,HP PhotoSmart 618 (V1.1),ee3031a063831502c1e8e43b6d9339bf
/Users/mac24/a/projects/fotos/keep/images/photos/2002/ManMade,PlowOld.jpg,-,2002-04-07 11:10:22,-,966568,-,-,1600x1200,-,HP PhotoSmart 618 (V1.1),03ee60857c242c002bfbd4c6e259d701
/Users/mac24/a/projects/fotos/keep/images/photos/2003/Marcy1950,19501007AdmitNote.jpg,-,2003-09-12 10:44:21,-,388488,-,-,1103x1361,-,HP PhotoSmart 618 (V1.1),bda580dfd84400c80af3ce64a9700efc
/Users/mac24/a/projects/fotos/keep/images/photos/2003/Marcy1950,19501011GrimeInfo1.jpg,-,2003-09-14 14:18:16,-,403833,-,-,945x1151,-,HP PhotoSmart 618 (V1.1),ac772072f858ef4ba8aad2d5d68f9ae3
/Users/mac24/a/projects/fotos/keep/images/photos/2003/Marcy1950,19501011GrimeInfo2.jpg,-,2003-09-14 14:26:03,-,327880,-,-,1024x1264,-,HP PhotoSmart 618 (V1.1),08bef5b582ac48882f7b2c714c9ad413
/Users/mac24/a/projects/fotos/keep/images/photos/2003/Marcy1950,19501011GrimeInfo3.jpg,-,2003-09-14 14:29:53,-,330726,-,-,1069x1287,-,HP PhotoSmart 618 (V1.1),08728899bd6f8efa073b01c686e8c264
/Users/mac24/a/projects/fotos/keep/images/photos/2003/Marcy1950,19501212diagConference1.jpg,-,2003-09-12 10:31:54,-,396880,-,-,1046x1372,-,HP PhotoSmart 618 (V1.1),62a43d6858c550bccfe19ecd1b3a668a
/Users/mac24/a/projects/fotos/keep/images/photos/2003/Marcy1950,19501212diagConference2.jpg,-,2003-09-12 10:37:22,-,378251,-,-,1058x1270,-,HP PhotoSmart 618 (V1.1),6aec3607d929d060a75ca46ebb2e5bb4
/Users/mac24/a/projects/fotos/keep/images/photos/2003/Marcy1950,19501212diagConference3.jpg,-,2003-09-12 10:50:51,-,311008,-,-,1035x1213,-,HP PhotoSmart 618 (V1.1),b4bfb2071306a052b066f03df8c7679a
/Users/mac24/a/projects/fotos/keep/images/photos/2003/Marcy1950,19501213psychReport1.jpg,-,2003-09-14 15:33:38,-,352927,-,-,1059x1259,-,HP PhotoSmart 618 (V1.1),6cbbb2c0785a2bcbe2b0e3bbebf73d47
/Users/mac24/a/projects/fotos/keep/images/photos/2003/Marcy1950,19510117notes.jpg,-,2003-09-15 20:10:19,-,252439,-,-,870x1098,-,HP PhotoSmart 618 (V1.1),5dc3c81c75b0b25b62161ee7cbc8623a
/Users/mac24/a/projects/fotos/keep/images/photos/2003/Marcy1950,19510202clinicSummary.jpg,-,2003-09-14 14:08:23,-,629587,-,-,1117x1428,-,HP PhotoSmart 618 (V1.1),cacc7ddbbbf477609c482f5cc35bc924
/Users/mac24/a/projects/fotos/keep/images/photos/2003/Marcy1950,19510204notes.jpg,-,2003-09-15 20:16:20,-,212815,-,-,881x1065,-,HP PhotoSmart 618 (V1.1),0e3516d672fa89e0a0ede3e386070c3d
/Users/mac24/a/projects/fotos/keep/images/photos/2003/Marcy1950,19510504notes.jpg,-,2003-09-15 20:32:56,-,199801,-,-,837x1070,-,HP PhotoSmart 618 (V1.1),26ecca4a7950812287fef7e284d84335
/Users/mac24/a/projects/fotos/keep/images/photos/2003/Marcy1950,19520207intervalak.jpg,-,2003-09-16 21:16:26,-,236914,-,-,898x1159,-,HP PhotoSmart 618 (V1.1),8007f0654d0dbc08fd9a7dea1de1d956
/Users/mac24/a/projects/fotos/keep/images/photos/2003/Marcy1950,19520207notes.jpg,-,2003-09-17 00:16:32,-,230276,-,-,806x1123,-,HP PhotoSmart 618 (V1.1),d9dd9961ef49285d09a61f877a5a187c
/Users/mac24/a/projects/fotos/keep/images/photos/2003/Marcy1950,19520207statisticalData.jpg,-,2003-09-15 20:43:12,-,274318,-,-,1003x1234,-,HP PhotoSmart 618 (V1.1),82f51f3e7c786ff2b155b7b4ec7b2870
/Users/mac24/a/projects/fotos/keep/images/photos/2003/Marcy1950,19520210MentalExam.jpg,-,2003-09-16 22:27:09,-,172899,-,-,901x1131,-,HP PhotoSmart 618 (V1.1),bdf93f31de92aa45e67ef8658a2c37fe
/Users/mac24/a/projects/fotos/keep/images/photos/2003/Marcy1950,19520325DiagConference1.jpg,-,2003-09-16 21:00:36,-,313921,-,-,901x1159,-,HP PhotoSmart 618 (V1.1),2b44d87051d45f6a9e962a16d8e95b37
/Users/mac24/a/projects/fotos/keep/images/photos/2003/Marcy1950,19520325DiagConference2.jpg,-,2003-09-16 21:04:05,-,278761,-,-,870x1106,-,HP PhotoSmart 618 (V1.1),2235f21cbf526b206d497493c7abd5de
/Users/mac24/a/projects/fotos/keep/images/photos/2003/Marcy1950,19520325DiagConference3.jpg,-,2003-09-16 21:11:14,-,182550,-,-,854x1101,-,HP PhotoSmart 618 (V1.1),ec96b71e91f2c290ef9ccb5b2c322b0c
/Users/mac24/a/projects/fotos/keep/images/photos/2003/Marcy1950,19520402notes.jpg,-,2003-09-17 00:19:46,-,245149,-,-,879x1165,-,HP PhotoSmart 618 (V1.1),5f5acd7a82a515dd40cc8579bdc27b07
/Users/mac24/a/projects/fotos/keep/images/photos/2003/Marcy1950,19520409AbstractCert.jpg,-,2003-09-16 20:55:23,-,214359,-,-,926x1145,-,HP PhotoSmart 618 (V1.1),ebd710cf45af48109a1ff00e0af96161
/Users/mac24/a/projects/fotos/keep/images/photos/2003/Marcy1950,19520906notes.jpg,-,2003-09-17 00:23:06,-,214157,-,-,845x1131,-,HP PhotoSmart 618 (V1.1),7a629918c9c95243132d6700c3c66a31
/Users/mac24/a/projects/fotos/keep/images/photos/2003/Marcy1950,19530706psychReport1.jpg,-,2003-09-16 22:58:43,-,250311,-,-,892x1140,-,HP PhotoSmart 618 (V1.1),9926c089b9daa2139548ca9936dd3e2b
/Users/mac24/a/projects/fotos/keep/images/photos/2003/Marcy1950,19530706psychReport2.jpg,-,2003-09-17 00:11:28,-,180023,-,-,815x929,-,HP PhotoSmart 618 (V1.1),058eedb15c37b809c017c8ac47db6d82
/Users/mac24/a/projects/fotos/keep/images/photos/2004,20040905MarthasVinyard1.jpg,2004-09-04 16:36:26,2004-09-04 16:36:26,-,4158760,-,-,2592x1944,Unknown 7-21mm,Canon PowerShot S50,6e30f4f904fe06bd3b083922c2abcf97
/Users/mac24/a/projects/fotos/keep/images/photos/2004,20040905MarthasVinyard10.jpg,2004-09-05 12:55:01,2004-09-05 12:55:01,-,2589145,-,-,2592x1944,Unknown 7-21mm,Canon PowerShot S50,eb0312ff9e66beddf1443d91cbd90ffb
/Users/mac24/a/projects/fotos/keep/images/photos/2004,20040905MarthasVinyard11.jpg,2004-09-05 12:55:11,2004-09-05 12:55:11,-,2889444,-,-,2592x1944,Unknown 7-21mm,Canon PowerShot S50,09237cb4889383106148bc7946641a4c
/Users/mac24/a/projects/fotos/keep/images/photos/2004,20040905MarthasVinyard12.jpg,2004-09-05 16:15:45,2004-09-05 16:15:45,-,1782452,-,-,1944x2592,-,Canon PowerShot S50,ce775de6e74a61fd2dda87644d54b724
/Users/mac24/a/projects/fotos/keep/images/photos/2004,20040905MarthasVinyard2.jpg,2004-09-04 16:56:44,2004-09-04 16:56:44,-,3630718,-,-,2592x1944,Unknown 7-21mm,Canon PowerShot S50,fd4dbbf84f8af9c49a39ddbe82728966
/Users/mac24/a/projects/fotos/keep/images/photos/2004,20040905MarthasVinyard3.jpg,2004-09-04 17:01:06,2004-09-04 17:01:06,-,4054784,-,-,2592x1944,Unknown 7-21mm,Canon PowerShot S50,45b5c0af805503d788144e66b3970314
/Users/mac24/a/projects/fotos/keep/images/photos/2004,20040906MarthasVinyard1.jpg,2004-09-06 13:33:19,2004-09-06 13:33:19,-,3813158,-,-,2592x1944,Unknown 7-21mm,Canon PowerShot S50,fa3bf8101e847eb53bda5c13af990880
/Users/mac24/a/projects/fotos/keep/images/photos/2004,20040906MarthasVinyard4.jpg,2004-09-06 13:46:54,2004-09-06 13:46:54,-,2131685,-,-,1917x1930,-,Canon PowerShot S50,ce4be6d76ec3dd05a7f0a0451d148aa2
/Users/mac24/a/projects/fotos/keep/images/photos/2004,20040906MarthasVinyard6.jpg,2004-09-06 14:04:59,2004-09-06 14:04:59,-,3725613,-,-,2592x1944,Unknown 7-21mm,Canon PowerShot S50,2b5fc7effd8f0514724d3adf87da3b41
/Users/mac24/a/projects/fotos/keep/images/photos/2004,20040906MarthasVinyard7.jpg,2004-09-06 14:06:28,2004-09-06 14:06:28,-,3835422,-,-,1944x2592,-,Canon PowerShot S50,35e6e97afc727069fd5b1d4c2ed7b3fb
/Users/mac24/a/projects/fotos/keep/images/photos/2004,20040906MarthasVinyard8.jpg,2004-09-06 16:10:55,2004-09-06 16:10:55,-,2166916,-,-,2592x1944,Unknown 7-21mm,Canon PowerShot S50,6de915dbce36deca297d6ddf7f8306bb
/Users/mac24/a/projects/fotos/keep/images/photos/2004,20040911MathasVinyard10.jpg,-,-,-,23443,-,-,400x300,-,-,49c3703410f878e4d69101af19e727d7
/Users/mac24/a/projects/fotos/keep/images/photos/2004,20040911MathasVinyard12.jpg,2004-09-11 12:12:39,2004-09-11 12:12:39,-,1744751,-,-,2592x1944,Unknown 7-21mm,Canon PowerShot S50,e88d0ad8281577d651273ef7af782a9d
/Users/mac24/a/projects/fotos/keep/images/photos/2004,20040911MathasVinyard13.jpg,2004-09-11 12:46:33,2004-09-11 12:46:33,-,2699341,-,-,2592x1944,Unknown 7-21mm,Canon PowerShot S50,fff16e37a1f3897b6b0d9e914aebdcc4
/Users/mac24/a/projects/fotos/keep/images/photos/2004,20040911MathasVinyard14.jpg,2004-09-11 12:54:42,2004-09-11 12:54:42,-,3367960,-,-,2592x1944,Unknown 7-21mm,Canon PowerShot S50,f6202d8f3b5f25f939c280b465b80194
/Users/mac24/a/projects/fotos/keep/images/photos/2004,20040911MathasVinyard15.jpg,2004-09-11 12:58:39,2004-09-11 12:58:39,-,2487377,-,-,2592x1944,Unknown 7-21mm,Canon PowerShot S50,623d9390a5a52b0cc173a7b7cacd3d2f
/Users/mac24/a/projects/fotos/keep/images/photos/2004,20040911MathasVinyard16.jpg,2004-09-11 13:03:24,2004-09-11 13:03:24,-,4232004,-,-,2592x1944,Unknown 7-21mm,Canon PowerShot S50,b62032d063420bdee398bb0cc10e2d44
/Users/mac24/a/projects/fotos/keep/images/photos/2004,20040911MathasVinyard2.jpg,2004-09-11 11:43:49,2004-09-11 11:43:49,-,2429571,-,-,2592x1944,Unknown 7-21mm,Canon PowerShot S50,fd9d78646be3dd2dd31c297a8667d611
/Users/mac24/a/projects/fotos/keep/images/photos/2004,20040911MathasVinyard3.jpg,2004-09-11 11:45:31,2004-09-11 11:45:31,-,2411645,-,-,2592x1944,Unknown 7-21mm,Canon PowerShot S50,5a43d3bfb480262edf501a5009fcad24
/Users/mac24/a/projects/fotos/keep/images/photos/2004,20040911MathasVinyard4.jpg,2004-09-11 11:45:59,2004-09-11 11:45:59,-,2222100,-,-,2592x1944,Unknown 7-21mm,Canon PowerShot S50,ccdf588e2778d93e55656b2ad4d23470
/Users/mac24/a/projects/fotos/keep/images/photos/2004,20040911MathasVinyard5.jpg,2004-09-11 11:46:42,2004-09-11 11:46:42,-,2739161,-,-,1944x2592,-,Canon PowerShot S50,e399b855fcd42afd828ac165a6eb7773
/Users/mac24/a/projects/fotos/keep/images/photos/2004,20040911MathasVinyard6.jpg,2004-09-11 11:48:25,2004-09-11 11:48:25,-,2579866,-,-,2592x1944,Unknown 7-21mm,Canon PowerShot S50,6d6521ffc10a0c357f33f71db0630582
/Users/mac24/a/projects/fotos/keep/images/photos/2004,20040911MathasVinyard7.jpg,2004-09-11 11:54:40,2004-09-11 11:54:40,-,2315097,-,-,2592x1944,Unknown 7-21mm,Canon PowerShot S50,f7612dbe49c46229f8d9c1edd21b46c6
/Users/mac24/a/projects/fotos/keep/images/photos/2004,20040911MathasVinyard8.jpg,-,-,-,24951,-,-,400x300,-,-,d89374b2d4f7fe99745f48941828729c
/Users/mac24/a/projects/fotos/keep/images/photos/2004,20040911MathasVinyard9.jpg,-,-,-,23661,-,-,400x300,-,-,f52dea0baa237faf4790ac610a663333
/Users/mac24/a/projects/fotos/keep/images/photos/2004,20040921CSC_moving.jpg,2004-09-21 18:38:49,2004-09-21 18:38:49,-,1917754,-,-,2592x1944,Unknown 7-21mm,Canon PowerShot S50,22f1079dbb8efefbcb17b3cd137c2c0c
/Users/mac24/a/projects/fotos/keep/images/photos/2004,20040925PaintingCouple.jpg,2004-09-25 00:12:36,2004-09-25 00:12:36,-,2504133,-,-,2592x1944,-,Canon PowerShot S50,095c40fdc6f7d466ea53a958448849a7
/Users/mac24/a/projects/fotos/keep/images/photos/2004,20040925SligoCreek1.jpg,2004-09-25 15:00:10,2004-09-25 15:00:10,-,2998778,-,-,1944x2592,-,Canon PowerShot S50,a4cb306a2ae2b4d072a5af9f0ba2d7a2
/Users/mac24/a/projects/fotos/keep/images/photos/2004,20040925SligoCreek2.jpg,2004-09-25 15:00:50,2004-09-25 15:00:50,-,3475512,-,-,2592x1944,Unknown 7-21mm,Canon PowerShot S50,473c2eb17bc1316a8522b55a2d7840a6
/Users/mac24/a/projects/fotos/keep/images/photos/2004,20040925SligoCreek3.jpg,2004-09-25 15:01:18,2004-09-25 15:01:18,-,3655196,-,-,2592x1944,Unknown 7-21mm,Canon PowerShot S50,89f8bc156f36d909e2c54169d67d2756
/Users/mac24/a/projects/fotos/keep/images/photos/2004,20040926PaintingCouple2.jpg,2004-09-26 12:57:36,2004-09-26 12:57:36,-,1018760,-,-,2312x1830,-,Canon PowerShot S50,49217c760307bf00b8c4eeda77082a58
/Users/mac24/a/projects/fotos/keep/images/photos/2004,20040926PaintingLake.jpg,2004-09-26 12:54:39,2004-09-26 12:54:39,-,963429,-,-,2359x1757,-,Canon PowerShot S50,2a47f22172ee6f1a17b5e780f0b75a37
/Users/mac24/a/projects/fotos/keep/images/photos/2004,20041003NelsonRocksWV01.jpg,2004-10-03 11:12:24,2004-10-03 11:12:24,-,2926788,-,-,1944x2592,-,Canon PowerShot S50,618fdda3111037f78e1d27d4cae483aa
/Users/mac24/a/projects/fotos/keep/images/photos/2004,20041003NelsonRocksWV02.jpg,2004-10-03 11:12:29,2004-10-03 11:12:29,-,2925774,-,-,1944x2592,-,Canon PowerShot S50,e9737277860a21a3790c98588602c477
/Users/mac24/a/projects/fotos/keep/images/photos/2004,20041003NelsonRocksWV10.jpg,2004-10-03 10:56:40,2004-10-03 10:56:40,-,3493384,-,-,1944x2592,-,Canon PowerShot S50,e7055f2d227ecd8a8f7dcb6981884be8
/Users/mac24/a/projects/fotos/keep/images/photos/2004,20041003NelsonRocksWV11.jpg,2004-10-03 10:58:45,2004-10-03 10:58:45,-,3428059,-,-,1944x2592,-,Canon PowerShot S50,01fd224a37aefc5b5ec516c5abc4a65b
/Users/mac24/a/projects/fotos/keep/images/photos/2004,20041003NelsonRocksWV12.jpg,2004-10-03 10:59:13,2004-10-03 10:59:13,-,3324113,-,-,1944x2592,-,Canon PowerShot S50,0c63e94017eeb07917193453e19201e5
/Users/mac24/a/projects/fotos/keep/images/photos/2004,20041003NelsonRocksWV13.jpg,2004-10-03 11:11:39,2004-10-03 11:11:39,-,3337687,-,-,2592x1944,Unknown 7-21mm,Canon PowerShot S50,c75cca36d52a7e0bc7e1f7148663988f
/Users/mac24/a/projects/fotos/keep/images/photos/2004,20041003NelsonRocksWV14.jpg,2004-10-03 11:11:57,2004-10-03 11:11:57,-,2392468,-,-,1944x2592,-,Canon PowerShot S50,ec53fad31cbf6a88d7aa0b4713653476
/Users/mac24/a/projects/fotos/keep/images/photos/2004,20041003NelsonRocksWV17.jpg,2004-10-03 11:13:43,2004-10-03 11:13:43,-,3005610,-,-,1944x2592,-,Canon PowerShot S50,877f1a0153332624ab02266ece66b0b1
/Users/mac24/a/projects/fotos/keep/images/photos/2004,20041003NelsonRocksWV18.jpg,2004-10-03 11:25:08,2004-10-03 11:25:08,-,3884558,-,-,2592x1944,Unknown 7-21mm,Canon PowerShot S50,869418fa94b9ad16618efba51920f75a
/Users/mac24/a/projects/fotos/keep/images/photos/2004,20041003NelsonRocksWV19.jpg,2004-10-03 11:47:07,2004-10-03 11:47:07,-,1762698,-,-,2592x1944,Unknown 7-21mm,Canon PowerShot S50,3be529dbb9c939ba630972950db8d429
/Users/mac24/a/projects/fotos/keep/images/photos/2004,20041003NelsonRocksWV20.jpg,2004-10-03 11:47:17,2004-10-03 11:47:17,-,1641371,-,-,2592x1944,-,Canon PowerShot S50,8a46611819fcede5d56088324867c382
/Users/mac24/a/projects/fotos/keep/images/photos/2004,20041003NelsonRocksWV21.jpg,2004-10-03 11:48:19,2004-10-03 11:48:19,-,2524900,-,-,2592x1944,-,Canon PowerShot S50,a639c913db588eebf259abb7d3ec646a
/Users/mac24/a/projects/fotos/keep/images/photos/2004,20041003NelsonRocksWV22.jpg,2004-10-03 11:48:52,2004-10-03 11:48:52,-,3649513,-,-,2592x1944,-,Canon PowerShot S50,d5d0d075925f3c34a69de7ae46363d0e
/Users/mac24/a/projects/fotos/keep/images/photos/2004,20041003NelsonRocksWV23.jpg,2004-10-03 11:49:08,2004-10-03 11:49:08,-,3767204,-,-,2592x1944,-,Canon PowerShot S50,88a8e87cad7c178f11fee0c19c4eeaf7
/Users/mac24/a/projects/fotos/keep/images/photos/2004,20041003NelsonRocksWV24.jpg,2004-10-03 13:04:27,2004-10-03 13:04:27,-,2429304,-,-,2592x1944,-,Canon PowerShot S50,73e4ef265b366ce2982546b30152fca4
/Users/mac24/a/projects/fotos/keep/images/photos/2004,20041003NelsonRocksWV25.jpg,2004-10-03 13:21:48,2004-10-03 13:21:48,-,3259728,-,-,1944x2592,-,Canon PowerShot S50,0215dd3c4ba5faf8b9d16e16910326ce
/Users/mac24/a/projects/fotos/keep/images/photos/2004,20041003NelsonRocksWV7.jpg,2004-10-03 10:09:21,2004-10-03 10:09:21,-,3151485,-,-,2592x1944,Unknown 7-21mm,Canon PowerShot S50,0acd5d6310d8674c5d92a01d50247c69
/Users/mac24/a/projects/fotos/keep/images/photos/2004,20041003NelsonRocksWV8.jpg,2004-10-03 10:12:03,2004-10-03 10:12:03,-,3862045,-,-,1944x2592,-,Canon PowerShot S50,4fed84b19da2ff72a67c6cfb87186bdc
/Users/mac24/a/projects/fotos/keep/images/photos/2004,20041003NelsonRocksWV9.jpg,2004-10-03 10:56:30,2004-10-03 10:56:30,-,3477843,-,-,2592x1944,-,Canon PowerShot S50,17f0f1c659b96e5b71fcbb465dfbe223
/Users/mac24/a/projects/fotos/keep/images/photos/2004,20041003RoadSideSculpWV1.jpg,2004-10-03 16:46:42,2004-10-03 16:46:42,-,3824318,-,-,2592x1944,-,Canon PowerShot S50,f2598d67dfcb9829bbf14072b606cada
/Users/mac24/a/projects/fotos/keep/images/photos/2004,20041003roadSideSculpWV2.jpg,2004-10-03 16:47:00,2004-10-03 16:47:00,-,3269449,-,-,1944x2592,-,Canon PowerShot S50,f6e106673a45d4318c36ad8400c319d3
/Users/mac24/a/projects/fotos/keep/images/photos/2004,20041003SpruceKnobLiz1.jpg,2004-10-03 15:09:28,2004-10-03 15:09:28,-,2847454,-,-,2592x1944,Unknown 7-21mm,Canon PowerShot S50,8fbdee27249de3fe99717ba76f8d7290
/Users/mac24/a/projects/fotos/keep/images/photos/2004,20041003SpruceKnobWV2.jpg,2004-10-03 15:21:28,2004-10-03 15:21:28,-,1929019,-,-,2592x1944,Unknown 7-21mm,Canon PowerShot S50,980f68dcc1f9ef19d495b9d6d34e9870
/Users/mac24/a/projects/fotos/keep/images/photos/2004,20041003SpruceKnobWV3.jpg,2004-10-03 15:45:07,2004-10-03 15:45:07,-,2498256,-,-,2592x1944,Unknown 7-21mm,Canon PowerShot S50,18358298666e05917d9bb987ba1c4714
/Users/mac24/a/projects/fotos/keep/images/photos/2004,20041003SpruceKnobWV4.jpg,2004-10-03 15:47:26,2004-10-03 15:47:26,-,2140462,-,-,2592x1944,-,Canon PowerShot S50,f439134cbeff622cd9f1dfde75bf7b01
/Users/mac24/a/projects/fotos/keep/images/photos/2004,20041009Boston1.jpg,2004-10-06 16:57:49,2004-10-06 16:57:49,-,2303025,-,-,2592x1944,Unknown 7-21mm,Canon PowerShot S50,7f83da6ecf3c82bb8ed8bc116abd28b6
/Users/mac24/a/projects/fotos/keep/images/photos/2004,20041009Boston2.jpg,2004-10-06 17:35:50,2004-10-06 17:35:50,-,396041,-,-,2592x1571,-,Canon PowerShot S50,44e8bea4357ed7a5f5103e82af53fa39
/Users/mac24/a/projects/fotos/keep/images/photos/2004,20041009Boston3.jpg,2004-10-06 17:36:09,2004-10-06 17:36:09,-,2097202,-,-,2592x1944,Unknown 7-21mm,Canon PowerShot S50,46a5b8be54a1c67156cc7f2a62c09b9e
/Users/mac24/a/projects/fotos/keep/images/photos/2004,20041009Boston5.jpg,2004-10-08 11:14:26,2004-10-08 11:14:26,-,334079,-,-,2473x1448,-,Canon PowerShot S50,6cdc43451403ce179f59885278821782
/Users/mac24/a/projects/fotos/keep/images/photos/2004,20041009Boston8.jpg,2004-10-08 13:29:33,2004-10-08 13:29:33,-,1014421,-,-,1747x1438,-,Canon PowerShot S50,17d7417bd2f57931aa25636305d219d3
/Users/mac24/a/projects/fotos/keep/images/photos/2004,20041017PaintingofDancers.jpg,2004-10-17 15:22:20,2004-10-17 15:22:20,-,721964,-,-,2353x1717,-,Canon PowerShot S50,b7debbc298042b9e6e29a5ffa1a5f344
/Users/mac24/a/projects/fotos/keep/images/photos/2004,20041017PhilTennis.jpg,2004-10-17 12:47:41,2004-10-17 12:47:41,-,493597,-,-,2110x895,-,Canon PowerShot S50,a9f043924d2e7639ed4a79e9e83587cf
/Users/mac24/a/projects/fotos/keep/images/photos/2004,20041212_Apartment1.jpg,2004-12-09 07:44:42,2004-12-09 07:44:42,-,429365,-,-,985x689,-,Canon PowerShot S50,a2b4929f09cfc857cbf7c9d416502cd9
/Users/mac24/a/projects/fotos/keep/images/photos/2004,20041212_Apartment2.jpg,2004-12-09 07:49:18,2004-12-09 07:49:18,-,395319,-,-,965x768,-,Canon PowerShot S50,bf7ba6520ee13bf838c87580b6dbf896
/Users/mac24/a/projects/fotos/keep/images/photos/2004,20041212_Apartment3.jpg,2004-12-09 07:50:17,2004-12-09 07:50:17,-,408006,-,-,966x758,-,Canon PowerShot S50,d0bd30d2b049b7b2007ec1f99ee4bc8a
/Users/mac24/a/projects/fotos/keep/images/photos/2004,20041214_NJShore01.jpg,2004-12-14 14:48:25,2004-12-14 14:48:25,-,989142,-,-,2551x815,-,Canon PowerShot S50,5a5dad07dcd06372b8975c7f56033d8e
/Users/mac24/a/projects/fotos/keep/images/photos/2004,20041214_NJShore02.jpg,2004-12-14 14:49:45,2004-12-14 14:49:45,-,1468052,-,-,2524x1044,-,Canon PowerShot S50,f15bb16a29f39b9c5aafa7d913aeb315
/Users/mac24/a/projects/fotos/keep/images/photos/2004,20041214_NJShore03.jpg,2004-12-14 14:50:29,2004-12-14 14:50:29,-,1564743,-,-,2585x1040,-,Canon PowerShot S50,6981637d5449c2228b13b6b8d6a4c9f1
/Users/mac24/a/projects/fotos/keep/images/photos/2004,20041214_NJShore04.jpg,2004-12-14 15:10:06,2004-12-14 15:10:06,-,2405211,-,-,1944x2592,-,Canon PowerShot S50,d31febb9cbcf4237a2241baa8f8cc516
/Users/mac24/a/projects/fotos/keep/images/photos/2004,20041214_NJShore05.jpg,2004-12-14 15:10:36,2004-12-14 15:10:36,-,2668479,-,-,2592x1944,-,Canon PowerShot S50,f6492158944d528b13a4684c4e56ca91
/Users/mac24/a/projects/fotos/keep/images/photos/2004,20041214_NJShore06.jpg,2004-12-14 15:10:49,2004-12-14 15:10:49,-,3702403,-,-,2592x1944,Unknown 7-21mm,Canon PowerShot S50,20e332a7968f905d074ea84f28b5fa3a
/Users/mac24/a/projects/fotos/keep/images/photos/2004,20041214_NJShore09.jpg,2004-12-14 15:11:37,2004-12-14 15:11:37,-,2310915,-,-,2592x1944,Unknown 7-21mm,Canon PowerShot S50,133a74ed54ddf4ba7b8d70e7a0c2ed90
/Users/mac24/a/projects/fotos/keep/images/photos/2004,20041214_NJShore10.jpg,2004-12-14 15:11:58,2004-12-14 15:11:58,-,1665564,-,-,2569x1487,-,Canon PowerShot S50,018bbc8efd0dbd6cbc032803f2c59a7c
/Users/mac24/a/projects/fotos/keep/images/photos/2004,20041214_NJShore11.jpg,2004-12-14 15:12:34,2004-12-14 15:12:34,-,2346541,-,-,1944x2592,-,Canon PowerShot S50,fae31dda461ff2a16da4e94dd955474a
/Users/mac24/a/projects/fotos/keep/images/photos/2004,20041214_NJShore12.jpg,2004-12-14 15:12:56,2004-12-14 15:12:56,-,2871957,-,-,2592x1944,Unknown 7-21mm,Canon PowerShot S50,369db3055031bdccc4b8e886d9ec8a05
/Users/mac24/a/projects/fotos/keep/images/photos/2004,20041214_NJShore13.jpg,2004-12-14 15:14:09,2004-12-14 15:14:09,-,2171206,-,-,1944x2592,-,Canon PowerShot S50,969512f38a080bbc660b105cf33bf781
/Users/mac24/a/projects/fotos/keep/images/photos/2004,20041214_NJShore14.jpg,2004-12-14 15:14:36,2004-12-14 15:14:36,-,2271399,-,-,1944x2592,-,Canon PowerShot S50,738a561dae7d8ab6831fe829d726a548
/Users/mac24/a/projects/fotos/keep/images/photos/2004,20041214_NJShore15.jpg,2004-12-14 15:25:42,2004-12-14 15:25:42,-,2341980,-,-,2563x1454,-,Canon PowerShot S50,033b13ca780d8b41ca3c3d52f4c094bc
/Users/mac24/a/projects/fotos/keep/images/photos/2004,20041214_NJShore18.jpg,2004-12-14 15:30:33,2004-12-14 15:30:33,-,2246412,-,-,2541x1349,-,Canon PowerShot S50,c0cfbb478dc8eb4bf9f94af20421a717
/Users/mac24/a/projects/fotos/keep/images/photos/2004,20041214_NJShore19.jpg,2004-12-14 15:30:53,2004-12-14 15:30:53,-,3536661,-,-,1944x2592,-,Canon PowerShot S50,6fd7d90c333914b113c63dc0a0049199
/Users/mac24/a/projects/fotos/keep/images/photos/2004,20041214_NJShore20.jpg,2004-12-14 15:31:55,2004-12-14 15:31:55,-,1167939,-,-,2568x1151,-,Canon PowerShot S50,e5a7c243ad7012204bb2336ca477a421
/Users/mac24/a/projects/fotos/keep/images/photos/2004,20041214_NJShore21.jpg,2004-12-14 15:35:52,2004-12-14 15:35:52,-,3254393,-,-,2592x1944,Unknown 7-21mm,Canon PowerShot S50,2f85fee2cc74d5b2c3630abf25074830
/Users/mac24/a/projects/fotos/keep/images/photos/2004,20041214_NJShore22.jpg,2004-12-14 15:36:30,2004-12-14 15:36:30,-,4262907,-,-,2592x1944,Unknown 7-21mm,Canon PowerShot S50,cd18873a7d8f6a3c7651adb63aeef261
/Users/mac24/a/projects/fotos/keep/images/photos/2004,20041214_NJShore24.jpg,2004-12-14 15:37:43,2004-12-14 15:37:43,-,1723155,-,-,2563x1431,-,Canon PowerShot S50,c8ff0f0634b6a014121dae2a38219e30
/Users/mac24/a/projects/fotos/keep/images/photos/2004,20041214_NJShore27.jpg,2004-12-14 15:39:34,2004-12-14 15:39:34,-,2624839,-,-,2592x1944,Unknown 7-21mm,Canon PowerShot S50,22bbbeda1ffb9e30f13bb1d03306a89d
/Users/mac24/a/projects/fotos/keep/images/photos/2004,20041214_NJShore31.jpg,2004-12-14 15:51:52,2004-12-14 15:51:52,-,3689075,-,-,2592x1944,Unknown 7-21mm,Canon PowerShot S50,2b4042670f4e1a082e76c3e54b50082f
/Users/mac24/a/projects/fotos/keep/images/photos/2004,20041214_NJShore32.jpg,2004-12-14 15:52:31,2004-12-14 15:52:31,-,2986835,-,-,2592x1944,Unknown 7-21mm,Canon PowerShot S50,7a22f4e3c606c7372a6d8f0cc88f06cb
/Users/mac24/a/projects/fotos/keep/images/photos/2004,20041214_NJShore34.jpg,2004-12-14 15:53:45,2004-12-14 15:53:45,-,2623423,-,-,2592x1944,Unknown 7-21mm,Canon PowerShot S50,cbf25785b87249f6467180ab7e2a601e
/Users/mac24/a/projects/fotos/keep/images/photos/2004,20041214_NJShore36.jpg,2004-12-14 16:17:36,2004-12-14 16:17:36,-,3880132,-,-,2592x1944,-,Canon PowerShot S50,21ca85a7d2de4d9ea1f5a08e4c3cf1ec
/Users/mac24/a/projects/fotos/keep/images/photos/2004,20041214_NJShore37.jpg,2004-12-14 16:17:59,2004-12-14 16:17:59,-,3213729,-,-,2592x1944,-,Canon PowerShot S50,1e7513c7062f0b69832b73576f95cdf2
/Users/mac24/a/projects/fotos/keep/images/photos/2004,20041214_NJShore38.jpg,2004-12-14 16:18:47,2004-12-14 16:18:47,-,2877296,-,-,2592x1944,Unknown 7-21mm,Canon PowerShot S50,81f4495de18bd7f607c5e0a3fc1b992d
/Users/mac24/a/projects/fotos/keep/images/photos/2004,20041214_NJShore39.jpg,2004-12-14 16:18:57,2004-12-14 16:18:57,-,2874100,-,-,2592x1944,Unknown 7-21mm,Canon PowerShot S50,b7eedc1aba368739c7639926cf48be5e
/Users/mac24/a/projects/fotos/keep/images/photos/2004,200412Christmas05.jpg,2004-12-27 20:40:55,2004-12-27 20:40:55,-,2452705,-,-,1944x2592,-,Canon PowerShot S50,8b91b3c9849f0d2f95729a22e5cc581d
/Users/mac24/a/projects/fotos/keep/images/photos/2004,200412Christmas06.jpg,2004-12-27 20:41:23,2004-12-27 20:41:23,-,2599048,-,-,2592x1944,Unknown 7-21mm,Canon PowerShot S50,c1bd6ff1b155675ba75f56874c383c13
/Users/mac24/a/projects/fotos/keep/images/photos/2004,200412Christmas07.jpg,2004-12-27 20:42:05,2004-12-27 20:42:05,-,2503614,-,-,2592x1944,Unknown 7-21mm,Canon PowerShot S50,8a0c28ed90534cc0dac895a6d49262e2
/Users/mac24/a/projects/fotos/keep/images/photos/2004,200412Christmas08.jpg,2004-12-27 20:42:28,2004-12-27 20:42:28,-,1913407,-,-,1944x2592,-,Canon PowerShot S50,74a022a751d7500556279963dfb53829
/Users/mac24/a/projects/fotos/keep/images/photos/2004,200412Christmas09.jpg,2004-12-27 20:42:32,2004-12-27 20:42:32,-,1848822,-,-,1944x2592,-,Canon PowerShot S50,bf9b3e168c63adf827b8aeabb33404c4
/Users/mac24/a/projects/fotos/keep/images/photos/2004,200412Christmas10.jpg,2004-12-27 20:43:01,2004-12-27 20:43:01,-,2500749,-,-,2592x1944,Unknown 7-21mm,Canon PowerShot S50,f267b2d334cbcdf2ca96e19679be0b54
/Users/mac24/a/projects/fotos/keep/images/photos/2004,200412Christmas11.jpg,2004-12-27 20:45:24,2004-12-27 20:45:24,-,2031394,-,-,2592x1944,Unknown 7-21mm,Canon PowerShot S50,c30b30b48d55d472ceb73e44be1153de
/Users/mac24/a/projects/fotos/keep/images/photos/2004,200412Christmas12.jpg,2004-12-27 20:46:08,2004-12-27 20:46:08,-,2980732,-,-,2592x1944,Unknown 7-21mm,Canon PowerShot S50,df1bfe4cde600787ee251e2e79d137d9
/Users/mac24/a/projects/fotos/keep/images/photos/2004,200412Christmas13.jpg,2004-12-27 20:47:40,2004-12-27 20:47:40,-,840556,-,-,1983x1904,-,Canon PowerShot S50,2ec6315e3591d09fa0084df7ad6d11a8
/Users/mac24/a/projects/fotos/keep/images/photos/2004,200412Christmas14.jpg,2004-12-27 20:48:11,2004-12-27 20:48:11,-,2177238,-,-,2592x1944,Unknown 7-21mm,Canon PowerShot S50,ee357b977a51903f55c063bf2b61fc70
/Users/mac24/a/projects/fotos/keep/images/photos/2004,200412Christmas16.jpg,2004-12-27 20:56:14,2004-12-27 20:56:14,-,2213622,-,-,2592x1944,Unknown 7-21mm,Canon PowerShot S50,2aebe582329b78de9a4ad5816ffa5099
/Users/mac24/a/projects/fotos/keep/images/photos/2004,200412Christmas17.jpg,2004-12-27 20:57:44,2004-12-27 20:57:44,-,2227887,-,-,2592x1944,Unknown 7-21mm,Canon PowerShot S50,995148b5af2c9aaf07de128e811b6fb4
/Users/mac24/a/projects/fotos/keep/images/photos/2004,200412Christmas19.jpg,2004-12-27 21:00:05,2004-12-27 21:00:05,-,1892323,-,-,1944x2592,-,Canon PowerShot S50,dea12c20c21a713f0b88daca8191f944
/Users/mac24/a/projects/fotos/keep/images/photos/2004,200412Christmas20.jpg,2004-12-27 21:02:18,2004-12-27 21:02:18,-,2345311,-,-,2592x1944,Unknown 7-21mm,Canon PowerShot S50,45e6d3a371090f926880dadddcf4f0fb
/Users/mac24/a/projects/fotos/keep/images/photos/2004,200412Christmas21.jpg,2004-12-27 21:03:44,2004-12-27 21:03:44,-,2263340,-,-,2592x1944,Unknown 7-21mm,Canon PowerShot S50,64d69ff26c3a28aa32e3ff979e3fe096
/Users/mac24/a/projects/fotos/keep/images/photos/2004,200412Christmas22.jpg,2004-12-27 22:50:34,2004-12-27 22:50:34,-,2299082,-,-,2592x1944,Unknown 7-21mm,Canon PowerShot S50,5a2a720e97b1e123ba384d003ff1b685
/Users/mac24/a/projects/fotos/keep/images/photos/2004,200412Christmas23.jpg,2004-12-27 22:51:29,2004-12-27 22:51:29,-,1480886,-,-,2592x1944,Unknown 7-21mm,Canon PowerShot S50,b3ba8a62409a55439b25897db3108fc7
/Users/mac24/a/projects/fotos/keep/images/photos/2004,200412Christmas24.jpg,2004-12-27 22:51:51,2004-12-27 22:51:51,-,1493219,-,-,2592x1944,Unknown 7-21mm,Canon PowerShot S50,1cfe02f88ac1168acc8e5f6499214fb1
/Users/mac24/a/projects/fotos/keep/images/photos/2004,200412Christmas25.jpg,2004-12-27 22:52:30,2004-12-27 22:52:30,-,2254891,-,-,2592x1944,Unknown 7-21mm,Canon PowerShot S50,f143e5c22a8cb0c153b2aceb504b1df1
/Users/mac24/a/projects/fotos/keep/images/photos/2004,200412Christmas26.jpg,2004-12-27 22:52:55,2004-12-27 22:52:55,-,2193045,-,-,2592x1944,Unknown 7-21mm,Canon PowerShot S50,1f7abd509c995f260b3dbfcffc0e786b
/Users/mac24/a/projects/fotos/keep/images/photos/2004,200412Christmas27.jpg,2004-12-27 22:53:27,2004-12-27 22:53:27,-,2277389,-,-,2592x1944,Unknown 7-21mm,Canon PowerShot S50,e71fcb936cb985c90d74e498f88c2312
/Users/mac24/a/projects/fotos/keep/images/photos/2004,200412Christmas28.jpg,2004-12-27 22:54:41,2004-12-27 22:54:41,-,2182646,-,-,2592x1944,Unknown 7-21mm,Canon PowerShot S50,23a1b4793d88d0bff394dec0d72523f7
/Users/mac24/a/projects/fotos/keep/images/photos/2004,200412Christmas29.jpg,2004-12-27 22:55:46,2004-12-27 22:55:46,-,1667667,-,-,2592x1944,Unknown 7-21mm,Canon PowerShot S50,e41e7558fdac273161e4d1d4663d3345
/Users/mac24/a/projects/fotos/keep/images/photos/2004,200412Christmas30.jpg,2004-12-27 22:56:45,2004-12-27 22:56:45,-,2119372,-,-,2592x1944,Unknown 7-21mm,Canon PowerShot S50,00af1f43a16773255cbd430dbd383bf8
/Users/mac24/a/projects/fotos/keep/images/photos/2004,middletownMD2004.jpg,-,-,-,115327,-,-,800x600,-,-,28f3b4e37bd4c69f374174a47046f07c
/Users/mac24/a/projects/fotos/keep/images/photos/2004,middletownMD2004b.jpg,-,-,-,86542,-,-,800x600,-,-,bf1799eff2b54fb3f5c34b9b6a048dc8
/Users/mac24/a/projects/fotos/keep/images/photos/2004,myApt2004.jpg,-,-,-,139144,-,-,800x600,-,-,a025c4d52a2dec2904dbaaab7eb0ff6d
/Users/mac24/a/projects/fotos/keep/images/photos/2004,StoryTime.jpg,2012-05-05 14:19:10,2012-05-05 14:19:10,-,988689,-,-,1995x1326,-,NIKON D5000,e341a1f35476090d7cb17251e7042d8c
/Users/mac24/a/projects/fotos/keep/images/photos/2004/2004_02_21Liz&Phil,LIZ!!.jpg,2004-02-21 19:49:29,2004-02-21 19:49:29,-,980186,-,-,2592x1944,-,Canon PowerShot S50,10919aa75d573b3ba1c71f1344fda8ec
/Users/mac24/a/projects/fotos/keep/images/photos/2004/2004_02_xxDaryl'sWedding,mime001.jpg,2004-01-11 16:02:52,2004-01-11 16:02:52,-,140903,-,-,640x480,Unknown 5-16mm,Canon PowerShot A70,7a8ba44753654308b3c3e94fd162fde2
/Users/mac24/a/projects/fotos/keep/images/photos/2004/2004_02_xxDaryl'sWedding,mime002.jpg,2004-01-11 16:03:01,2004-01-11 16:03:01,-,144863,-,-,640x480,Unknown 5-16mm,Canon PowerShot A70,dd17743f610c5988626360f96409a2a2
/Users/mac24/a/projects/fotos/keep/images/photos/2004/2004_02_xxDaryl'sWedding,mime003.jpg,2004-01-11 16:03:23,2004-01-11 16:03:23,-,147438,-,-,640x480,Unknown 5-16mm,Canon PowerShot A70,e24bb54bbfe3909b3a1dab87a895b490
/Users/mac24/a/projects/fotos/keep/images/photos/2004/2004_02_xxDaryl'sWedding,mime004.jpg,2004-01-11 17:16:48,2004-01-11 17:16:48,-,132454,-,-,640x480,Unknown 5-16mm,Canon PowerShot A70,7863808bab514524548f97c868f63ff5
/Users/mac24/a/projects/fotos/keep/images/photos/2004/2004_03_21SugarLoaf,20040321SugarloafView.jpg,-,-,-,1991303,-,-,5540x1251,-,-,791209a8205c3ce6479e0fce12f1ec74
/Users/mac24/a/projects/fotos/keep/images/photos/2004/2004_04_13MtTamalpias,predsidio.jpg,-,-,-,4035011,-,-,13821x1899,-,-,0acb11f97c713627dec6cd0694ea06d0
/Users/mac24/a/projects/fotos/keep/images/photos/2004/2004_04_13MtTamalpias,Woman&Child_PresidioSF.jpg,-,-,-,847705,-,-,3356x1419,-,-,832749d1c5b761576d2ab32344dae4ce
/Users/mac24/a/projects/fotos/keep/images/photos/2004/2004_04_17centralCalifornia,20040417CAHiway99.jpg,-,-,-,2570907,-,-,8450x1717,-,-,94c7d2d6dc9eba25789f4286d8cd91b4
/Users/mac24/a/projects/fotos/keep/images/photos/2004/2004_04_17centralCalifornia,20040417CAHiway99small.jpg,-,-,-,2639526,-,-,7620x1562,-,-,880337d845c5a63ecf2774aeba0e7bed
/Users/mac24/a/projects/fotos/keep/images/photos/2004/20040511AtlantaGA,20040511AtlantaGA - 10.jpg,2004-05-11 11:01:17,2004-05-11 11:01:17,-,1446650,-,-,2592x1944,Unknown 7-21mm,Canon PowerShot S50,ea4d0601d1755c1fd9f228ec91c3c17d
/Users/mac24/a/projects/fotos/keep/images/photos/2004/20040511AtlantaGA,20040511AtlantaGA - 11.jpg,2004-05-11 11:01:59,2004-05-11 11:01:59,-,1451155,-,-,2592x1944,Unknown 7-21mm,Canon PowerShot S50,6d2d979f72d4248f13b61c1e4c5234ed
/Users/mac24/a/projects/fotos/keep/images/photos/2004/20040511AtlantaGA,20040511AtlantaGA - 12.jpg,-,-,-,3677863,-,-,9104x1730,-,-,38193b643c339a09e6b0b2ac3272bfb9
/Users/mac24/a/projects/fotos/keep/images/photos/2004/20040511AtlantaGA,20040511AtlantaGA - 2.jpg,2004-05-11 10:51:39,2004-05-11 10:51:39,-,1678450,-,-,2592x1944,Unknown 7-21mm,Canon PowerShot S50,2e3a2d4cb8453814d3cbd60d80e361a5
/Users/mac24/a/projects/fotos/keep/images/photos/2004/20040511AtlantaGA,20040511AtlantaGA - 3.jpg,2004-05-11 10:53:31,2004-05-11 10:53:31,-,1434716,-,-,2583x1271,-,Canon PowerShot S50,469265da0b8f370b04701799d73e8db7
/Users/mac24/a/projects/fotos/keep/images/photos/2004/20040511AtlantaGA,20040511AtlantaGA - 5.jpg,2004-05-11 10:57:13,2004-05-11 10:57:13,-,1659657,-,-,2592x1944,Unknown 7-21mm,Canon PowerShot S50,68842293c62c078d7e52710c86e823ad
/Users/mac24/a/projects/fotos/keep/images/photos/2004/20040511AtlantaGA,20040511AtlantaGA - 6.jpg,2004-05-11 10:57:42,2004-05-11 10:57:42,-,1681275,-,-,2592x1944,Unknown 7-21mm,Canon PowerShot S50,a9f6e006cf977b467cc85e432c9598df
/Users/mac24/a/projects/fotos/keep/images/photos/2004/20040511AtlantaGA,20040511AtlantaGA - 7.jpg,2004-05-11 10:58:11,2004-05-11 10:58:11,-,1504566,-,-,2592x1944,Unknown 7-21mm,Canon PowerShot S50,11a71ece7caab5a0372f75c0e849b3b2
/Users/mac24/a/projects/fotos/keep/images/photos/2004/20040511AtlantaGA,20040511AtlantaGA - 8.jpg,2004-05-11 10:58:53,2004-05-11 10:58:53,-,1735784,-,-,2592x1944,Unknown 7-21mm,Canon PowerShot S50,8019b4dd96663f83f2aa77848ce8393b
/Users/mac24/a/projects/fotos/keep/images/photos/2004/20040511AtlantaGA,20040511AtlantaGA - 9.jpg,2004-05-11 10:59:47,2004-05-11 10:59:47,-,1388180,-,-,2592x1944,Unknown 7-21mm,Canon PowerShot S50,019f556d5fc453351fe66629d5727542
/Users/mac24/a/projects/fotos/keep/images/photos/2004/20040613MiddleTownKitty,20040613MiddleTownLimeStoneLane.jpg,2004-06-13 10:36:57,2004-06-13 10:36:57,-,2762362,-,-,2592x1944,Unknown 7-21mm,Canon PowerShot S50,49042cb5efa2b8ca094f53c1a398202a
/Users/mac24/a/projects/fotos/keep/images/photos/2004/20040613MiddleTownKitty,20040613MiddleTownMsKitty.jpg,2004-06-13 10:34:58,2004-06-13 10:34:58,-,2668898,-,-,2592x1944,Unknown 7-21mm,Canon PowerShot S50,77a4cf9eadec2bf584ca0434095b12c6
/Users/mac24/a/projects/fotos/keep/images/photos/2004/20040613MiddleTownKitty,20040613MiddleTownMsKitty2.jpg,2004-06-13 10:35:12,2004-06-13 10:35:12,-,2504117,-,-,2592x1944,Unknown 7-21mm,Canon PowerShot S50,7b430c55ac148d31ef439d854d0d7f3e
/Users/mac24/a/projects/fotos/keep/images/photos/2004/20040614weeds,20040614weeds - 2.jpg,2004-06-14 13:32:21,2004-06-14 13:32:21,-,2066048,-,-,2592x1944,Unknown 7-21mm,Canon PowerShot S50,e3162b4808f097b9e503f2719610aa62
/Users/mac24/a/projects/fotos/keep/images/photos/2004/20040614weeds,20040614weeds - 3.jpg,2004-06-14 13:35:18,2004-06-14 13:35:18,-,2357143,-,-,2592x1944,Unknown 7-21mm,Canon PowerShot S50,9384a61ef03a9ca9459a949c2024a8f3
/Users/mac24/a/projects/fotos/keep/images/photos/2004/20040614weeds,20040626_Gaithersburg - 3.jpg,2004-06-26 14:36:14,2004-06-26 14:36:14,-,938700,-,-,1588x877,-,Canon PowerShot S50,7e21164c9db22a0c55ca287b497af263
/Users/mac24/a/projects/fotos/keep/images/photos/2004/20040717Butterflies,20040717butterFlys1.jpg,2004-07-17 14:47:04,2004-07-17 14:47:04,-,2202317,-,-,2592x1944,Unknown 7-21mm,Canon PowerShot S50,663b4170dc1d9f454c4442913e9db00a
/Users/mac24/a/projects/fotos/keep/images/photos/2004/20040717Butterflies,20040717butterFlys2.jpg,2004-07-17 14:52:12,2004-07-17 14:52:12,-,2174597,-,-,2290x1754,-,Canon PowerShot S50,2cb67d22e2aebae33586568689091990
/Users/mac24/a/projects/fotos/keep/images/photos/2004/20040717Butterflies,20040717butterFlys3.jpg,2004-07-17 14:54:22,2004-07-17 14:54:22,-,3000103,-,-,2592x1944,Unknown 7-21mm,Canon PowerShot S50,aec51fc48642c70b3032c5526f1c3486
/Users/mac24/a/projects/fotos/keep/images/photos/2004/20040726StephElyBike,20040726Steph&ElyBike1.jpg,2004-07-25 12:28:36,2004-07-25 12:28:36,-,2657279,-,-,2592x1944,-,Canon PowerShot S50,8aa56d343fcaf7c4058117980875c710
/Users/mac24/a/projects/fotos/keep/images/photos/2004/20040726StephElyBike,20040726Steph&ElyBike2.jpg,2004-07-25 12:29:05,2004-07-25 12:29:05,-,2169285,-,-,2592x1944,-,Canon PowerShot S50,c594fe03352fd4fa73a353d4358a848e
/Users/mac24/a/projects/fotos/keep/images/photos/2004/20040726StephElyBike,20040726Steph&ElyBike3.jpg,2004-07-25 12:29:19,2004-07-25 12:29:19,-,3036040,-,-,2592x1944,Unknown 7-21mm,Canon PowerShot S50,8d2161a184e2eb7f6a880cfd0bcafa66
/Users/mac24/a/projects/fotos/keep/images/photos/2004/20040726StephElyBike,20040726Steph&ElyBike4.jpg,2004-07-25 12:29:45,2004-07-25 12:29:45,-,2569243,-,-,2592x1944,Unknown 7-21mm,Canon PowerShot S50,aa0795dd9742ed174273ce3d45cda9cc
/Users/mac24/a/projects/fotos/keep/images/photos/2004/20040726StephElyBike,20040726Steph&ElyBike5.jpg,2004-07-25 14:02:15,2004-07-25 14:02:15,-,3189635,-,-,2592x1944,Unknown 7-21mm,Canon PowerShot S50,4f7555b363b080007234ac5144d58860
/Users/mac24/a/projects/fotos/keep/images/photos/2004/20040726StephElyBike,20040726Steph&ElyBike6.jpg,2004-07-25 14:02:35,2004-07-25 14:02:35,-,3355471,-,-,2592x1944,Unknown 7-21mm,Canon PowerShot S50,dae4d662d39161f4c315118a5ffca8fb
/Users/mac24/a/projects/fotos/keep/images/photos/2004/20040726StephElyBike,20040726Steph&ElyBike7.jpg,2004-07-25 14:02:41,2004-07-25 14:02:41,-,3358325,-,-,2592x1944,Unknown 7-21mm,Canon PowerShot S50,bd1be5ab8fc0bcaa07a3210878463998
/Users/mac24/a/projects/fotos/keep/images/photos/2004/20040803SantaMonicaCA,20040803LA_CATarPitWolfSkulls.jpg,2004-08-03 14:25:24,2004-08-03 14:25:24,-,2044674,-,-,2592x1944,Unknown 7-21mm,Canon PowerShot S50,e5f9362a958f8e9c4017a8b6b05426a3
/Users/mac24/a/projects/fotos/keep/images/photos/2004/20040803SantaMonicaCA,20040803SantaMonicaCA1.jpg,2004-08-01 22:17:21,2004-08-01 22:17:21,-,2195268,-,-,2592x1944,Unknown 7-21mm,Canon PowerShot S50,6f9451a29051a4af83c4d62924d47585
/Users/mac24/a/projects/fotos/keep/images/photos/2004/20040803SantaMonicaCA,20040803SantaMonicaCA10.jpg,2004-08-03 20:46:15,2004-08-03 20:46:15,-,2288917,-,-,2592x1944,Unknown 7-21mm,Canon PowerShot S50,4bcfff5cd2c08a5dba3c2a6d9c202d41
/Users/mac24/a/projects/fotos/keep/images/photos/2004/20040803SantaMonicaCA,20040803SantaMonicaCA11.jpg,2004-08-03 20:46:26,2004-08-03 20:46:26,-,2216995,-,-,2592x1944,Unknown 7-21mm,Canon PowerShot S50,faebbf6c9b3b4ca8067dc1eb54cdcf27
/Users/mac24/a/projects/fotos/keep/images/photos/2004/20040803SantaMonicaCA,20040803SantaMonicaCA12.jpg,2004-08-03 20:47:15,2004-08-03 20:47:15,-,2191169,-,-,2592x1944,Unknown 7-21mm,Canon PowerShot S50,d0673ba600a06608e8ad478a48b95cfb
/Users/mac24/a/projects/fotos/keep/images/photos/2004/20040803SantaMonicaCA,20040803SantaMonicaCA13.jpg,2004-08-03 20:47:25,2004-08-03 20:47:25,-,2423686,-,-,2592x1944,Unknown 7-21mm,Canon PowerShot S50,81b6541794d49703cebd0016ebf2a09a
/Users/mac24/a/projects/fotos/keep/images/photos/2004/20040803SantaMonicaCA,20040803SantaMonicaCA14.jpg,2004-08-03 20:47:46,2004-08-03 20:47:46,-,2242718,-,-,2592x1944,Unknown 7-21mm,Canon PowerShot S50,4889dcbd0ee7ca22cf9f0884dc21b265
/Users/mac24/a/projects/fotos/keep/images/photos/2004/20040803SantaMonicaCA,20040803SantaMonicaCA15.jpg,2004-08-03 21:01:11,2004-08-03 21:01:11,-,2370515,-,-,2592x1944,Unknown 7-21mm,Canon PowerShot S50,ee8ee8f1d56258f4cb5ad98bfe7476b5
/Users/mac24/a/projects/fotos/keep/images/photos/2004/20040803SantaMonicaCA,20040803SantaMonicaCA16.jpg,2004-08-03 21:07:43,2004-08-03 21:07:43,-,2437309,-,-,2592x1944,Unknown 7-21mm,Canon PowerShot S50,2d06090e2b7f44bb67e3112ad22d501e
/Users/mac24/a/projects/fotos/keep/images/photos/2004/20040803SantaMonicaCA,20040803SantaMonicaCA3.jpg,2004-08-03 20:20:58,2004-08-03 20:20:58,-,2470534,-,-,2592x1944,Unknown 7-21mm,Canon PowerShot S50,fb0299514028c8d11679432f8af37de2
/Users/mac24/a/projects/fotos/keep/images/photos/2004/20040803SantaMonicaCA,20040803SantaMonicaCA4.jpg,2004-08-03 20:23:57,2004-08-03 20:23:57,-,2495284,-,-,2592x1944,Unknown 7-21mm,Canon PowerShot S50,9e7b3bf17d76eb1ac40231b8bd039e63
/Users/mac24/a/projects/fotos/keep/images/photos/2004/20040803SantaMonicaCA,20040803SantaMonicaCA5.jpg,2004-08-03 20:25:40,2004-08-03 20:25:40,-,2501502,-,-,2592x1944,-,Canon PowerShot S50,4c12833c3c132fc29e127a567d071746
/Users/mac24/a/projects/fotos/keep/images/photos/2004/20040803SantaMonicaCA,20040803SantaMonicaCA6.jpg,2004-08-03 20:28:07,2004-08-03 20:28:07,-,2369222,-,-,2592x1944,Unknown 7-21mm,Canon PowerShot S50,511eddb6ef9e4f993d2e4301d8ff3781
/Users/mac24/a/projects/fotos/keep/images/photos/2004/20040803SantaMonicaCA,20040803SantaMonicaCA7.jpg,2004-08-03 20:45:36,2004-08-03 20:45:36,-,2207681,-,-,2592x1944,Unknown 7-21mm,Canon PowerShot S50,af289cfb0bdb37edd8851b5e4345900c
/Users/mac24/a/projects/fotos/keep/images/photos/2004/20040803SantaMonicaCA,20040803SantaMonicaCA8.jpg,2004-08-03 20:45:46,2004-08-03 20:45:46,-,2314668,-,-,2592x1944,Unknown 7-21mm,Canon PowerShot S50,d59d5ef28d554afdb2fd2b3b7e539d02
/Users/mac24/a/projects/fotos/keep/images/photos/2004/20040803SantaMonicaCA,20040803SantaMonicaCA9.jpg,2004-08-03 20:45:58,2004-08-03 20:45:58,-,2352184,-,-,2592x1944,Unknown 7-21mm,Canon PowerShot S50,5fe2177b67cb3bb9fbaea60ae0f41497
/Users/mac24/a/projects/fotos/keep/images/photos/2004/20040807PablosKitchenPhilaPA,20040807PablosKitchenPhilaPA1.jpg,2004-08-07 16:21:53,2004-08-07 16:21:53,-,2031673,-,-,1944x2592,-,Canon PowerShot S50,8fc057f60fa311dd13f4f1f3f99015dc
/Users/mac24/a/projects/fotos/keep/images/photos/2004/20040807PablosKitchenPhilaPA,20040807PablosKitchenPhilaPA2.jpg,2004-08-07 16:23:39,2004-08-07 16:23:39,-,2315063,-,-,2592x1944,Unknown 7-21mm,Canon PowerShot S50,440062527f57e1a122dc2bd9c80abaf4
/Users/mac24/a/projects/fotos/keep/images/photos/2004/20040807PablosKitchenPhilaPA,20040807PablosKitchenPhilaPA3.jpg,2004-08-07 16:25:15,2004-08-07 16:25:15,-,2464964,-,-,2592x1944,Unknown 7-21mm,Canon PowerShot S50,d4eda4d11edd9f7cda4c6ca4f1cba380
/Users/mac24/a/projects/fotos/keep/images/photos/2004/20040807PablosKitchenPhilaPA,20040807PablosKitchenPhilaPA4.jpg,2004-08-07 16:29:09,2004-08-07 16:29:09,-,643452,-,-,1189x1256,-,Canon PowerShot S50,535e008446ec9eddf218fb8183d1a0f2
/Users/mac24/a/projects/fotos/keep/images/photos/2004/20040807PablosKitchenPhilaPA,20040807PablosKitchenPhilaPA5.jpg,2004-08-07 16:31:45,2004-08-07 16:31:45,-,1305155,-,-,1977x1554,-,Canon PowerShot S50,f5badc6c5c0b7cb1a2df5f00f46cbf66
/Users/mac24/a/projects/fotos/keep/images/photos/2004/20040807PablosKitchenPhilaPA,20040807PablosKitchenPhilaPA6.jpg,2004-08-07 16:34:38,2004-08-07 16:34:38,-,2246890,-,-,2592x1944,Unknown 7-21mm,Canon PowerShot S50,7b565a8a3ffb8ed74ff54dd884f59706
/Users/mac24/a/projects/fotos/keep/images/photos/2004/20040807PablosKitchenPhilaPA,20040807PablosKitchenPhilaPA7.jpg,2004-08-07 16:39:12,2004-08-07 16:39:12,-,2370280,-,-,2592x1944,Unknown 7-21mm,Canon PowerShot S50,6c3f73bebaa8792dc61a0186763dbf54
/Users/mac24/a/projects/fotos/keep/images/photos/2004/20040807PablosKitchenPhilaPA,20040807PablosKitchenPhilaPA8.jpg,2004-08-07 16:40:27,2004-08-07 16:40:27,-,1894528,-,-,2030x1930,-,Canon PowerShot S50,0921a6d301a2dcd38342e79b4f5ec414
/Users/mac24/a/projects/fotos/keep/images/photos/2004/20040807PablosKitchenPhilaPA,20040807PablosKitchenPhilaPA9.jpg,2004-08-07 16:42:16,2004-08-07 16:42:16,-,1654702,-,-,2503x1621,-,Canon PowerShot S50,b9b0519f6868113acf48ef65f8efbd77
/Users/mac24/a/projects/fotos/keep/images/photos/2004/20040808DeRuyter,20040808DeRuyter1.jpg,2004-08-08 08:22:18,2004-08-08 08:22:18,-,2818692,-,-,2592x1944,Unknown 7-21mm,Canon PowerShot S50,0bbd6464c6c7b93c50be7777f397e57e
/Users/mac24/a/projects/fotos/keep/images/photos/2004/20040808DeRuyter,20040808DeRuyter11.jpg,2004-08-08 08:58:35,2004-08-08 08:58:35,-,2454822,-,-,1944x2592,-,Canon PowerShot S50,0baabd0e9cb35cbf0de4f6572a5b8b4f
/Users/mac24/a/projects/fotos/keep/images/photos/2004/20040808DeRuyter,20040808DeRuyter12.jpg,2004-08-08 09:00:27,2004-08-08 09:00:27,-,3694067,-,-,2592x1944,Unknown 7-21mm,Canon PowerShot S50,928ace4337daac273c9d9a3a5899847c
/Users/mac24/a/projects/fotos/keep/images/photos/2004/20040808DeRuyter,20040808DeRuyter13.jpg,2004-08-08 09:05:22,2004-08-08 09:05:22,-,2266938,-,-,2592x1944,Unknown 7-21mm,Canon PowerShot S50,c55c836925e2d8e2b58e9f5ef9ba71cb
/Users/mac24/a/projects/fotos/keep/images/photos/2004/20040808DeRuyter,20040808DeRuyter15.jpg,2004-08-08 09:23:22,2004-08-08 09:23:22,-,935199,-,-,2013x1281,-,Canon PowerShot S50,d4792f76a969328e288c2cded5606789
/Users/mac24/a/projects/fotos/keep/images/photos/2004/20040808DeRuyter,20040808DeRuyter16.jpg,2004-08-08 17:59:00,2004-08-08 17:59:00,-,1311433,-,-,2566x1341,-,Canon PowerShot S50,9a52767d8dcc243b6aa76b0f9017add3
/Users/mac24/a/projects/fotos/keep/images/photos/2004/20040808DeRuyter,20040808DeRuyter2.jpg,2004-08-08 08:36:51,2004-08-08 08:36:51,-,2768236,-,-,2592x1944,Unknown 7-21mm,Canon PowerShot S50,a2e80b4987a98a40b300ecf7ccd3143e
/Users/mac24/a/projects/fotos/keep/images/photos/2004/20040808DeRuyter,20040808DeRuyter20.jpg,2004-08-08 18:15:01,2004-08-08 18:15:01,-,2134554,-,-,2592x1944,Unknown 7-21mm,Canon PowerShot S50,c74a37577d0e85c01f8b5eda4ae5e05a
/Users/mac24/a/projects/fotos/keep/images/photos/2004/20040808DeRuyter,20040808DeRuyter23.jpg,2004-08-08 18:35:21,2004-08-08 18:35:21,-,2069401,-,-,1944x2592,-,Canon PowerShot S50,96610e832a16e4daf6d9d0d18d8e221d
/Users/mac24/a/projects/fotos/keep/images/photos/2004/20040808DeRuyter,20040808DeRuyter3.jpg,2004-08-08 08:39:54,2004-08-08 08:39:54,-,2107771,-,-,1897x1940,-,Canon PowerShot S50,bd9ead008bcbea79833dfa3bb26103a4
/Users/mac24/a/projects/fotos/keep/images/photos/2004/20040808DeRuyter,20040808DeRuyter4.jpg,2004-08-08 08:47:28,2004-08-08 08:47:28,-,3833218,-,-,2592x1944,Unknown 7-21mm,Canon PowerShot S50,caed2c5acc1a7b65c3fe6dd844a10a1d
/Users/mac24/a/projects/fotos/keep/images/photos/2004/20040808DeRuyter,20040808DeRuyter6.jpg,2004-08-08 08:48:20,2004-08-08 08:48:20,-,2705315,-,-,2093x1604,-,Canon PowerShot S50,1d9e726fee9a85aeeb5291958aee5e77
/Users/mac24/a/projects/fotos/keep/images/photos/2004/20040808DeRuyter,20040808DeRuyter7.jpg,2004-08-08 08:50:32,2004-08-08 08:50:32,-,3053268,-,-,2592x1944,-,Canon PowerShot S50,710ebf8d8af45a93ddf017798ccb5c28
/Users/mac24/a/projects/fotos/keep/images/photos/2004/20040811DeRuyter,20040811DeRuyter01.jpg,2004-08-10 09:06:47,2004-08-10 09:06:47,-,475058,-,-,1024x768,Unknown 7-21mm,Canon PowerShot S50,df1b75320852487736dd5d8b2fbd6ae1
/Users/mac24/a/projects/fotos/keep/images/photos/2004/20040811DeRuyter,20040811DeRuyter02.jpg,2004-08-10 11:25:48,2004-08-10 11:25:48,-,342450,-,-,1024x768,Unknown 7-21mm,Canon PowerShot S50,6a47e5f1c267fea3354d94b0f40a80cd
/Users/mac24/a/projects/fotos/keep/images/photos/2004/20040811DeRuyter,20040811DeRuyter03.jpg,2004-08-10 13:53:59,2004-08-10 13:53:59,-,417292,-,-,1024x768,Unknown 7-21mm,Canon PowerShot S50,5d91140893ef4b0c9b19a1a1e5828a76
/Users/mac24/a/projects/fotos/keep/images/photos/2004/20040811DeRuyter,20040811DeRuyter04.jpg,2004-08-10 23:14:10,2004-08-10 23:14:10,-,951799,-,-,2592x1944,Unknown 7-21mm,Canon PowerShot S50,58703495f4b66c05857ef74ceb4b2db4
/Users/mac24/a/projects/fotos/keep/images/photos/2004/20040811DeRuyter,20040811DeRuyter05.jpg,2004-08-10 23:15:11,2004-08-10 23:15:11,-,1069749,-,-,2592x1944,Unknown 7-21mm,Canon PowerShot S50,a061980c313a6ef9a0c450c9b4573cc9
/Users/mac24/a/projects/fotos/keep/images/photos/2004/20040811DeRuyter,20040811DeRuyter06.jpg,2004-08-11 08:30:09,2004-08-11 08:30:09,-,2417145,-,-,2592x1944,Unknown 7-21mm,Canon PowerShot S50,eb62b960075c84683ab5cee2998f4496
/Users/mac24/a/projects/fotos/keep/images/photos/2004/20040811DeRuyter,20040811DeRuyter07.jpg,2004-08-11 09:28:43,2004-08-11 09:28:43,-,3463670,-,-,2592x1944,Unknown 7-21mm,Canon PowerShot S50,4a1c8a8f7e5af5605e33346650972a31
/Users/mac24/a/projects/fotos/keep/images/photos/2004/20040811DeRuyter,20040811DeRuyter08.jpg,2004-08-11 10:01:13,2004-08-11 10:01:13,-,2013234,-,-,2346x1674,-,Canon PowerShot S50,df7e7c4425ec417697eeed1ceacbfcb8
/Users/mac24/a/projects/fotos/keep/images/photos/2004/20040811DeRuyter,20040811DeRuyter09.jpg,2004-08-11 10:01:29,2004-08-11 10:01:29,-,2188705,-,-,2373x1694,-,Canon PowerShot S50,7f99d7f17b89e103a5566531fc214d74
/Users/mac24/a/projects/fotos/keep/images/photos/2004/20040811DeRuyter,20040811DeRuyter10.jpg,2004-08-11 10:01:57,2004-08-11 10:01:57,-,1859603,-,-,2050x1464,-,Canon PowerShot S50,44c9f8db376c94ec2a3c6e6ede1e1782
/Users/mac24/a/projects/fotos/keep/images/photos/2004/20040811DeRuyter,20040811DeRuyter11.jpg,2004-08-11 10:15:26,2004-08-11 10:15:26,-,2297196,-,-,2592x1944,Unknown 7-21mm,Canon PowerShot S50,6008e2c7c196b4150d8139d702ff5e95
/Users/mac24/a/projects/fotos/keep/images/photos/2004/20040811DeRuyter,20040811DeRuyter12.jpg,2004-08-11 10:15:58,2004-08-11 10:15:58,-,2210331,-,-,2592x1944,Unknown 7-21mm,Canon PowerShot S50,8f19f2120e55ff391d81fbb3ab0315ae
/Users/mac24/a/projects/fotos/keep/images/photos/2004/20040811DeRuyter,20040811DeRuyter13.jpg,2004-08-11 10:18:04,2004-08-11 10:18:04,-,2048536,-,-,1944x2592,-,Canon PowerShot S50,a446424800f7ca1d7d95621c1230a300
/Users/mac24/a/projects/fotos/keep/images/photos/2004/20040811DeRuyter,20040811DeRuyter14.jpg,2004-08-11 10:18:23,2004-08-11 10:18:23,-,1948177,-,-,1944x2592,-,Canon PowerShot S50,2fe3687895f40f63386cd337a4f255a1
/Users/mac24/a/projects/fotos/keep/images/photos/2004/20040811DeRuyter,20040811DeRuyter15.jpg,2004-08-11 10:18:40,2004-08-11 10:18:40,-,2162466,-,-,2592x1944,Unknown 7-21mm,Canon PowerShot S50,e5c502fa4b1e20323654e76a767d8af4
/Users/mac24/a/projects/fotos/keep/images/photos/2004/20040811DeRuyter,20040811DeRuyter17.jpg,2004-08-11 10:19:46,2004-08-11 10:19:46,-,2032185,-,-,1944x2592,-,Canon PowerShot S50,0af44cf7bddab43dd3e63497d8b38ca1
/Users/mac24/a/projects/fotos/keep/images/photos/2004/20040811DeRuyter,20040811DeRuyter19.jpg,2004-08-11 10:21:14,2004-08-11 10:21:14,-,2140974,-,-,2592x1944,-,Canon PowerShot S50,4c48a6f4a10c4ca555629ecc6ee6299e
/Users/mac24/a/projects/fotos/keep/images/photos/2004/20040811DeRuyter,20040811DeRuyter20.jpg,2004-08-11 12:44:53,2004-08-11 12:44:53,-,2264872,-,-,2592x1944,Unknown 7-21mm,Canon PowerShot S50,474d2821e981035156c9a7e9696a5697
/Users/mac24/a/projects/fotos/keep/images/photos/2004/20040811DeRuyter,20040811DeRuyter21.jpg,2004-08-11 12:45:03,2004-08-11 12:45:03,-,2195309,-,-,2592x1944,Unknown 7-21mm,Canon PowerShot S50,9c5637d943b31f1e4269403e879ead29
/Users/mac24/a/projects/fotos/keep/images/photos/2004/20040811DeRuyter,20040811DeRuyter22.jpg,2004-08-11 12:45:48,2004-08-11 12:45:48,-,2787569,-,-,2592x1944,Unknown 7-21mm,Canon PowerShot S50,cb7ed9f53056bee4f5f83c92a421b25e
/Users/mac24/a/projects/fotos/keep/images/photos/2004/20040811DeRuyterByPablo,20040811DeRuyterByPablo1.jpg,2004-08-11 10:53:04,2004-08-11 10:53:04,-,1508826,-,-,2589x1594,-,Canon PowerShot S50,fb49a612631d6b33754283d13e755b72
/Users/mac24/a/projects/fotos/keep/images/photos/2004/20040811DeRuyterByPablo,20040811DeRuyterByPablo2.jpg,2004-08-11 10:53:27,2004-08-11 10:53:27,-,1895079,-,-,2592x1944,-,Canon PowerShot S50,f058edf146de1bdbdbbcce341ab0511c
/Users/mac24/a/projects/fotos/keep/images/photos/2004/20040811DeRuyterByPablo,20040811DeRuyterByPablo3.jpg,2004-08-11 10:55:53,2004-08-11 10:55:53,-,2522005,-,-,1944x2592,-,Canon PowerShot S50,c2b42203aa74c03ef273b098c3745d8c
/Users/mac24/a/projects/fotos/keep/images/photos/2004/20040811DeRuyterByPablo,20040811DeRuyterByPablo4.jpg,2004-08-11 10:58:54,2004-08-11 10:58:54,-,2624395,-,-,2592x1944,-,Canon PowerShot S50,5befd5782a651d0e90db911a12d6faf4
/Users/mac24/a/projects/fotos/keep/images/photos/2004/20040811DeRuyterByPablo,20040811DeRuyterByPablo5.jpg,2004-08-11 11:01:00,2004-08-11 11:01:00,-,2434751,-,-,1944x2592,-,Canon PowerShot S50,7135560420224e6efec9c49c37a80b81
/Users/mac24/a/projects/fotos/keep/images/photos/2004/20040811PablosNYScans,200408AlysonLiz.jpg,-,-,-,95901,-,-,594x870,-,-,82820adb6e6f4ca0097027ce3786befd
/Users/mac24/a/projects/fotos/keep/images/photos/2004/20040811PablosNYScans,200408AlysonMaggieJim.jpg,-,-,-,121486,-,-,895x600,-,-,8dc2767349f8ef9f3bdb1dfffff1c35c
/Users/mac24/a/projects/fotos/keep/images/photos/2004/20040811PablosNYScans,200408BenLiz.jpg,-,-,-,107718,-,-,901x601,-,-,9c90597387e3b8b4169972ec4a6852fb
/Users/mac24/a/projects/fotos/keep/images/photos/2004/20040811PablosNYScans,200408DebAlyLizPhilSteph.jpg,-,-,-,123928,-,-,895x596,-,-,38b3a810af6d79eb7e73fa2f233d5f7b
/Users/mac24/a/projects/fotos/keep/images/photos/2004/20040811PablosNYScans,200408ElySteph.jpg,-,-,-,140835,-,-,897x594,-,-,89459b5a49983452119e2ed8959881bd
/Users/mac24/a/projects/fotos/keep/images/photos/2004/20040811PablosNYScans,200408Jim.jpg,-,-,-,142423,-,-,902x604,-,-,5307cc0b3e5098158f60a6bdf1f3b9d7
/Users/mac24/a/projects/fotos/keep/images/photos/2004/20040811PablosNYScans,200408Liz.jpg,-,-,-,102362,-,-,886x586,-,-,1bb93936cfa0d7b5ab118758952475a1
/Users/mac24/a/projects/fotos/keep/images/photos/2004/20040811PablosNYScans,200408LizBen.jpg,-,-,-,77066,-,-,890x584,-,-,606ff3a7fe96a5255c487e38c76d38ff
/Users/mac24/a/projects/fotos/keep/images/photos/2004/20040811PablosNYScans,200408MaggieAlysonDeb.jpg,-,-,-,106927,-,-,890x602,-,-,c1b2ab8610704b4093bc9c771c1b2907
/Users/mac24/a/projects/fotos/keep/images/photos/2004/20040811PablosNYScans,200408PhilJimBen.jpg,-,-,-,113213,-,-,887x602,-,-,1f89e79cb64e9fb8228ffbeeef611f27
/Users/mac24/a/projects/fotos/keep/images/photos/2004/20040811PablosNYScans,200408PhilMaggieLiz.jpg,-,-,-,135936,-,-,598x888,-,-,283cf8be4e372b38cb982f7b285adf33
/Users/mac24/a/projects/fotos/keep/images/photos/2004/20040811PablosNYScans,200408PhilMaggieLiz2.jpg,-,-,-,135238,-,-,889x585,-,-,f9568933d1e6a29d454eaba2da84c08e
/Users/mac24/a/projects/fotos/keep/images/photos/2004/20040811PablosNYScans,200408RuthVirgo.jpg,-,-,-,110233,-,-,898x596,-,-,5ec5a91944cc0ad2523984edc5aa66e3
/Users/mac24/a/projects/fotos/keep/images/photos/2004/20040811PablosNYScans,200408Steph.jpg,-,-,-,81536,-,-,874x586,-,-,cec78a731c00152b56a9e15045c10780
/Users/mac24/a/projects/fotos/keep/images/photos/2004/20040811PablosNYScans,200408StephPhil.jpg,-,-,-,121854,-,-,891x591,-,-,afceae8c05874d4c27b3146d1d4d6ec8
/Users/mac24/a/projects/fotos/keep/images/photos/2004/20040812DeRutyer,20040812DeRuyter1.jpg,2004-08-12 16:51:36,2004-08-12 16:51:36,-,3665376,-,-,2592x1944,Unknown 7-21mm,Canon PowerShot S50,0f60d8213e7c244d11ad830123b3eaab
/Users/mac24/a/projects/fotos/keep/images/photos/2004/20040812DeRutyer,20040812DeRuyter2.jpg,2004-08-12 16:57:51,2004-08-12 16:57:51,-,2513255,-,-,2103x1910,-,Canon PowerShot S50,8bf114d8c157a5409061f01aa9b23358
/Users/mac24/a/projects/fotos/keep/images/photos/2004/20040812DeRutyer,20040812DeRuyter3.jpg,2004-08-12 17:05:30,2004-08-12 17:05:30,-,3458243,-,-,2592x1944,Unknown 7-21mm,Canon PowerShot S50,13d3e25fe6e3e73048f957e9c8231058
/Users/mac24/a/projects/fotos/keep/images/photos/2004/20040812DeRutyer,20040812DeRuyter4.jpg,2004-08-12 17:13:27,2004-08-12 17:13:27,-,3562349,-,-,2592x1944,Unknown 7-21mm,Canon PowerShot S50,cc4f1b19183a60de8f63041542c599c4
/Users/mac24/a/projects/fotos/keep/images/photos/2004/20040812DeRutyer,20040812DeRuyter5.jpg,2004-08-12 17:14:23,2004-08-12 17:14:23,-,3078545,-,-,1944x2592,-,Canon PowerShot S50,c381b4c3f42a42697f83d2acaa4aa4dd
/Users/mac24/a/projects/fotos/keep/images/photos/2004/20040812DeRutyer,20040812DeRuyter6.jpg,2004-08-12 17:15:48,2004-08-12 17:15:48,-,1958233,-,-,2592x1944,Unknown 7-21mm,Canon PowerShot S50,9760dcf8c7cd2b806d363d3fcca62990
/Users/mac24/a/projects/fotos/keep/images/photos/2004/20040813DeRuyterNY,20040813DeRuyter1.jpg,2004-08-13 10:00:29,2004-08-13 10:00:29,-,2755288,-,-,2592x1944,Unknown 7-21mm,Canon PowerShot S50,bb8b0d95a5b29043e9591c0682f12d8c
/Users/mac24/a/projects/fotos/keep/images/photos/2004/20040813DeRuyterNY,20040813DeRuyter10.jpg,2004-08-13 10:27:35,2004-08-13 10:27:35,-,3108703,-,-,1944x2592,-,Canon PowerShot S50,8e82ebc17948ab8997185648f9e69a82
/Users/mac24/a/projects/fotos/keep/images/photos/2004/20040813DeRuyterNY,20040813DeRuyter11.jpg,2004-08-13 10:29:44,2004-08-13 10:29:44,-,3913302,-,-,2592x1944,Unknown 7-21mm,Canon PowerShot S50,a3ee3b53a297961ab8781589ee539b39
/Users/mac24/a/projects/fotos/keep/images/photos/2004/20040813DeRuyterNY,20040813DeRuyter12.jpg,2004-08-13 10:31:16,2004-08-13 10:31:16,-,3881164,-,-,2592x1944,Unknown 7-21mm,Canon PowerShot S50,5019cd07dde20d295ae409feb92227cd
/Users/mac24/a/projects/fotos/keep/images/photos/2004/20040813DeRuyterNY,20040813DeRuyter13.jpg,2004-08-13 10:35:37,2004-08-13 10:35:37,-,2742297,-,-,2592x1944,Unknown 7-21mm,Canon PowerShot S50,dd2bafc0574edac8eaf3b639e563dbd2
/Users/mac24/a/projects/fotos/keep/images/photos/2004/20040813DeRuyterNY,20040813DeRuyter14.jpg,2004-08-13 10:36:13,2004-08-13 10:36:13,-,2617801,-,-,2592x1944,-,Canon PowerShot S50,a1ae3e6b8e69bf7ed93d2fcdfd70cd5c
/Users/mac24/a/projects/fotos/keep/images/photos/2004/20040813DeRuyterNY,20040813DeRuyter15.jpg,2004-08-13 10:38:34,2004-08-13 10:38:34,-,3143937,-,-,2592x1944,Unknown 7-21mm,Canon PowerShot S50,fffa2e5692ba53896c4d1f2c111bb0f1
/Users/mac24/a/projects/fotos/keep/images/photos/2004/20040813DeRuyterNY,20040813DeRuyter16.jpg,2004-08-13 10:40:17,2004-08-13 10:40:17,-,3733261,-,-,2592x1944,Unknown 7-21mm,Canon PowerShot S50,aa790c21ee79756781bb3c17383f5f7f
/Users/mac24/a/projects/fotos/keep/images/photos/2004/20040813DeRuyterNY,20040813DeRuyter17.jpg,2004-08-13 10:41:39,2004-08-13 10:41:39,-,2950382,-,-,1944x2592,-,Canon PowerShot S50,304ae9dfd84df4117f576178c8fc0690
/Users/mac24/a/projects/fotos/keep/images/photos/2004/20040813DeRuyterNY,20040813DeRuyter18.jpg,2004-08-13 10:44:50,2004-08-13 10:44:50,-,2982327,-,-,1944x2592,-,Canon PowerShot S50,67991f31af080c0682544218d374cb96
/Users/mac24/a/projects/fotos/keep/images/photos/2004/20040813DeRuyterNY,20040813DeRuyter19.jpg,2004-08-13 10:46:55,2004-08-13 10:46:55,-,2635688,-,-,2592x1944,Unknown 7-21mm,Canon PowerShot S50,28247f770aa8e58d6fc2ccca83571ab3
/Users/mac24/a/projects/fotos/keep/images/photos/2004/20040813DeRuyterNY,20040813DeRuyter2.jpg,2004-08-13 10:02:26,2004-08-13 10:02:26,-,2197576,-,-,2592x1944,Unknown 7-21mm,Canon PowerShot S50,321b50435736fe68b8a76b7d0f981240
/Users/mac24/a/projects/fotos/keep/images/photos/2004/20040813DeRuyterNY,20040813DeRuyter20.jpg,2004-08-13 10:47:52,2004-08-13 10:47:52,-,2655786,-,-,2592x1944,Unknown 7-21mm,Canon PowerShot S50,38e7175398d870604394d1e1b8b3015a
/Users/mac24/a/projects/fotos/keep/images/photos/2004/20040813DeRuyterNY,20040813DeRuyter21.jpg,2004-08-13 10:48:21,2004-08-13 10:48:21,-,1978894,-,-,2589x1591,-,Canon PowerShot S50,42cff596f7b73230d8a4e4dcfcbf937d
/Users/mac24/a/projects/fotos/keep/images/photos/2004/20040813DeRuyterNY,20040813DeRuyter22.jpg,2004-08-13 10:49:39,2004-08-13 10:49:39,-,2104369,-,-,2589x1760,-,Canon PowerShot S50,a6d566bcc08905c0fbf6eea96b0c26c7
/Users/mac24/a/projects/fotos/keep/images/photos/2004/20040813DeRuyterNY,20040813DeRuyter23.jpg,2004-08-13 10:50:12,2004-08-13 10:50:12,-,2805397,-,-,2592x1944,Unknown 7-21mm,Canon PowerShot S50,9ebaedd23bb99a68b3a775510446637c
/Users/mac24/a/projects/fotos/keep/images/photos/2004/20040813DeRuyterNY,20040813DeRuyter24.jpg,2004-08-13 10:55:21,2004-08-13 10:55:21,-,2663952,-,-,2592x1944,-,Canon PowerShot S50,edf0e4ea4be0f250d2ba6cb9b9a577db
/Users/mac24/a/projects/fotos/keep/images/photos/2004/20040813DeRuyterNY,20040813DeRuyter25.jpg,2004-08-13 10:56:54,2004-08-13 10:56:54,-,2793073,-,-,1944x2592,-,Canon PowerShot S50,7f7770e2af75407b2a244c5aeccc1510
/Users/mac24/a/projects/fotos/keep/images/photos/2004/20040813DeRuyterNY,20040813DeRuyter26.jpg,2004-08-13 10:57:19,2004-08-13 10:57:19,-,3454958,-,-,2592x1944,Unknown 7-21mm,Canon PowerShot S50,aa4011a72e9fd0e59131dee9d505b6f1
/Users/mac24/a/projects/fotos/keep/images/photos/2004/20040813DeRuyterNY,20040813DeRuyter3.jpg,2004-08-13 10:03:41,2004-08-13 10:03:41,-,2360073,-,-,2592x1944,Unknown 7-21mm,Canon PowerShot S50,6a0544ff76fcf2cfa261c65975d8f844
/Users/mac24/a/projects/fotos/keep/images/photos/2004/20040813DeRuyterNY,20040813DeRuyter4.jpg,2004-08-13 10:05:41,2004-08-13 10:05:41,-,2210725,-,-,2592x1944,Unknown 7-21mm,Canon PowerShot S50,065fb842a1c1cc98e7a2ee0035bcf1f7
/Users/mac24/a/projects/fotos/keep/images/photos/2004/20040813DeRuyterNY,20040813DeRuyter5.jpg,2004-08-13 10:08:18,2004-08-13 10:08:18,-,2804805,-,-,2592x1944,Unknown 7-21mm,Canon PowerShot S50,9d0f3d6e122337e8af81d9e1029095ae
/Users/mac24/a/projects/fotos/keep/images/photos/2004/20040813DeRuyterNY,20040813DeRuyter6.jpg,2004-08-13 10:12:20,2004-08-13 10:12:20,-,2810971,-,-,2592x1944,Unknown 7-21mm,Canon PowerShot S50,3e7008f34fed2735daa485f414911426
/Users/mac24/a/projects/fotos/keep/images/photos/2004/20040813DeRuyterNY,20040813DeRuyter7.jpg,2004-08-13 10:13:04,2004-08-13 10:13:04,-,2600403,-,-,1944x2592,-,Canon PowerShot S50,3e7a9a255db51438349432cc346c3ba2
/Users/mac24/a/projects/fotos/keep/images/photos/2004/20040813DeRuyterNY,20040813DeRuyter8.jpg,2004-08-13 10:15:13,2004-08-13 10:15:13,-,2797461,-,-,2592x1944,Unknown 7-21mm,Canon PowerShot S50,b869c5376ffc00894ca4d227bb64d42f
/Users/mac24/a/projects/fotos/keep/images/photos/2004/20040813DeRuyterNY,20040813DeRuyter9.jpg,2004-08-13 10:26:32,2004-08-13 10:26:32,-,3374915,-,-,1944x2592,-,Canon PowerShot S50,8af53a60a856adca7675e6fd645f9568
/Users/mac24/a/projects/fotos/keep/images/photos/2004/20040813Virgos,20040813ArinHanson.jpg,2004-08-13 12:36:07,2004-08-13 12:36:07,-,2897627,-,-,2592x1944,Unknown 7-21mm,Canon PowerShot S50,035d4c472d4895295c5fd0ddef25b073
/Users/mac24/a/projects/fotos/keep/images/photos/2004/20040813Virgos,20040813BenByPablo.jpg,2004-08-13 12:03:14,2004-08-13 12:03:14,-,2850500,-,-,2592x1944,Unknown 7-21mm,Canon PowerShot S50,4895db2d31c645c86b0ac9e031204443
/Users/mac24/a/projects/fotos/keep/images/photos/2004/20040813Virgos,20040813BenByPablo2.jpg,2004-08-13 12:03:17,2004-08-13 12:03:17,-,2841113,-,-,2592x1944,Unknown 7-21mm,Canon PowerShot S50,ebe41e29e5678cf5c4291a8fbe3c62da
/Users/mac24/a/projects/fotos/keep/images/photos/2004/20040813Virgos,20040813BenByPablo3.jpg,2004-08-13 12:03:37,2004-08-13 12:03:37,-,2598986,-,-,1944x2592,-,Canon PowerShot S50,96413eda8f0f90ebd3bcd79702ccabb9
/Users/mac24/a/projects/fotos/keep/images/photos/2004/20040813Virgos,20040813BenByPablo4.jpg,2004-08-13 12:36:37,2004-08-13 12:36:37,-,2873982,-,-,2592x1944,Unknown 7-21mm,Canon PowerShot S50,de0625a6967e849f8c461a92d3ff8b8f
/Users/mac24/a/projects/fotos/keep/images/photos/2004/20040813Virgos,20040813BenByPablo5.jpg,2004-08-13 13:03:14,2004-08-13 13:03:14,-,1752073,-,-,1890x1720,-,Canon PowerShot S50,78da08fcfa2d1a34a08211e9acb31772
/Users/mac24/a/projects/fotos/keep/images/photos/2004/20040813Virgos,20040813PabloSelfPortrait.jpg,2004-08-13 12:04:01,2004-08-13 12:04:01,-,2841926,-,-,2592x1944,Unknown 7-21mm,Canon PowerShot S50,941e1f5a367bd0ccf6378bf473a63dd7
/Users/mac24/a/projects/fotos/keep/images/photos/2004/20040813Virgos,20040813PhilJimAlysonLiz.jpg,2004-08-13 13:04:36,2004-08-13 13:04:36,-,2081429,-,-,2509x1617,-,Canon PowerShot S50,d0ca59c655dcc841332b767d005b0453
/Users/mac24/a/projects/fotos/keep/images/photos/2004/20040813Virgos,20040813PhilLiz.jpg,2004-08-13 12:42:31,2004-08-13 12:42:31,-,3262872,-,-,2592x1944,Unknown 7-21mm,Canon PowerShot S50,1d2803697014cdd7376f865b4c081be3
/Users/mac24/a/projects/fotos/keep/images/photos/2004/20040813Virgos,PabloJuggle2004.jpg,2012-05-05 14:15:49,2012-05-05 14:15:49,-,503753,-,-,1344x2010,-,NIKON D5000,962b37334c66bc27afad08d84df88aea
/Users/mac24/a/projects/fotos/keep/images/photos/2004/20040813Virgos,PabloSelfPortrait2004.jpg,2012-05-05 14:16:44,2012-05-05 14:16:44,-,955164,-,-,2069x1352,-,NIKON D5000,dbf4625a9a020024f91c065a392a068e
/Users/mac24/a/projects/fotos/keep/images/photos/2004/20040814campPicnic,20040814campPicnic01.jpg,2004-08-14 17:42:09,2004-08-14 17:42:09,-,1880226,-,-,2592x1944,Unknown 7-21mm,Canon PowerShot S50,f3768c656a86c630be1728c8453088c3
/Users/mac24/a/projects/fotos/keep/images/photos/2004/20040814campPicnic,20040814campPicnic02.jpg,2004-08-14 17:42:19,2004-08-14 17:42:19,-,2018686,-,-,1944x2592,-,Canon PowerShot S50,ebfcf01073e77b634a8e80e8eb8d0ee7
/Users/mac24/a/projects/fotos/keep/images/photos/2004/20040814campPicnic,20040814campPicnic03.jpg,2004-08-14 17:42:25,2004-08-14 17:42:25,-,2277231,-,-,1944x2592,-,Canon PowerShot S50,6e5bcd34ee8e7a7dba939dace2d69415
/Users/mac24/a/projects/fotos/keep/images/photos/2004/20040814campPicnic,20040814campPicnic04.jpg,2004-08-14 17:43:09,2004-08-14 17:43:09,-,1949445,-,-,1944x2592,-,Canon PowerShot S50,905c92c82badf24b2725b0912ddf83fe
/Users/mac24/a/projects/fotos/keep/images/photos/2004/20040814campPicnic,20040814campPicnic05.jpg,2004-08-14 17:43:23,2004-08-14 17:43:23,-,2011263,-,-,1944x2592,-,Canon PowerShot S50,a544df57b7d2adcac1ff45a10ac2b885
/Users/mac24/a/projects/fotos/keep/images/photos/2004/20040814campPicnic,20040814campPicnic06.jpg,2004-08-14 17:43:35,2004-08-14 17:43:35,-,2062028,-,-,2592x1944,Unknown 7-21mm,Canon PowerShot S50,f3e1565821aa82e543eeb34a7e085211
/Users/mac24/a/projects/fotos/keep/images/photos/2004/20040814campPicnic,20040814campPicnic07.jpg,2004-08-14 17:49:28,2004-08-14 17:49:28,-,2194841,-,-,2592x1944,Unknown 7-21mm,Canon PowerShot S50,7d9c6b6b5bc5015fe94c6b6c799a90cb
/Users/mac24/a/projects/fotos/keep/images/photos/2004/20040814campPicnic,20040814campPicnic08.jpg,2004-08-14 17:49:57,2004-08-14 17:49:57,-,1832044,-,-,1944x2592,-,Canon PowerShot S50,ec12dc878f22c5d5120f29dd1c5776ae
/Users/mac24/a/projects/fotos/keep/images/photos/2004/20040814campPicnic,20040814campPicnic09.jpg,2004-08-14 17:50:18,2004-08-14 17:50:18,-,1957148,-,-,1944x2592,-,Canon PowerShot S50,7181279f69cff9fd0ec2e5152c72d087
/Users/mac24/a/projects/fotos/keep/images/photos/2004/20040814campPicnic,20040814campPicnic10.jpg,2004-08-14 17:50:36,2004-08-14 17:50:36,-,2464705,-,-,2592x1944,Unknown 7-21mm,Canon PowerShot S50,395e477b9fba9dcbd878a755368d546f
/Users/mac24/a/projects/fotos/keep/images/photos/2004/20040814campPicnic,20040814campPicnic11.jpg,2004-08-14 17:50:45,2004-08-14 17:50:45,-,2438423,-,-,2592x1944,Unknown 7-21mm,Canon PowerShot S50,f90fbc20ba1cca2643a71e471fc45fd2
/Users/mac24/a/projects/fotos/keep/images/photos/2004/20040814campPicnic,20040814campPicnic12.jpg,2004-08-14 17:51:09,2004-08-14 17:51:09,-,1731050,-,-,2592x1944,Unknown 7-21mm,Canon PowerShot S50,43211ce2735556ca564f72326ed1b748
/Users/mac24/a/projects/fotos/keep/images/photos/2004/20040814campPicnic,20040814campPicnic13.jpg,2004-08-14 17:51:19,2004-08-14 17:51:19,-,1734035,-,-,2592x1944,Unknown 7-21mm,Canon PowerShot S50,6a1edc520898f1fbca5c99c7cbeb4465
/Users/mac24/a/projects/fotos/keep/images/photos/2004/20040814campPicnic,20040814campPicnic14.jpg,2004-08-14 17:53:17,2004-08-14 17:53:17,-,2359916,-,-,2592x1944,Unknown 7-21mm,Canon PowerShot S50,473d51190eb0c78db1e00b829fc16887
/Users/mac24/a/projects/fotos/keep/images/photos/2004/20040814campPicnic,20040814campPicnic15.jpg,2004-08-14 17:53:35,2004-08-14 17:53:35,-,2244203,-,-,2592x1944,Unknown 7-21mm,Canon PowerShot S50,56cd6d0c348d7d5f511ac6a358ac7be2
/Users/mac24/a/projects/fotos/keep/images/photos/2004/20040814campPicnic,20040814campPicnic16.jpg,2004-08-14 17:53:48,2004-08-14 17:53:48,-,1833641,-,-,2592x1944,Unknown 7-21mm,Canon PowerShot S50,cde84b7edc4f03ffa073f0433b424ea3
/Users/mac24/a/projects/fotos/keep/images/photos/2004/20040814campPicnic,20040814campPicnic17.jpg,2004-08-14 17:56:24,2004-08-14 17:56:24,-,2689970,-,-,1944x2592,-,Canon PowerShot S50,4266d839c3c0c4541170342c29ebf124
/Users/mac24/a/projects/fotos/keep/images/photos/2004/20040814campPicnic,20040814campPicnic18.jpg,2004-08-14 17:57:09,2004-08-14 17:57:09,-,1531588,-,-,1944x2592,-,Canon PowerShot S50,59a3aa30c82ea2daa34ba24cad30987a
/Users/mac24/a/projects/fotos/keep/images/photos/2004/20040814campPicnic,20040814campPicnic19.jpg,2004-08-14 17:57:26,2004-08-14 17:57:26,-,1440369,-,-,1944x2592,-,Canon PowerShot S50,d174f37efd0b82c2f010630699618ded
/Users/mac24/a/projects/fotos/keep/images/photos/2004/20040814DeRuyterNature,20040814DeRuyterNature02.jpg,2004-08-14 09:34:43,2004-08-14 09:34:43,-,2655456,-,-,2226x1641,-,Canon PowerShot S50,7a23512ce4723948396c8044aab705af
/Users/mac24/a/projects/fotos/keep/images/photos/2004/20040814DeRuyterNature,20040814DeRuyterNature03.jpg,2004-08-14 09:36:30,2004-08-14 09:36:30,-,3243299,-,-,1944x2592,-,Canon PowerShot S50,42a76103b2f2c4de47cc983ac1839d6e
/Users/mac24/a/projects/fotos/keep/images/photos/2004/20040814DeRuyterNature,20040814DeRuyterNature04.jpg,2004-08-14 09:38:46,2004-08-14 09:38:46,-,1196268,-,-,2569x1474,-,Canon PowerShot S50,23074135092d73bf8edfc7d9e693050f
/Users/mac24/a/projects/fotos/keep/images/photos/2004/20040814DeRuyterNature,20040814DeRuyterNature05.jpg,2004-08-14 17:09:49,2004-08-14 17:09:49,-,2174802,-,-,2592x1944,Unknown 7-21mm,Canon PowerShot S50,69cc1708bfd46f2e9e54da3989438ad5
/Users/mac24/a/projects/fotos/keep/images/photos/2004/20040814DeRuyterNature,20040814DeRuyterNature06.jpg,2004-08-14 17:10:30,2004-08-14 17:10:30,-,2233800,-,-,2592x1944,Unknown 7-21mm,Canon PowerShot S50,a828b0b5ec81e0d1ac84aa8d7a43101c
/Users/mac24/a/projects/fotos/keep/images/photos/2004/20040814PrattFalls,20040814PrattFalls1.jpg,2004-08-14 13:20:49,2004-08-14 13:20:49,-,2724614,-,-,2592x1944,Unknown 7-21mm,Canon PowerShot S50,ac3de6feda28c0edfecfe3877cbad002
/Users/mac24/a/projects/fotos/keep/images/photos/2004/20040814PrattFalls,20040814PrattFalls10.jpg,2004-08-14 14:48:26,2004-08-14 14:48:26,-,2881172,-,-,2592x1944,Unknown 7-21mm,Canon PowerShot S50,b09a7d972039a3d38d36fd7ec9da08ab
/Users/mac24/a/projects/fotos/keep/images/photos/2004/20040814PrattFalls,20040814PrattFalls11.jpg,2004-08-14 14:49:37,2004-08-14 14:49:37,-,2030393,-,-,1944x2592,-,Canon PowerShot S50,b6a57a9dc527236f2a5cc6eb740f4ece
/Users/mac24/a/projects/fotos/keep/images/photos/2004/20040814PrattFalls,20040814PrattFalls12.jpg,2004-08-14 14:50:25,2004-08-14 14:50:25,-,2485349,-,-,2592x1944,Unknown 7-21mm,Canon PowerShot S50,6f0aece8365e85d3a973e4ac63e6cd68
/Users/mac24/a/projects/fotos/keep/images/photos/2004/20040814PrattFalls,20040814PrattFalls2.jpg,2004-08-14 13:32:55,2004-08-14 13:32:55,-,3803639,-,-,2592x1944,Unknown 7-21mm,Canon PowerShot S50,94bf23b18a7888e3d769be12e85b991a
/Users/mac24/a/projects/fotos/keep/images/photos/2004/20040814PrattFalls,20040814PrattFalls3.jpg,2004-08-14 13:42:01,2004-08-14 13:42:01,-,3347232,-,-,1944x2592,-,Canon PowerShot S50,5fbb40e1efdd801c95e0f511466c1619
/Users/mac24/a/projects/fotos/keep/images/photos/2004/20040814PrattFalls,20040814PrattFalls4.jpg,2004-08-14 13:43:08,2004-08-14 13:43:08,-,3372444,-,-,1944x2592,-,Canon PowerShot S50,5566941f4e15a5816876291301103d47
/Users/mac24/a/projects/fotos/keep/images/photos/2004/20040814PrattFalls,20040814PrattFalls5.jpg,2004-08-14 14:00:43,2004-08-14 14:00:43,-,4255249,-,-,2592x1944,Unknown 7-21mm,Canon PowerShot S50,500c85898daaa7d39c1955f73fcda9c8
/Users/mac24/a/projects/fotos/keep/images/photos/2004/20040814PrattFalls,20040814PrattFalls6.jpg,2004-08-14 14:04:24,2004-08-14 14:04:24,-,3713383,-,-,1944x2592,-,Canon PowerShot S50,456daec1f5ee8e6650bc4cc1d7e61d62
/Users/mac24/a/projects/fotos/keep/images/photos/2004/20040814PrattFalls,20040814PrattFalls7.jpg,2004-08-14 14:10:50,2004-08-14 14:10:50,-,4058261,-,-,2592x1944,Unknown 7-21mm,Canon PowerShot S50,2cc60a7a5db6c63bc9011c3f89b320bd
/Users/mac24/a/projects/fotos/keep/images/photos/2004/20040814PrattFalls,20040814PrattFalls8.jpg,2004-08-14 14:11:27,2004-08-14 14:11:27,-,3713235,-,-,1944x2592,-,Canon PowerShot S50,e587b1c3bf6079ce0c1cb3d4a6afd623
/Users/mac24/a/projects/fotos/keep/images/photos/2004/20040814PrattFalls,20040814PrattFalls9.jpg,2004-08-14 14:47:16,2004-08-14 14:47:16,-,3522628,-,-,2592x1944,Unknown 7-21mm,Canon PowerShot S50,b8b1b18cae05b47b06028037fd40199d
/Users/mac24/a/projects/fotos/keep/images/photos/2004/20040815CazTriathalon,20040815CazTriathalon01.jpg,2004-08-15 08:32:49,2004-08-15 08:32:49,-,2716987,-,-,2592x1944,Unknown 7-21mm,Canon PowerShot S50,7aef76c23677f1370177f9311babee48
/Users/mac24/a/projects/fotos/keep/images/photos/2004/20040815CazTriathalon,20040815CazTriathalon02.jpg,2004-08-15 08:35:06,2004-08-15 08:35:06,-,2829023,-,-,2592x1944,Unknown 7-21mm,Canon PowerShot S50,c314f003403c05e08599353889d3f533
/Users/mac24/a/projects/fotos/keep/images/photos/2004/20040815CazTriathalon,20040815CazTriathalon03.jpg,2004-08-15 08:41:13,2004-08-15 08:41:13,-,2492299,-,-,2592x1944,Unknown 7-21mm,Canon PowerShot S50,b9875ab7fab6bc257061b76c75045302
/Users/mac24/a/projects/fotos/keep/images/photos/2004/20040815CazTriathalon,20040815CazTriathalon04.jpg,2004-08-15 08:41:34,2004-08-15 08:41:34,-,2752357,-,-,2592x1944,Unknown 7-21mm,Canon PowerShot S50,8c772c9f6597dfd603e9539f0bbef8e3
/Users/mac24/a/projects/fotos/keep/images/photos/2004/20040815CazTriathalon,20040815CazTriathalon05.jpg,2004-08-15 08:45:26,2004-08-15 08:45:26,-,2494179,-,-,2592x1944,Unknown 7-21mm,Canon PowerShot S50,a3c4fab355d7b342aec338c11ab63b82
/Users/mac24/a/projects/fotos/keep/images/photos/2004/20040815CazTriathalon,20040815CazTriathalon06.jpg,2004-08-15 08:46:29,2004-08-15 08:46:29,-,2940313,-,-,2592x1944,Unknown 7-21mm,Canon PowerShot S50,3334854248445371daea72ad4e7fbd2d
/Users/mac24/a/projects/fotos/keep/images/photos/2004/20040815CazTriathalon,20040815CazTriathalon07.jpg,2004-08-15 08:48:54,2004-08-15 08:48:54,-,3353446,-,-,2592x1944,Unknown 7-21mm,Canon PowerShot S50,67c901471b2e6ce1cb19fe2d3cc8eed8
/Users/mac24/a/projects/fotos/keep/images/photos/2004/20040815CazTriathalon,20040815CazTriathalon08.jpg,2004-08-15 08:49:02,2004-08-15 08:49:02,-,3398680,-,-,2592x1944,Unknown 7-21mm,Canon PowerShot S50,e97183b78cb4bccaf97980e634d2e44e
/Users/mac24/a/projects/fotos/keep/images/photos/2004/20040815CazTriathalon,20040815CazTriathalon09.jpg,2004-08-15 09:14:05,2004-08-15 09:14:05,-,3468383,-,-,2592x1944,Unknown 7-21mm,Canon PowerShot S50,c503f3bdef8312501c99efde001e4d27
/Users/mac24/a/projects/fotos/keep/images/photos/2004/20040815CazTriathalon,20040815CazTriathalon10.jpg,2004-08-15 09:17:32,2004-08-15 09:17:32,-,2375423,-,-,1944x2592,-,Canon PowerShot S50,049e627001fdd55a79bc077fc444992f
/Users/mac24/a/projects/fotos/keep/images/photos/2004/20040815CazTriathalon,20040815CazTriathalon11.jpg,2004-08-15 09:18:25,2004-08-15 09:18:25,-,3241553,-,-,2592x1944,Unknown 7-21mm,Canon PowerShot S50,bfe822226d895b4d7be7ac44c5e8b544
/Users/mac24/a/projects/fotos/keep/images/photos/2004/20040815CazTriathalon,20040815CazTriathalon12.jpg,2004-08-15 09:18:44,2004-08-15 09:18:44,-,3408917,-,-,2592x1944,Unknown 7-21mm,Canon PowerShot S50,be811baafd06be67ce20f39d1bafc7ad
/Users/mac24/a/projects/fotos/keep/images/photos/2004/20040815CazTriathalon,20040815CazTriathalon13.jpg,2004-08-15 09:30:02,2004-08-15 09:30:02,-,3684635,-,-,2592x1944,Unknown 7-21mm,Canon PowerShot S50,8f0f6d6dd790787ceb2adddc60f6e7f7
/Users/mac24/a/projects/fotos/keep/images/photos/2004/20040815CazTriathalon,20040815CazTriathalon14.jpg,2004-08-15 09:31:26,2004-08-15 09:31:26,-,3868254,-,-,2592x1944,Unknown 7-21mm,Canon PowerShot S50,c56c745a13358427240fad34c751afaa
/Users/mac24/a/projects/fotos/keep/images/photos/2004/20040815CazTriathalon,20040815CazTriathalon15.jpg,2004-08-15 09:34:39,2004-08-15 09:34:39,-,3536096,-,-,2592x1944,Unknown 7-21mm,Canon PowerShot S50,eaff8b2d6783f218a040fa01e443641f
/Users/mac24/a/projects/fotos/keep/images/photos/2004/20040815CazTriathalon,20040815CazTriathalon16.jpg,2004-08-15 09:42:07,2004-08-15 09:42:07,-,2325995,-,-,2313x1944,-,Canon PowerShot S50,26d2e5792627ee4d195843eca55e69ff
/Users/mac24/a/projects/fotos/keep/images/photos/2004/20040815CazTriathalon,20040815CazTriathalon17.jpg,2004-08-15 09:43:11,2004-08-15 09:43:11,-,2166517,-,-,1944x2592,-,Canon PowerShot S50,e8199c2d31341d57ebbe18a57f556999
/Users/mac24/a/projects/fotos/keep/images/photos/2004/20040815CazTriathalon,20040815CazTriathalon18.jpg,2004-08-15 09:45:36,2004-08-15 09:45:36,-,2141439,-,-,2187x1940,-,Canon PowerShot S50,04032c83ee91a9ffafc53fca8866f4a4
/Users/mac24/a/projects/fotos/keep/images/photos/2004/20040815CazTriathalon,20040815CazTriathalon19.jpg,2004-08-15 09:46:10,2004-08-15 09:46:10,-,2062007,-,-,2363x1934,-,Canon PowerShot S50,286a9c45649dc344efb04aa37ada6beb
/Users/mac24/a/projects/fotos/keep/images/photos/2004/20040815CazTriathalon,20040815CazTriathalon20.jpg,2004-08-15 09:46:13,2004-08-15 09:46:13,-,1923705,-,-,2276x1850,-,Canon PowerShot S50,b4defce6faf8bf4ea0078ad8e18abeb1
/Users/mac24/a/projects/fotos/keep/images/photos/2004/20040815CazTriathalon,20040815CazTriathalon21.jpg,2004-08-15 09:49:36,2004-08-15 09:49:36,-,1373993,-,-,1794x1870,-,Canon PowerShot S50,5af015c62ff1f8198a4480c39f9f661f
/Users/mac24/a/projects/fotos/keep/images/photos/2004/20040822NewWoodstockNYBarn,20040822NewWoodstockBarn1.jpg,2004-08-16 12:04:07,2004-08-16 12:04:07,-,2217673,-,-,2592x1944,Unknown 7-21mm,Canon PowerShot S50,941328b76bda56e829bdf814948a1406
/Users/mac24/a/projects/fotos/keep/images/photos/2004/20040822NewWoodstockNYBarn,20040822NewWoodstockBarn2.jpg,2004-08-16 12:05:13,2004-08-16 12:05:13,-,2791298,-,-,2592x1944,Unknown 7-21mm,Canon PowerShot S50,49950bcfcca526c04391bdb24e62f1b2
/Users/mac24/a/projects/fotos/keep/images/photos/2004/20040822NewWoodstockNYBarn,20040822NewWoodstockBarn3.jpg,2004-08-16 12:05:31,2004-08-16 12:05:31,-,2319239,-,-,2592x1944,Unknown 7-21mm,Canon PowerShot S50,76b529b7298b7c0cfb13a052785b5062
/Users/mac24/a/projects/fotos/keep/images/photos/200409-200505/images_small,1967BeachDoubleExpose_small.jpg,-,-,-,49137,-,-,471x307,-,-,87258f199ed9b5a4923d5e4f667f4759
/Users/mac24/a/projects/fotos/keep/images/photos/200409-200505/images_small,1967flowerGirl_small.jpg,-,-,-,46976,-,-,307x471,-,-,23049ef15df64edd077adb4d18889e2b
/Users/mac24/a/projects/fotos/keep/images/photos/200409-200505/images_small,1972DeRuyterLeap_Small.jpg,-,-,-,15574,-,-,377x246,-,-,f79d3b038c3b55a80254045f34063272
/Users/mac24/a/projects/fotos/keep/images/photos/200409-200505/images_small,1972DeRuyterWeeds_small.jpg,-,-,-,50222,-,-,471x307,-,-,b2ad6bbe327bb3262be5e45f16c037fd
/Users/mac24/a/projects/fotos/keep/images/photos/200409-200505/images_small,1972LeslieCampKitchen_small.jpg,-,-,-,37179,-,-,534x348,-,-,a5b3ba85db31ae67a93e3d56c7090b04
/Users/mac24/a/projects/fotos/keep/images/photos/200409-200505/images_small,1972LeslieDeRuyter_small.jpg,-,-,-,110231,-,-,565x369,-,-,53a065938931fbaac8dab006835c6cf4
/Users/mac24/a/projects/fotos/keep/images/photos/200409-200505/images_small,1972LeslieTurner_small.jpg,-,-,-,28191,-,-,408x266,-,-,2ceef644c5bda0e857071c0faf92e271
/Users/mac24/a/projects/fotos/keep/images/photos/200409-200505/images_small,1972LeslieVW_small.jpg,-,-,-,51484,-,-,369x566,-,-,c953e12cdf7c0b1022754ffe5df1a773
/Users/mac24/a/projects/fotos/keep/images/photos/200409-200505/images_small,1977PCookDLI_1_small.jpg,-,-,-,26435,-,-,471x307,-,-,2def4f8ae285528b9945354c053bb317
/Users/mac24/a/projects/fotos/keep/images/photos/200409-200505/images_small,1977PCookDLI_2_small.jpg,-,-,-,20855,-,-,377x246,-,-,719a2cc75017958667b7c9b8648cef40
/Users/mac24/a/projects/fotos/keep/images/photos/200409-200505/images_small,1977PCookDLI_3_small.jpg,-,-,-,56819,-,-,369x565,-,-,2658319d83b0e4d06f15aeaf637cb75a
/Users/mac24/a/projects/fotos/keep/images/photos/200409-200505/images_small,1978ArizonaBike_small.jpg,-,-,-,69286,-,-,628x410,-,-,3af27ad2be01fee0904bb289fe63fe47
/Users/mac24/a/projects/fotos/keep/images/photos/200409-200505/images_small,1978JaniceMonterey_small.jpg,-,-,-,64683,-,-,722x314,-,-,4d7efacb058ad06e6b8d08c0cd397413
/Users/mac24/a/projects/fotos/keep/images/photos/200409-200505/images_small,1990StephHoldsLiz_small.jpg,-,-,-,65408,-,-,628x410,-,-,423bb1408c07e99bb726120fcc87b208
/Users/mac24/a/projects/fotos/keep/images/photos/200409-200505/images_small,20040905MarthasVinyard1_small.jpg,-,-,-,55147,-,-,389x292,-,-,e314f22f6f9508d63fff29b502cf88fb
/Users/mac24/a/projects/fotos/keep/images/photos/200409-200505/images_small,20040905MarthasVinyard10_small.jpg,-,-,-,17452,-,-,384x175,-,-,5d1b3b6ad576e1b589147f6b0d587752
/Users/mac24/a/projects/fotos/keep/images/photos/200409-200505/images_small,20040905MarthasVinyard11_small.jpg,-,-,-,16567,-,-,347x161,-,-,685f7600eeb64f9baa94aeaf3449e34d
/Users/mac24/a/projects/fotos/keep/images/photos/200409-200505/images_small,20040905MarthasVinyard12_small.jpg,-,-,-,18280,-,-,233x311,-,-,545521c18393e5e6ba39fd3f79fac710
/Users/mac24/a/projects/fotos/keep/images/photos/200409-200505/images_small,20040905MarthasVinyard2_small.jpg,-,-,-,41323,-,-,389x292,-,-,d4848653cd410bef71f32d014c3a8b55
/Users/mac24/a/projects/fotos/keep/images/photos/200409-200505/images_small,20040905MarthasVinyard3_small.jpg,-,-,-,53841,-,-,400x300,-,-,b0eef6dac7c897dbd72a4d516edd0e1c
/Users/mac24/a/projects/fotos/keep/images/photos/200409-200505/images_small,20040905MarthasVinyard7_small.jpg,-,-,-,12863,-,-,400x243,-,-,6027caa2366f6bf36fe1390fda920411
/Users/mac24/a/projects/fotos/keep/images/photos/200409-200505/images_small,20040906MarthasVinyard1_small.jpg,-,-,-,39378,-,-,400x300,-,-,faf3c3f4cdcd0c71f4c264c4e310fa72
/Users/mac24/a/projects/fotos/keep/images/photos/200409-200505/images_small,20040906MarthasVinyard4_small.jpg,-,-,-,37682,-,-,397x400,-,-,87383363ab513df13b993e5972cff183
/Users/mac24/a/projects/fotos/keep/images/photos/200409-200505/images_small,20040906MarthasVinyard6_small.jpg,-,-,-,51220,-,-,400x300,-,-,bad5d69ffb02466ffbbd0bbdd21174dc
/Users/mac24/a/projects/fotos/keep/images/photos/200409-200505/images_small,20040906MarthasVinyard7_small.jpg,-,-,-,51301,-,-,300x400,-,-,5b024d2aa92c26e208f80db29761fdf1
/Users/mac24/a/projects/fotos/keep/images/photos/200409-200505/images_small,20040906MarthasVinyard8_small.jpg,-,-,-,28761,-,-,400x300,-,-,dc06543db6a383933feceb0e39043269
/Users/mac24/a/projects/fotos/keep/images/photos/200409-200505/images_small,20040911MathasVinyard11_small.jpg,-,-,-,40918,-,-,400x300,-,-,17a0750519243babebf2763bf36f1df0
/Users/mac24/a/projects/fotos/keep/images/photos/200409-200505/images_small,20040911MathasVinyard12_small.jpg,-,-,-,16488,-,-,400x300,-,-,877e658b0c53d10a7bdcf1c615723fae
/Users/mac24/a/projects/fotos/keep/images/photos/200409-200505/images_small,20040911MathasVinyard13_small.jpg,-,-,-,28634,-,-,400x300,-,-,99492b87ea7220dca1b7431bfa3c9dfb
/Users/mac24/a/projects/fotos/keep/images/photos/200409-200505/images_small,20040911MathasVinyard14_small.jpg,-,-,-,39211,-,-,400x300,-,-,01d0597dc05cf962ec422451a811cdb3
/Users/mac24/a/projects/fotos/keep/images/photos/200409-200505/images_small,20040911MathasVinyard15_small.jpg,-,-,-,23321,-,-,400x300,-,-,89c8006a3375c8b18ea9eafd202744de
/Users/mac24/a/projects/fotos/keep/images/photos/200409-200505/images_small,20040911MathasVinyard16_small.jpg,-,-,-,43064,-,-,400x300,-,-,3a5067ed45ac40f0c5ca0a95e9778761
/Users/mac24/a/projects/fotos/keep/images/photos/200409-200505/images_small,20040911MathasVinyard2_small.jpg,-,-,-,19714,-,-,400x300,-,-,ab3344ecd3f86f852b4ddb314b9ba956
/Users/mac24/a/projects/fotos/keep/images/photos/200409-200505/images_small,20040911MathasVinyard3_small.jpg,-,-,-,23108,-,-,400x300,-,-,5af20268ae8cb2e8c27fd3f34165d24f
/Users/mac24/a/projects/fotos/keep/images/photos/200409-200505/images_small,20040911MathasVinyard4_small.jpg,-,-,-,17940,-,-,400x300,-,-,bc4868d4b1d192a2e0a6b85759cc83de
/Users/mac24/a/projects/fotos/keep/images/photos/200409-200505/images_small,20040911MathasVinyard5_small.jpg,-,-,-,27625,-,-,300x400,-,-,be37bb1af977d7df1bc6c13f980dccf3
/Users/mac24/a/projects/fotos/keep/images/photos/200409-200505/images_small,20040911MathasVinyard6_small.jpg,-,-,-,19568,-,-,400x300,-,-,6e2ef53ae41b8997a2f189b340948cc5
/Users/mac24/a/projects/fotos/keep/images/photos/200409-200505/images_small,20040911MathasVinyard7_small.jpg,-,-,-,22047,-,-,400x300,-,-,b0fc77b179ce049a9dd70aeff13b350e
/Users/mac24/a/projects/fotos/keep/images/photos/200409-200505/images_small,20040921CSC_moving_small.jpg,-,-,-,8584,-,-,300x225,-,-,09ba2d0e732ae10c29a38a5861c78b8b
/Users/mac24/a/projects/fotos/keep/images/photos/200409-200505/images_small,20040925PaintingCouple_small.jpg,-,-,-,10890,-,-,311x233,-,-,37513eb168fdab5fb834618958008ecd
/Users/mac24/a/projects/fotos/keep/images/photos/200409-200505/images_small,20040925SligoCreek1_small.jpg,-,-,-,26282,-,-,311x415,-,-,7c5af613c0682d8a31f609521699367d
/Users/mac24/a/projects/fotos/keep/images/photos/200409-200505/images_small,20040925SligoCreek2_small.jpg,-,-,-,34804,-,-,441x330,-,-,8fd767301b5917b3382a3a7cd04c3b31
/Users/mac24/a/projects/fotos/keep/images/photos/200409-200505/images_small,20040926PaintingCouple2_small.jpg,-,-,-,16314,-,-,416x329,-,-,c0e5a7a48321145c55a2a15bdeaf697d
/Users/mac24/a/projects/fotos/keep/images/photos/200409-200505/images_small,20040926PaintingLake_small.jpg,-,-,-,8073,-,-,354x264,-,-,945004e0252ec4775c258caf5acf0d6d
/Users/mac24/a/projects/fotos/keep/images/photos/200409-200505/images_small,20041003NelsonRocksWV01_small.jpg,-,-,-,29917,-,-,263x350,-,-,9097619010eb61a45542908d2edcab3f
/Users/mac24/a/projects/fotos/keep/images/photos/200409-200505/images_small,20041003NelsonRocksWV02_small.jpg,-,-,-,29581,-,-,263x350,-,-,98f9b5b70a43815a6126e92ff3472992
/Users/mac24/a/projects/fotos/keep/images/photos/200409-200505/images_small,20041003NelsonRocksWV10_small.jpg,-,-,-,33411,-,-,263x350,-,-,ec4ee18a5597e31e0ce979b0c84473d3
/Users/mac24/a/projects/fotos/keep/images/photos/200409-200505/images_small,20041003NelsonRocksWV11_small.jpg,-,-,-,29819,-,-,263x350,-,-,01dbf3e67bd4562302a54f9a79a9db66
/Users/mac24/a/projects/fotos/keep/images/photos/200409-200505/images_small,20041003NelsonRocksWV12_small.jpg,-,-,-,31055,-,-,263x350,-,-,1ee90961c54cadf6b9dd8ffc94b63b57
/Users/mac24/a/projects/fotos/keep/images/photos/200409-200505/images_small,20041003NelsonRocksWV13_small.jpg,-,-,-,27504,-,-,350x263,-,-,02722759f2484982047381254072ada6
/Users/mac24/a/projects/fotos/keep/images/photos/200409-200505/images_small,20041003NelsonRocksWV14_small.jpg,-,-,-,23491,-,-,263x350,-,-,fceac25c8682117edf461abe840e3782
/Users/mac24/a/projects/fotos/keep/images/photos/200409-200505/images_small,20041003NelsonRocksWV17_small.jpg,-,-,-,27033,-,-,263x350,-,-,9201f8fd45fe8bb15717bb9f484bc903
/Users/mac24/a/projects/fotos/keep/images/photos/200409-200505/images_small,20041003NelsonRocksWV18_small.jpg,-,-,-,35183,-,-,350x263,-,-,449c14fc781382450ee3a681dbeb4d9c
/Users/mac24/a/projects/fotos/keep/images/photos/200409-200505/images_small,20041003NelsonRocksWV19_small.jpg,-,-,-,14513,-,-,350x263,-,-,f616b054f56649c3eb49d4efd304eaad
/Users/mac24/a/projects/fotos/keep/images/photos/200409-200505/images_small,20041003NelsonRocksWV20_small.jpg,-,-,-,15637,-,-,350x263,-,-,8f6fae4ddf6003c38d0e08293951992f
/Users/mac24/a/projects/fotos/keep/images/photos/200409-200505/images_small,20041003NelsonRocksWV21_small.jpg,-,-,-,22605,-,-,350x263,-,-,06fcf054a356270268c85de5ccd77fa0
/Users/mac24/a/projects/fotos/keep/images/photos/200409-200505/images_small,20041003NelsonRocksWV22_small.jpg,-,-,-,24942,-,-,350x263,-,-,d6d448f624b1c07c41f7b427337b15a0
/Users/mac24/a/projects/fotos/keep/images/photos/200409-200505/images_small,20041003NelsonRocksWV23_small.jpg,-,-,-,30873,-,-,350x263,-,-,0f3ada1588a5646b53458a368889f534
/Users/mac24/a/projects/fotos/keep/images/photos/200409-200505/images_small,20041003NelsonRocksWV24_small.jpg,-,-,-,19363,-,-,350x263,-,-,88872de1bbf29c0e1e8b84f569b9f061
/Users/mac24/a/projects/fotos/keep/images/photos/200409-200505/images_small,20041003NelsonRocksWV25_small.jpg,-,-,-,20575,-,-,263x350,-,-,793f9d4ba6d90ad60116879653f43988
/Users/mac24/a/projects/fotos/keep/images/photos/200409-200505/images_small,20041003NelsonRocksWV7_small.jpg,-,-,-,23102,-,-,350x263,-,-,d470c2aabb5c4fcd27be7549f135e80e
/Users/mac24/a/projects/fotos/keep/images/photos/200409-200505/images_small,20041003NelsonRocksWV8_small.jpg,-,-,-,35789,-,-,263x350,-,-,a4d784ec68cef46f6f39e33347cef797
/Users/mac24/a/projects/fotos/keep/images/photos/200409-200505/images_small,20041003NelsonRocksWV9_small.jpg,-,-,-,31295,-,-,350x263,-,-,e8286fc670acfefe409ccf80af1f967f
/Users/mac24/a/projects/fotos/keep/images/photos/200409-200505/images_small,20041003RoadSideSculpWV1_small.jpg,-,-,-,33774,-,-,389x292,-,-,cf85adb96511bba9b808d5e7a10009cb
/Users/mac24/a/projects/fotos/keep/images/photos/200409-200505/images_small,20041003roadSideSculpWV2_small.jpg,-,-,-,29280,-,-,292x389,-,-,f89a1f77a10b19a34fb8d9dc3acb411a
/Users/mac24/a/projects/fotos/keep/images/photos/200409-200505/images_small,20041003SpruceKnobLiz1_small.jpg,-,-,-,11132,-,-,389x292,-,-,972845d12134fc9c16d21ba2dcdc85f9
/Users/mac24/a/projects/fotos/keep/images/photos/200409-200505/images_small,20041003SpruceKnobWV2_small.jpg,-,-,-,9625,-,-,389x292,-,-,6ae72b6e289b09543309d12d28c59344
/Users/mac24/a/projects/fotos/keep/images/photos/200409-200505/images_small,20041003SpruceKnobWV3_small.jpg,-,-,-,12433,-,-,389x292,-,-,f0110dc8dd23ce5d5d2127ec3a23e2d7
/Users/mac24/a/projects/fotos/keep/images/photos/200409-200505/images_small,20041003SpruceKnobWV4_small.jpg,-,-,-,13399,-,-,389x292,-,-,31ca9a8c1bd5df59b777223fef11bec7
/Users/mac24/a/projects/fotos/keep/images/photos/200409-200505/images_small,20041009Boston1_small.jpg,-,-,-,6229,-,-,311x193,-,-,2200f588950c2553c4cf890b13325c11
/Users/mac24/a/projects/fotos/keep/images/photos/200409-200505/images_small,20041009Boston2_small.jpg,-,-,-,8751,-,-,337x204,-,-,fe827f15529259232c4feec60cd44a07
/Users/mac24/a/projects/fotos/keep/images/photos/200409-200505/images_small,20041009Boston3_small.jpg,-,-,-,13419,-,-,363x272,-,-,2a3a9eb0345e6ec52bd6e463d669cd9e
/Users/mac24/a/projects/fotos/keep/images/photos/200409-200505/images_small,20041009Boston5_small.jpg,-,-,-,7466,-,-,272x159,-,-,b7bb34d9d37e2b015870b1d33bb8dccb
/Users/mac24/a/projects/fotos/keep/images/photos/200409-200505/images_small,20041009Boston8_small.jpg,-,-,-,8213,-,-,349x288,-,-,3daf9b3177c6293a9432a5e52886d7d6
/Users/mac24/a/projects/fotos/keep/images/photos/200409-200505/images_small,20041017PaintingofDancers_small.jpg,-,-,-,14643,-,-,353x258,-,-,9a863dc9bd9d5c5b9e9d1c3d06307aab
/Users/mac24/a/projects/fotos/keep/images/photos/200409-200505/images_small,20041017PhilTennis_small.jpg,-,-,-,9334,-,-,338x143,-,-,64088594069c6d78bac1752224f3466a
/Users/mac24/a/projects/fotos/keep/images/photos/200409-200505/images_small,20041031myFoot_small.jpg,-,-,-,16677,-,-,337x253,-,-,06e4bbb079aabcd1906620eac9c8954b
/Users/mac24/a/projects/fotos/keep/images/photos/200409-200505/images_small,20041114COCanal_small.jpg,-,-,-,24259,-,-,300x400,-,-,d3f1f94e7aea360e77847b0216b91fab
/Users/mac24/a/projects/fotos/keep/images/photos/200409-200505/images_small,20041114COCanal2_small.jpg,-,-,-,20645,-,-,387x260,-,-,9b1a901b57638112cb9fd1bb6f0ba871
/Users/mac24/a/projects/fotos/keep/images/photos/200409-200505/images_small,20041124PhilHonda_small.jpg,-,-,-,12473,-,-,390x293,-,-,a707d658240d81c90b9054f7c32e993c
/Users/mac24/a/projects/fotos/keep/images/photos/200409-200505/images_small,200412_01_small.jpg,-,-,-,29040,-,-,350x263,-,-,625075b05df1ada9d828d9cdbf5c2e03
/Users/mac24/a/projects/fotos/keep/images/photos/200409-200505/images_small,200412_02_small.jpg,-,-,-,21042,-,-,350x263,-,-,5ab66e3bb38e97c3bc1a58ef559987fd
/Users/mac24/a/projects/fotos/keep/images/photos/200409-200505/images_small,200412_03_small.jpg,-,-,-,15567,-,-,263x350,-,-,e2600860e12f7807f83a52fdc5aeab86
/Users/mac24/a/projects/fotos/keep/images/photos/200409-200505/images_small,200412_04_small.jpg,-,-,-,27067,-,-,263x350,-,-,9fbd79a12d8d09f61192be8f6b3ae433
/Users/mac24/a/projects/fotos/keep/images/photos/200409-200505/images_small,20041212_Apartment1_small.jpg,-,-,-,15698,-,-,320x224,-,-,ffdffd6ca89b5b28565d80aa7d0d60f6
/Users/mac24/a/projects/fotos/keep/images/photos/200409-200505/images_small,20041212_Apartment2_small.jpg,-,-,-,11586,-,-,300x239,-,-,08c15454bb3f1fa7cc104ced76a3a614
/Users/mac24/a/projects/fotos/keep/images/photos/200409-200505/images_small,20041212_Apartment3_small.jpg,-,-,-,15194,-,-,320x251,-,-,c1ad0752e17a873105b386319d4b1d6d
/Users/mac24/a/projects/fotos/keep/images/photos/200409-200505/images_small,20041214_NJShore01_small.jpg,-,-,-,6501,-,-,102x320,-,-,1bdc3f476e4074e26525011ec1e2ee75
/Users/mac24/a/projects/fotos/keep/images/photos/200409-200505/images_small,20041214_NJShore02_small.jpg,-,-,-,9464,-,-,132x320,-,-,c938dd4b24ecc4b66c0dfdf5da1fe05b
/Users/mac24/a/projects/fotos/keep/images/photos/200409-200505/images_small,20041214_NJShore03_small.jpg,-,-,-,10352,-,-,129x320,-,-,bc1da02567da52dd4ff6316d4834d141
/Users/mac24/a/projects/fotos/keep/images/photos/200409-200505/images_small,20041214_NJShore04_small.jpg,-,-,-,13525,-,-,240x320,-,-,ae2a21e58da3f3259fea86b4db48d1cd
/Users/mac24/a/projects/fotos/keep/images/photos/200409-200505/images_small,20041214_NJShore05_small.jpg,-,-,-,17172,-,-,320x240,-,-,e784ef59c63b5df1fa88ae287556c1b3
/Users/mac24/a/projects/fotos/keep/images/photos/200409-200505/images_small,20041214_NJShore06_small.jpg,-,-,-,27677,-,-,320x240,-,-,c0a01cfa72e501398ccf7912423e52c4
/Users/mac24/a/projects/fotos/keep/images/photos/200409-200505/images_small,20041214_NJShore09_small.jpg,-,-,-,17393,-,-,320x240,-,-,12562d1e7ac4d75a89c3d0ff70c5d9c0
/Users/mac24/a/projects/fotos/keep/images/photos/200409-200505/images_small,20041214_NJShore10_small.jpg,-,-,-,9404,-,-,320x185,-,-,bb90333e67172c9ad5575b447a7501d8
/Users/mac24/a/projects/fotos/keep/images/photos/200409-200505/images_small,20041214_NJShore11_small.jpg,-,-,-,17217,-,-,240x320,-,-,f445f57dcc7ef7ef3f265f1d6bffdd30
/Users/mac24/a/projects/fotos/keep/images/photos/200409-200505/images_small,20041214_NJShore12_small.jpg,-,-,-,15979,-,-,320x240,-,-,4196a4a10e5cf313c2fa25bc573ada1e
/Users/mac24/a/projects/fotos/keep/images/photos/200409-200505/images_small,20041214_NJShore13_small.jpg,-,-,-,13893,-,-,240x320,-,-,07c660816762fe489293d84de6fc5ac1
/Users/mac24/a/projects/fotos/keep/images/photos/200409-200505/images_small,20041214_NJShore14_small.jpg,-,-,-,14376,-,-,240x320,-,-,351a2463aa5db7fc56637e80e0fad040
/Users/mac24/a/projects/fotos/keep/images/photos/200409-200505/images_small,20041214_NJShore15_small.jpg,-,-,-,14197,-,-,320x182,-,-,473e2b3fb238dddfc66c13c7746f076a
/Users/mac24/a/projects/fotos/keep/images/photos/200409-200505/images_small,20041214_NJShore18_small.jpg,-,-,-,20618,-,-,320x170,-,-,b89793cb1a1c6bfda861f332332e28ba
/Users/mac24/a/projects/fotos/keep/images/photos/200409-200505/images_small,20041214_NJShore19_small.jpg,-,-,-,29537,-,-,240x320,-,-,b4ccb42881b1d17dbfc61a5999b3094a
/Users/mac24/a/projects/fotos/keep/images/photos/200409-200505/images_small,20041214_NJShore20_small.jpg,-,-,-,7783,-,-,320x143,-,-,5136a39e82cf71cc445bb1c6ffac4c14
/Users/mac24/a/projects/fotos/keep/images/photos/200409-200505/images_small,20041214_NJShore21_small.jpg,-,-,-,28428,-,-,320x240,-,-,57085e2f2e9a5b810c74fe941ae53f61
/Users/mac24/a/projects/fotos/keep/images/photos/200409-200505/images_small,20041214_NJShore22_small.jpg,-,-,-,37257,-,-,320x240,-,-,3200e0771344f02a89ef15e601d010d5
/Users/mac24/a/projects/fotos/keep/images/photos/200409-200505/images_small,20041214_NJShore24_small.jpg,-,-,-,12528,-,-,320x179,-,-,69e89c6968e51bc61c99ad30ed7efdd5
/Users/mac24/a/projects/fotos/keep/images/photos/200409-200505/images_small,20041214_NJShore27_small.jpg,-,-,-,14932,-,-,320x240,-,-,ce3793fc6dd86e97aafb5c3593798493
/Users/mac24/a/projects/fotos/keep/images/photos/200409-200505/images_small,20041214_NJShore31_small.jpg,-,-,-,31531,-,-,320x240,-,-,dba49ca8af9bfa6e0517b921c0936ede
/Users/mac24/a/projects/fotos/keep/images/photos/200409-200505/images_small,20041214_NJShore32_small.jpg,-,-,-,32776,-,-,320x240,-,-,749bbe6bc93eeb3d0ae5d21ee129e817
/Users/mac24/a/projects/fotos/keep/images/photos/200409-200505/images_small,20041214_NJShore33_small.jpg,-,-,-,36336,-,-,240x320,-,-,da1d97e595c29a49450ed2d6313c1327
/Users/mac24/a/projects/fotos/keep/images/photos/200409-200505/images_small,20041214_NJShore34_small.jpg,-,-,-,31192,-,-,320x240,-,-,bc179c6fb93d7911decbcfedf45164a3
/Users/mac24/a/projects/fotos/keep/images/photos/200409-200505/images_small,20041214_NJShore36_small.jpg,-,-,-,34337,-,-,320x240,-,-,c9bad12a8177679b2c2aa8f1d92e9f4e
/Users/mac24/a/projects/fotos/keep/images/photos/200409-200505/images_small,20041214_NJShore37_small.jpg,-,-,-,31470,-,-,320x240,-,-,405ebce962b2f386c3ed5f90a5aac6f9
/Users/mac24/a/projects/fotos/keep/images/photos/200409-200505/images_small,20041214_NJShore38_small.jpg,-,-,-,24528,-,-,320x240,-,-,b2bf3c001300d9cd8bc657f0f717aef5
/Users/mac24/a/projects/fotos/keep/images/photos/200409-200505/images_small,20041214_NJShore39_small.jpg,-,-,-,22840,-,-,320x240,-,-,42fb7b3990c089b59450cf6e29ff4432
/Users/mac24/a/projects/fotos/keep/images/photos/200409-200505/images_small,200412Christmas05_small.jpg,-,-,-,26176,-,-,263x350,-,-,9959175e5ce32c21559e4c0ad6deb7aa
/Users/mac24/a/projects/fotos/keep/images/photos/200409-200505/images_small,200412Christmas06_small.jpg,-,-,-,24981,-,-,350x263,-,-,8a7902942cf6aedb67e0446bd19da10b
/Users/mac24/a/projects/fotos/keep/images/photos/200409-200505/images_small,200412Christmas07_small.jpg,-,-,-,20495,-,-,350x263,-,-,aaeaa4305e8e59ca7548600c445f7d2b
/Users/mac24/a/projects/fotos/keep/images/photos/200409-200505/images_small,200412Christmas08_small.jpg,-,-,-,18064,-,-,263x350,-,-,743d086988e94a94564057763ea9a50a
/Users/mac24/a/projects/fotos/keep/images/photos/200409-200505/images_small,200412Christmas09_small.jpg,-,-,-,20319,-,-,263x350,-,-,dd7b2e9273590c021e6e4169769d6d0b
/Users/mac24/a/projects/fotos/keep/images/photos/200409-200505/images_small,200412Christmas10_small.jpg,-,-,-,23101,-,-,350x263,-,-,22702021de8a943a31c3147070045eaa
/Users/mac24/a/projects/fotos/keep/images/photos/200409-200505/images_small,200412Christmas11_small.jpg,-,-,-,20713,-,-,350x263,-,-,1c7d85d1d187a8b10e033814804658ff
/Users/mac24/a/projects/fotos/keep/images/photos/200409-200505/images_small,200412Christmas12_small.jpg,-,-,-,22064,-,-,350x263,-,-,f144cfa3e8c6e83c5965303149e38ce8
/Users/mac24/a/projects/fotos/keep/images/photos/200409-200505/images_small,200412Christmas13_small.jpg,-,-,-,13756,-,-,350x336,-,-,cb01e5e899777ca3ffb57ea998e529e5
/Users/mac24/a/projects/fotos/keep/images/photos/200409-200505/images_small,200412Christmas14_small.jpg,-,-,-,20991,-,-,350x263,-,-,781bd2cebaedbefc1dd9c8e4b6865492
/Users/mac24/a/projects/fotos/keep/images/photos/200409-200505/images_small,200412Christmas16_small.jpg,-,-,-,22388,-,-,350x263,-,-,fe2ee0bbefcc9f610395971f0827696c
/Users/mac24/a/projects/fotos/keep/images/photos/200409-200505/images_small,200412Christmas17_small.jpg,-,-,-,21523,-,-,350x263,-,-,895aaf80c4bed62680ddc001547442c3
/Users/mac24/a/projects/fotos/keep/images/photos/200409-200505/images_small,200412Christmas19_small.jpg,-,-,-,20142,-,-,263x350,-,-,73bc98b51793e816408e36fe2679dfb9
/Users/mac24/a/projects/fotos/keep/images/photos/200409-200505/images_small,200412Christmas20_small.jpg,-,-,-,21329,-,-,350x263,-,-,dc904911e65b74630acfc89147e42991
/Users/mac24/a/projects/fotos/keep/images/photos/200409-200505/images_small,200412Christmas21_small.jpg,-,-,-,16823,-,-,350x263,-,-,a2ee66bc76340d197663e0c14257f8f3
/Users/mac24/a/projects/fotos/keep/images/photos/200409-200505/images_small,200412Christmas22_small.jpg,-,-,-,19334,-,-,350x263,-,-,40b7d003677fd809b0192603a7e121d9
/Users/mac24/a/projects/fotos/keep/images/photos/200409-200505/images_small,200412Christmas23_small.jpg,-,-,-,16513,-,-,350x263,-,-,b96fea474d9013d82a77bf26fbf4c903
/Users/mac24/a/projects/fotos/keep/images/photos/200409-200505/images_small,200412Christmas24_small.jpg,-,-,-,15227,-,-,350x263,-,-,ccfa4fae8f4c26f688841f699236cf30
/Users/mac24/a/projects/fotos/keep/images/photos/200409-200505/images_small,200412Christmas25_small.jpg,-,-,-,20319,-,-,350x263,-,-,0e67236362cb06c13f7182e735e7dbbe
/Users/mac24/a/projects/fotos/keep/images/photos/200409-200505/images_small,200412Christmas26_small.jpg,-,-,-,19017,-,-,350x263,-,-,3bec6f7ec3adca953541ba0a904c7ffa
/Users/mac24/a/projects/fotos/keep/images/photos/200409-200505/images_small,200412Christmas27_small.jpg,-,-,-,20723,-,-,350x263,-,-,610a7979a745201ea06d0dec1fd6f3a2
/Users/mac24/a/projects/fotos/keep/images/photos/200409-200505/images_small,200412Christmas28_small.jpg,-,-,-,20080,-,-,350x263,-,-,b93c7c4c6c573a6990449f2a15f705c0
/Users/mac24/a/projects/fotos/keep/images/photos/200409-200505/images_small,200412Christmas29_small.jpg,-,-,-,10478,-,-,350x263,-,-,0d575e6d3889d71ffd273d28463ac112
/Users/mac24/a/projects/fotos/keep/images/photos/200409-200505/images_small,200412Christmas30_small.jpg,-,-,-,16282,-,-,350x263,-,-,dede5e174b51c51a69f1552ed808c404
/Users/mac24/a/projects/fotos/keep/images/photos/200409-200505/images_small,200501_01_small.jpg,-,-,-,9069,-,-,350x263,-,-,e28e45111395ed2bd92522ce125bc78b
/Users/mac24/a/projects/fotos/keep/images/photos/200409-200505/images_small,200501_02_small.jpg,-,-,-,35201,-,-,350x263,-,-,d79e67465fa641e499b66990ff0e2964
/Users/mac24/a/projects/fotos/keep/images/photos/200409-200505/images_small,200501_04_small.jpg,-,-,-,17577,-,-,236x350,-,-,65ee16a044ddacc0a9152fd4cf611dcf
/Users/mac24/a/projects/fotos/keep/images/photos/200409-200505/images_small,200501_08_small.jpg,-,-,-,19730,-,-,263x350,-,-,44c7aaa4081953430420097dd93ce636
/Users/mac24/a/projects/fotos/keep/images/photos/200409-200505/images_small,200501_10_small.jpg,-,-,-,29729,-,-,350x263,-,-,69f3d34a57062b365fc08bd23fff24e3
/Users/mac24/a/projects/fotos/keep/images/photos/200409-200505/images_small,200501_11_small.jpg,-,-,-,20005,-,-,350x263,-,-,be9b957e31a04884ff6405cbefb4ab90
/Users/mac24/a/projects/fotos/keep/images/photos/200409-200505/images_small,200501_13_small.jpg,-,-,-,20789,-,-,350x263,-,-,36c9cf8f5f464ff4813fa5b9aa9a3f41
/Users/mac24/a/projects/fotos/keep/images/photos/200409-200505/images_small,200501_15_small.jpg,-,-,-,20677,-,-,350x263,-,-,b9bcf1d47c31ae77456d253db5924ed5
/Users/mac24/a/projects/fotos/keep/images/photos/200409-200505/images_small,200501_17_small.jpg,-,-,-,40636,-,-,333x350,-,-,de1075a0f1c0901b15e6dbb67becf5ba
/Users/mac24/a/projects/fotos/keep/images/photos/200409-200505/images_small,200501_19_small.jpg,-,-,-,32047,-,-,248x350,-,-,1b16b476e93943a01f9a093245635c0e
/Users/mac24/a/projects/fotos/keep/images/photos/200409-200505/images_small,200502_06_small.jpg,-,-,-,19398,-,-,350x263,-,-,cfd7d0e8e3deee9b7b1a8e3f4989d467
/Users/mac24/a/projects/fotos/keep/images/photos/200409-200505/images_small,200502_07_small.jpg,-,-,-,12808,-,-,350x263,-,-,ec92b8020605222e94db412b0f593da1
/Users/mac24/a/projects/fotos/keep/images/photos/200409-200505/images_small,200502_08_small.jpg,-,-,-,15177,-,-,350x263,-,-,e48f81571086d9b5e8ac674cfc5ff7b3
/Users/mac24/a/projects/fotos/keep/images/photos/200409-200505/images_small,200502_10_small.jpg,-,-,-,19106,-,-,350x263,-,-,1eb8f27d3b6869f42d4d10cfaa463ace
/Users/mac24/a/projects/fotos/keep/images/photos/200409-200505/images_small,200502_11_small.jpg,-,-,-,13374,-,-,350x263,-,-,79cb8e540a56a7305fd9b43f42dc7ff3
/Users/mac24/a/projects/fotos/keep/images/photos/200409-200505/images_small,200502_12_small.jpg,-,-,-,22017,-,-,350x263,-,-,bc38cc07c17036ddd92ea98410ad99cf
/Users/mac24/a/projects/fotos/keep/images/photos/200409-200505/images_small,200502_13_small.jpg,-,-,-,19625,-,-,350x263,-,-,8a00354e076b8ccae904c0d49ac38813
/Users/mac24/a/projects/fotos/keep/images/photos/200409-200505/images_small,200502_14_small.jpg,-,-,-,17054,-,-,350x263,-,-,c8b40fb0ddabab96f9ae17b40ff05d63
/Users/mac24/a/projects/fotos/keep/images/photos/200409-200505/images_small,200502_15_small.jpg,-,-,-,25628,-,-,263x350,-,-,d149c7e19c0ac70404036c41e4f37b38
/Users/mac24/a/projects/fotos/keep/images/photos/200409-200505/images_small,200502_16_small.jpg,-,-,-,21736,-,-,350x263,-,-,96f6e4ab808f1050a417b4c5af1741bb
/Users/mac24/a/projects/fotos/keep/images/photos/200409-200505/images_small,200502_17_small.jpg,-,-,-,17386,-,-,350x263,-,-,46daec79e5d61be442aa34ec223af5ad
/Users/mac24/a/projects/fotos/keep/images/photos/200409-200505/images_small,200502_18_small.jpg,-,-,-,15092,-,-,350x263,-,-,71e198bbd7cc68cbb271d4738c328a08
/Users/mac24/a/projects/fotos/keep/images/photos/200409-200505/images_small,200502_21_small.jpg,-,-,-,21407,-,-,350x263,-,-,3b1cc26677c31574fed8ff08addf052e
/Users/mac24/a/projects/fotos/keep/images/photos/200409-200505/images_small,200502_22_small.jpg,-,-,-,20110,-,-,263x350,-,-,52cea652ea44fe24370102fef4bbeeff
/Users/mac24/a/projects/fotos/keep/images/photos/200409-200505/images_small,200502_23_small.jpg,-,-,-,28403,-,-,350x263,-,-,bedff8014deeef50937cbef94dec3b0a
/Users/mac24/a/projects/fotos/keep/images/photos/200409-200505/images_small,200502_25_small.jpg,-,-,-,27965,-,-,350x263,-,-,3535b688f2828eba9c7f453ed2135aa3
/Users/mac24/a/projects/fotos/keep/images/photos/200409-200505/images_small,200502_26_small.jpg,-,-,-,38212,-,-,350x263,-,-,e6fdddc79d0fe13cefd329c8f1c35a38
/Users/mac24/a/projects/fotos/keep/images/photos/200409-200505/images_small,200502Colorado01_small.jpg,-,-,-,16256,-,-,350x263,-,-,22ac00b80bca96787e09010c1c598f4a
/Users/mac24/a/projects/fotos/keep/images/photos/200409-200505/images_small,200502Colorado02_small.jpg,-,-,-,19862,-,-,263x350,-,-,143974135051b103330d3441770a4cf6
/Users/mac24/a/projects/fotos/keep/images/photos/200409-200505/images_small,200502Colorado03_small.jpg,-,-,-,15305,-,-,263x350,-,-,d6a2f03a4e3fead8ae085a7f29c1adae
/Users/mac24/a/projects/fotos/keep/images/photos/200409-200505/images_small,200502Colorado04_small.jpg,-,-,-,14900,-,-,350x263,-,-,4f2488c72772372fe82c6f66198f0464
/Users/mac24/a/projects/fotos/keep/images/photos/200409-200505/images_small,200502Colorado05_small.jpg,-,-,-,14340,-,-,350x263,-,-,58df705ddaea1139171bc8fab531bb60
/Users/mac24/a/projects/fotos/keep/images/photos/200409-200505/images_small,200502Colorado06_small.jpg,-,-,-,15004,-,-,350x263,-,-,39da362c3ac52609156656ad33ae3ef2
/Users/mac24/a/projects/fotos/keep/images/photos/200409-200505/images_small,200502Colorado07_small.jpg,-,-,-,23343,-,-,263x350,-,-,82fc6264f39f436c2fb2b82892e83fd0
/Users/mac24/a/projects/fotos/keep/images/photos/200409-200505/images_small,200502Colorado08_small.jpg,-,-,-,24235,-,-,350x263,-,-,908c7236d4794ac94f7ecde472191b24
/Users/mac24/a/projects/fotos/keep/images/photos/200409-200505/images_small,200502Colorado09_small.jpg,-,-,-,24188,-,-,263x350,-,-,a23455038ef8b917d12c647df1bc4bf1
/Users/mac24/a/projects/fotos/keep/images/photos/200409-200505/images_small,200502Colorado10_small.jpg,-,-,-,16059,-,-,350x263,-,-,d545f5e7e4ad471512602b4766ccd310
/Users/mac24/a/projects/fotos/keep/images/photos/200409-200505/images_small,200502Colorado11_small.jpg,-,-,-,21400,-,-,350x263,-,-,c4bd4f7425906fea2a2b35e6d6036fc1
/Users/mac24/a/projects/fotos/keep/images/photos/200409-200505/images_small,200502Colorado12_small.jpg,-,-,-,14562,-,-,350x263,-,-,86005f33c2fb6d5a6da6a7d7ce016ec6
/Users/mac24/a/projects/fotos/keep/images/photos/200409-200505/images_small,200502Colorado13_small.jpg,-,-,-,13273,-,-,350x263,-,-,9e27dcd0ff96923b4f1308096257121a
/Users/mac24/a/projects/fotos/keep/images/photos/200409-200505/images_small,200502Colorado14_small.jpg,-,-,-,23971,-,-,350x263,-,-,4d107d3999c16bdcff1d859001b1b50c
/Users/mac24/a/projects/fotos/keep/images/photos/200409-200505/images_small,200502Colorado15_small.jpg,-,-,-,15940,-,-,350x263,-,-,8fe6efd28604767c8e999a2ed2cd3994
/Users/mac24/a/projects/fotos/keep/images/photos/200409-200505/images_small,200502Colorado16_small.jpg,-,-,-,12321,-,-,350x263,-,-,7a2849bf3947b069823c7c58d130da8b
/Users/mac24/a/projects/fotos/keep/images/photos/200409-200505/images_small,200502Colorado17_small.jpg,-,-,-,20266,-,-,350x263,-,-,462793c231d074f28c9d2009b3470038
/Users/mac24/a/projects/fotos/keep/images/photos/200409-200505/images_small,200502Colorado19_small.jpg,-,-,-,22184,-,-,350x263,-,-,7e35690747153b2b5515b84c32fdc334
/Users/mac24/a/projects/fotos/keep/images/photos/200409-200505/images_small,200502Colorado20_small.jpg,-,-,-,21182,-,-,263x350,-,-,3074652703926986e5232cad224d5418
/Users/mac24/a/projects/fotos/keep/images/photos/200409-200505/images_small,200502Colorado21_small.jpg,-,-,-,21046,-,-,350x263,-,-,cbd1be01a3650122bb4f37216d03de03
/Users/mac24/a/projects/fotos/keep/images/photos/200409-200505/images_small,200502Colorado22_small.jpg,-,-,-,18845,-,-,350x263,-,-,78bd73cb22057a787ddaa2d40778d80e
/Users/mac24/a/projects/fotos/keep/images/photos/200409-200505/images_small,200502Colorado23_small.jpg,-,-,-,18606,-,-,350x263,-,-,fecf6ed860dba156e9c3f421e9837c69
/Users/mac24/a/projects/fotos/keep/images/photos/200409-200505/images_small,200502Colorado24_small.jpg,-,-,-,23732,-,-,350x263,-,-,cf8648c32183631af7b27a84f899040b
/Users/mac24/a/projects/fotos/keep/images/photos/200409-200505/images_small,200502Colorado25_small.jpg,-,-,-,18538,-,-,350x263,-,-,7c94778fd27eb328b0c2da129f820663
/Users/mac24/a/projects/fotos/keep/images/photos/200409-200505/images_small,200502Colorado26_small.jpg,-,-,-,14903,-,-,350x263,-,-,50d7c27c49f470797734aaf82f3edb99
/Users/mac24/a/projects/fotos/keep/images/photos/200409-200505/images_small,200502Colorado27_small.jpg,-,-,-,7181,-,-,350x263,-,-,b5616eacebb99fec29a3f36ce446cfff
/Users/mac24/a/projects/fotos/keep/images/photos/200409-200505/images_small,200502Colorado28_small.jpg,-,-,-,17334,-,-,350x263,-,-,fedbd3d8c7d5924c14c139b8ab2929ac
/Users/mac24/a/projects/fotos/keep/images/photos/200409-200505/images_small,200502Colorado29_small.jpg,-,-,-,18152,-,-,350x263,-,-,54c31728803c24d85bbd3ffea8af22f2
/Users/mac24/a/projects/fotos/keep/images/photos/200409-200505/images_small,200502Colorado30_small.jpg,-,-,-,22930,-,-,350x263,-,-,ce91da3fd19ca3441a4192de7bc0fc22
/Users/mac24/a/projects/fotos/keep/images/photos/200409-200505/images_small,200502Colorado31_small.jpg,-,-,-,18946,-,-,350x263,-,-,dec781f32a50e9ce021c9149f8e01f55
/Users/mac24/a/projects/fotos/keep/images/photos/200409-200505/images_small,200502Colorado32_small.jpg,-,-,-,17914,-,-,350x263,-,-,e4ff9eb6cee1309c887e3091bc61bb58
/Users/mac24/a/projects/fotos/keep/images/photos/200409-200505/images_small,200502Colorado33_small.jpg,-,-,-,22341,-,-,263x350,-,-,d27149f30a2d4cb96f88b73bb273eba0
/Users/mac24/a/projects/fotos/keep/images/photos/200409-200505/images_small,200502Colorado34_small.jpg,-,-,-,21198,-,-,350x263,-,-,ef71fe626cc0636e49bd6c70f7580567
/Users/mac24/a/projects/fotos/keep/images/photos/200409-200505/images_small,200502Colorado35_small.jpg,-,-,-,24428,-,-,263x350,-,-,eb63930c97e6fff16c2390ea8552abd4
/Users/mac24/a/projects/fotos/keep/images/photos/200409-200505/images_small,200502Colorado36_small.jpg,-,-,-,19781,-,-,263x350,-,-,269b05660f5519a2c6e3e17f51b21b0e
/Users/mac24/a/projects/fotos/keep/images/photos/200409-200505/images_small,200502Colorado37_small.jpg,-,-,-,25879,-,-,350x263,-,-,c50666f2aa09083cae3ca4854c452bcb
/Users/mac24/a/projects/fotos/keep/images/photos/200409-200505/images_small,200502Colorado38_small.jpg,-,-,-,22100,-,-,350x263,-,-,226c24fb87135e37a251a45dcf096864
/Users/mac24/a/projects/fotos/keep/images/photos/200409-200505/images_small,200502Colorado39_small.jpg,-,-,-,30633,-,-,350x263,-,-,3518a6c86f652465e5253ade1f5f5497
/Users/mac24/a/projects/fotos/keep/images/photos/200409-200505/images_small,200502Colorado40_small.jpg,-,-,-,17588,-,-,350x263,-,-,096e02a82f44ac88e9156dd14f2d86fb
/Users/mac24/a/projects/fotos/keep/images/photos/200409-200505/images_small,200502Colorado41_small.jpg,-,-,-,17344,-,-,350x263,-,-,ce24ddb248c98df5c8829801af7a52a6
/Users/mac24/a/projects/fotos/keep/images/photos/200409-200505/images_small,200502Colorado42_small.jpg,-,-,-,18170,-,-,350x263,-,-,19f54cb1433d1463fc64717fd0e81b7a
/Users/mac24/a/projects/fotos/keep/images/photos/200409-200505/images_small,200502Colorado43_small.jpg,-,-,-,14626,-,-,350x263,-,-,8ccbb67ae7bfa943c5da74ab59af5a54
/Users/mac24/a/projects/fotos/keep/images/photos/200409-200505/images_small,200502Colorado44_small.jpg,-,-,-,16645,-,-,263x350,-,-,bac93bd88cc470207f11d83e2012ae8b
/Users/mac24/a/projects/fotos/keep/images/photos/200409-200505/images_small,200502Colorado45_small.jpg,-,-,-,13702,-,-,350x263,-,-,f9d42448d9844c9f014daf2debfde84e
/Users/mac24/a/projects/fotos/keep/images/photos/200409-200505/images_small,200502Colorado46_small.jpg,-,-,-,25215,-,-,350x263,-,-,b58b7e394c4af863b971f55a91b5a34a
/Users/mac24/a/projects/fotos/keep/images/photos/200409-200505/images_small,200502Colorado47_small.jpg,-,-,-,15690,-,-,350x263,-,-,986b51abaff4ee8ea9cd814de3524a09
/Users/mac24/a/projects/fotos/keep/images/photos/200409-200505/images_small,200502Colorado48_small.jpg,-,-,-,13327,-,-,350x263,-,-,6b7d39c2f8e6903c505cfa51e96a0b26
/Users/mac24/a/projects/fotos/keep/images/photos/200409-200505/images_small,200502Draw_small.jpg,-,-,-,16289,-,-,261x350,-,-,80644e78ba5c6af599bbb9391c76b42f
/Users/mac24/a/projects/fotos/keep/images/photos/200409-200505/images_small,200502Paint01_small.jpg,-,-,-,23374,-,-,350x263,-,-,be856f7712b07335c3da8725e31eabd3
/Users/mac24/a/projects/fotos/keep/images/photos/200409-200505/images_small,200502Paint02_small.jpg,-,-,-,22331,-,-,350x260,-,-,29dce1911dce684f722a5644016edc63
/Users/mac24/a/projects/fotos/keep/images/photos/200409-200505/images_small,200502Paint03_small.jpg,-,-,-,36613,-,-,259x350,-,-,b5a6402828628eca2690769b0c087a52
/Users/mac24/a/projects/fotos/keep/images/photos/200409-200505/images_small,200502Paint04_small.jpg,-,-,-,19974,-,-,212x350,-,-,dd1bfef94a392c1419ed6f3c1c56482c
/Users/mac24/a/projects/fotos/keep/images/photos/200409-200505/images_small,200502Paint05_small.jpg,-,-,-,19407,-,-,350x208,-,-,d087f675c8edad3e83a7bf8b527b7a41
/Users/mac24/a/projects/fotos/keep/images/photos/200409-200505/images_small,200502Paint06_small.jpg,-,-,-,22578,-,-,213x350,-,-,cdb089887062e8a10ee8db1cd1f2ba02
/Users/mac24/a/projects/fotos/keep/images/photos/200409-200505/images_small,20050323CatoctinHike03_small.jpg,-,-,-,37209,-,-,350x263,-,-,9680263626d95811bd04f94ca3460109
/Users/mac24/a/projects/fotos/keep/images/photos/200409-200505/images_small,20050323CatoctinHike04_small.jpg,-,-,-,37108,-,-,350x263,-,-,7eb34faa3bfcb338a072e9980346ac89
/Users/mac24/a/projects/fotos/keep/images/photos/200409-200505/images_small,200503Paint01_small.jpg,-,-,-,24280,-,-,218x350,-,-,097fb28b16188e5004cfb0a7cd72f461
/Users/mac24/a/projects/fotos/keep/images/photos/200409-200505/images_small,200503Paint02_small.jpg,-,-,-,25044,-,-,350x225,-,-,a6725945cf320cfcb2949bc0b28c2716
/Users/mac24/a/projects/fotos/keep/images/photos/200409-200505/images_small,200503Paint03_small.jpg,-,-,-,26091,-,-,219x350,-,-,03a9366425dc1a4f57955f5c7403671b
/Users/mac24/a/projects/fotos/keep/images/photos/200409-200505/images_small,200503Paint04_small.jpg,-,-,-,26876,-,-,221x350,-,-,e10ac6c039bc26cc3fde5c9bc39c6919
/Users/mac24/a/projects/fotos/keep/images/photos/200409-200505/images_small,200503Paint05_small.jpg,-,-,-,38138,-,-,269x350,-,-,484fc39e2bca4fa22f7fa0331f4c8a72
/Users/mac24/a/projects/fotos/keep/images/photos/200409-200505/images_small,200503Paint06_small.jpg,-,-,-,38377,-,-,350x263,-,-,979c1fde6fe294a5eb327f2bc4b87dfe
/Users/mac24/a/projects/fotos/keep/images/photos/200409-200505/images_small,200503Paint07_small.jpg,-,-,-,39052,-,-,350x263,-,-,1fe46e1b33601158e948e4b6a246641a
/Users/mac24/a/projects/fotos/keep/images/photos/200409-200505/images_small,200503Paint08_small.jpg,-,-,-,38835,-,-,350x263,-,-,6e2771bc9b65f909e1e038e9983d7a03
/Users/mac24/a/projects/fotos/keep/images/photos/200409-200505/images_small,200503Paint09_small.jpg,-,-,-,38714,-,-,350x263,-,-,af40275e0330c84ec1395d3152dc9c60
/Users/mac24/a/projects/fotos/keep/images/photos/200409-200505/images_small,20050411CherryBlosom03_small.jpg,-,-,-,19918,-,-,350x220,-,-,20f5139ea66cc692e0b66cc496e34f8a
/Users/mac24/a/projects/fotos/keep/images/photos/200409-200505/images_small,20050411CherryBlosom04_small.jpg,-,-,-,25416,-,-,350x263,-,-,66682807509205f1cc117fb5c908c88b
/Users/mac24/a/projects/fotos/keep/images/photos/200409-200505/images_small,20050411CherryBlosom05_small.jpg,-,-,-,31452,-,-,350x263,-,-,c8da16da866a0c217d84ced62f3405d5
/Users/mac24/a/projects/fotos/keep/images/photos/200409-200505/images_small,20050411CherryBlosom06_small.jpg,-,-,-,31323,-,-,350x263,-,-,065cf6f065526c3f19bc20242f6c8026
/Users/mac24/a/projects/fotos/keep/images/photos/200409-200505/images_small,20050411CherryBlosom07_small.jpg,-,-,-,32210,-,-,263x350,-,-,e7414eca30fa8ada81f7129f92ef56e8
/Users/mac24/a/projects/fotos/keep/images/photos/200409-200505/images_small,20050411CherryBlosom08_small.jpg,-,-,-,33770,-,-,350x263,-,-,531489ce4ca89251ce8931fe54e406a7
/Users/mac24/a/projects/fotos/keep/images/photos/200409-200505/images_small,20050411CherryBlosom09_small.jpg,-,-,-,37070,-,-,263x350,-,-,e9670ec69c6ace24f389b4923d0caa05
/Users/mac24/a/projects/fotos/keep/images/photos/200409-200505/images_small,20050411Painting01_small.jpg,-,-,-,39625,-,-,350x263,-,-,aa01d66df94490c50e4ff9663176cbc9
/Users/mac24/a/projects/fotos/keep/images/photos/200409-200505/images_small,20050411Painting02_small.jpg,-,-,-,42267,-,-,350x263,-,-,a40eed58600366b308a792afe59a0041
/Users/mac24/a/projects/fotos/keep/images/photos/200409-200505/images_small,20050416Me01_small.jpg,-,-,-,15305,-,-,292x350,-,-,db7ed758bb7eed026d5e7507752c1a47
/Users/mac24/a/projects/fotos/keep/images/photos/200409-200505/images_small,20050416Me02_small.jpg,-,-,-,17720,-,-,316x350,-,-,a1feda88aad944d257c269b5daae2862
/Users/mac24/a/projects/fotos/keep/images/photos/200409-200505/images_small,2005042302_small.jpg,-,-,-,41053,-,-,350x263,-,-,55ed9a98d0197d3d0f3d3f220a0126ff
/Users/mac24/a/projects/fotos/keep/images/photos/200409-200505/images_small,2005042303_small.jpg,-,-,-,41645,-,-,350x263,-,-,ef0dfab9caf489b5583c48aa734a6e69
/Users/mac24/a/projects/fotos/keep/images/photos/200409-200505/images_small,2005042305_small.jpg,-,-,-,26961,-,-,350x263,-,-,1c1e2583652be1e2a225efa0579d8024
/Users/mac24/a/projects/fotos/keep/images/photos/200409-200505/images_small,2005042306_small.jpg,-,-,-,29485,-,-,350x263,-,-,0bdd347a8b64db24953134ef567abb38
/Users/mac24/a/projects/fotos/keep/images/photos/200409-200505/images_small,2005042307_small.jpg,-,-,-,29838,-,-,350x263,-,-,e238ba954073cf3d7515e96fa2f9b88d
/Users/mac24/a/projects/fotos/keep/images/photos/200409-200505/images_small,2005042308_small.jpg,-,-,-,43794,-,-,350x263,-,-,9030a059b625c8cdc3d6a8adc1956233
/Users/mac24/a/projects/fotos/keep/images/photos/200409-200505/images_small,2005042309_small.jpg,-,-,-,43352,-,-,263x350,-,-,6adcaec567c70b568072fbbf974f55d5
/Users/mac24/a/projects/fotos/keep/images/photos/200409-200505/images_small,2005042310_small.jpg,-,-,-,40417,-,-,350x263,-,-,3b1243542524bbcf3f0b84fc4e4bfaaa
/Users/mac24/a/projects/fotos/keep/images/photos/200409-200505/images_small,2005042312_small.jpg,-,-,-,19057,-,-,263x350,-,-,c97cbabd67f01095d43c7262d6c1e55d
/Users/mac24/a/projects/fotos/keep/images/photos/200409-200505/images_small,20050501Josh_Liz01_small.jpg,-,-,-,27664,-,-,350x336,-,-,14255e344214845c46b5866f67633cd8
/Users/mac24/a/projects/fotos/keep/images/photos/200409-200505/images_small,20050501Josh_Liz03_small.jpg,-,-,-,20432,-,-,350x269,-,-,c595c6e07c355ef2df3c8df734907634
/Users/mac24/a/projects/fotos/keep/images/photos/200409-200505/images_small,20050501Josh_Liz04_small.jpg,-,-,-,18669,-,-,350x263,-,-,c4957fa2b2cdc16a60bc5abc2f1eaf66
/Users/mac24/a/projects/fotos/keep/images/photos/200409-200505/images_small,20050501Josh_Liz05_small.jpg,-,-,-,22675,-,-,350x321,-,-,db568340d1be320ce5e002a5cea851df
/Users/mac24/a/projects/fotos/keep/images/photos/200409-200505/images_small,20050501Josh_Liz06_small.jpg,-,-,-,13152,-,-,350x208,-,-,ed542d8138055dc39e5fe4a0b81996ed
/Users/mac24/a/projects/fotos/keep/images/photos/200409-200505/images_small,20050501Josh_Liz07_small.jpg,-,-,-,12815,-,-,350x201,-,-,b2f8cb7b0da3925774e8540905d5d328
/Users/mac24/a/projects/fotos/keep/images/photos/200409-200505/images_small,20050501Josh_Liz08_small.jpg,-,-,-,14003,-,-,263x350,-,-,0b965bcaa2940a7b6c51a54526449191
/Users/mac24/a/projects/fotos/keep/images/photos/200409-200505/images_small,20050501Josh_Liz09_small.jpg,-,-,-,21120,-,-,350x263,-,-,86e885480619548e135a7155f86184f2
/Users/mac24/a/projects/fotos/keep/images/photos/200409-200505/images_small,20050501Josh_Liz10_small.jpg,-,-,-,18145,-,-,258x350,-,-,bf3914dc16ad8d14767518a92e100949
/Users/mac24/a/projects/fotos/keep/images/photos/200409-200505/images_small,20050501Josh_Liz11_small.jpg,-,-,-,11716,-,-,350x201,-,-,3e61fa9722794a3d23cd4a1ed6be8c3e
/Users/mac24/a/projects/fotos/keep/images/photos/200409-200505/images_small,20050501Josh_Liz12_small.jpg,-,-,-,11777,-,-,350x209,-,-,53c871ba8d11524d5d75fa6eed37e127
/Users/mac24/a/projects/fotos/keep/images/photos/200409-200505/images_small,20050501Tennis01_small.jpg,-,-,-,20616,-,-,230x350,-,-,8aa045f2dba8306ab909c22311e29979
/Users/mac24/a/projects/fotos/keep/images/photos/200409-200505/images_small,20050501Tennis02_small.jpg,-,-,-,33546,-,-,337x350,-,-,574288cef333e840769a580c9c5942bd
/Users/mac24/a/projects/fotos/keep/images/photos/200409-200505/images_small,20050501Tennis03_small.jpg,-,-,-,22130,-,-,350x263,-,-,1d6b00e58e388821608fe3760f0bbbe8
/Users/mac24/a/projects/fotos/keep/images/photos/200409-200505/images_small,20050501Tennis04_small.jpg,-,-,-,22631,-,-,240x350,-,-,0159c485a9ba1369a3b5655967474c19
/Users/mac24/a/projects/fotos/keep/images/photos/200409-200505/images_small,20050501Tennis05_small.jpg,-,-,-,23453,-,-,350x263,-,-,24e795ef48181aa7935e328bc8b841cc
/Users/mac24/a/projects/fotos/keep/images/photos/200409-200505/images_small,20050501Tennis06_small.jpg,-,-,-,20677,-,-,350x263,-,-,70ff4559f96e3573625682605a2c1853
/Users/mac24/a/projects/fotos/keep/images/photos/200409-200505/images_small,20050501Tennis07_small.jpg,-,-,-,20236,-,-,350x238,-,-,d4b701f3a03b8dd682b47c34dcf3a116
/Users/mac24/a/projects/fotos/keep/images/photos/200409-200505/images_small,20050501Tennis08_small.jpg,-,-,-,14596,-,-,350x263,-,-,d2dd146f81e71e0b273700ea16bf1a91
/Users/mac24/a/projects/fotos/keep/images/photos/200409-200505/images_small,20050501Tennis09_small.jpg,-,-,-,26360,-,-,350x263,-,-,3817f2d9e7e81561c87827386f429e9b
/Users/mac24/a/projects/fotos/keep/images/photos/200409-200505/images_small,20050501Tennis10_small.jpg,-,-,-,21853,-,-,350x263,-,-,78da3ebe9c8df13d47c780b6e238db89
/Users/mac24/a/projects/fotos/keep/images/photos/200409-200505/images_small,20050501Tennis11_small.jpg,-,-,-,23332,-,-,350x263,-,-,f2b4badbc6339a21c7bc1327a2a75c58
/Users/mac24/a/projects/fotos/keep/images/photos/200409-200505/images_small,20050501Tennis12_small.jpg,-,-,-,36395,-,-,350x330,-,-,8e3e57cf0c638301fbb6ee6ab699a86c
/Users/mac24/a/projects/fotos/keep/images/photos/200409-200505/images_small,20050501Tennis13_small.jpg,-,-,-,22182,-,-,350x263,-,-,f001b50cc90a3341d669265cf4113465
/Users/mac24/a/projects/fotos/keep/images/photos/200409-200505/images_small,20050501Tennis14_small.jpg,-,-,-,22535,-,-,263x350,-,-,99fee5c44469bba1fd296073e91f66b2
/Users/mac24/a/projects/fotos/keep/images/photos/200409-200505/images_small,20050501Tennis15_small.jpg,-,-,-,30684,-,-,350x287,-,-,9a5471f597b08d58e75fdd8dc9f0e3d8
/Users/mac24/a/projects/fotos/keep/images/photos/200409-200505/images_small,20050501Tennis16_small.jpg,-,-,-,18184,-,-,350x263,-,-,5c06cf63bbcd984dfdbd8938d65c464c
/Users/mac24/a/projects/fotos/keep/images/photos/200409-200505/images_small,20050501Tennis17_small.jpg,-,-,-,19425,-,-,350x284,-,-,5b7829f5b8b1acdc61fef52d74c0f8c8
/Users/mac24/a/projects/fotos/keep/images/photos/200409-200505/images_small,20050501Tennis18_small.jpg,-,-,-,22595,-,-,350x263,-,-,c814bebf2a582f63b1b223028173ffa6
/Users/mac24/a/projects/fotos/keep/images/photos/200409-200505/images_small,20050501Tennis19_small.jpg,-,-,-,18516,-,-,211x350,-,-,cb6821484e44d6d2d9bd19c144dc342b
/Users/mac24/a/projects/fotos/keep/images/photos/200409-200505/images_small,20050501Tennis20_small.jpg,-,-,-,40555,-,-,278x350,-,-,0f192a93553de661b050a583edba8a31
/Users/mac24/a/projects/fotos/keep/images/photos/200409-200505/images_small,20050501Tennis21_small.jpg,-,-,-,29357,-,-,350x264,-,-,53b199a37e4c5512f223071b1200b9b2
/Users/mac24/a/projects/fotos/keep/images/photos/200409-200505/images_small,20050501Tennis22_small.jpg,-,-,-,23972,-,-,263x350,-,-,933ac3fefd8626744463636d7c7fb97b
/Users/mac24/a/projects/fotos/keep/images/photos/200409-200505/images_small,20050501Tennis23_small.jpg,-,-,-,19864,-,-,350x263,-,-,4107e966c5f209b714351d791456d1dd
/Users/mac24/a/projects/fotos/keep/images/photos/200409-200505/images_small,20050501Tennis24_small.jpg,-,-,-,18363,-,-,350x263,-,-,6438f8f3807d8948918ca86b242cedc9
/Users/mac24/a/projects/fotos/keep/images/photos/200409-200505/images_small,20050501Tennis25_small.jpg,-,-,-,11593,-,-,350x263,-,-,afb418dec0cd6d6f752728d7049a10c2
/Users/mac24/a/projects/fotos/keep/images/photos/200409-200505/images_small,20050501Tennis26_small.jpg,-,-,-,23777,-,-,263x350,-,-,806ac94a849df97f021f5faf8905a7b9
/Users/mac24/a/projects/fotos/keep/images/photos/200409-200505/images_small,20050501Tennis27_small.jpg,-,-,-,27655,-,-,350x263,-,-,5f531cd9768366bd11710b73beb46b60
/Users/mac24/a/projects/fotos/keep/images/photos/200409-200505/images_small,20050501Tennis28_small.jpg,-,-,-,18680,-,-,350x263,-,-,2b54f8725229767d23e2ca29751429e6
/Users/mac24/a/projects/fotos/keep/images/photos/2005,200501_01.jpg,2005-01-11 09:05:25,2005-01-11 09:05:25,-,1809261,-,-,2592x1944,Unknown 7-21mm,Canon PowerShot S50,f65895c0da7d7a4fe2982400f09b2719
/Users/mac24/a/projects/fotos/keep/images/photos/2005,200501_02.jpg,2005-01-19 11:40:17,2005-01-19 11:40:17,-,3856102,-,-,2592x1944,Unknown 7-21mm,Canon PowerShot S50,f5d05a04fa5330991214f776acc21bbf
/Users/mac24/a/projects/fotos/keep/images/photos/2005,200501_04.jpg,2005-01-22 22:52:50,2005-01-22 22:52:50,-,1786646,-,-,1744x2583,-,Canon PowerShot S50,d9c23c72770816055570bd829a632c9f
/Users/mac24/a/projects/fotos/keep/images/photos/2005,200501_08.jpg,2005-01-29 14:41:12,2005-01-29 14:41:12,-,2026361,-,-,1944x2592,-,Canon PowerShot S50,1e76761423fb6d401f9b4ed16df68d3b
/Users/mac24/a/projects/fotos/keep/images/photos/2005,200501_10.jpg,2005-01-30 16:01:40,2005-01-30 16:01:40,-,3515103,-,-,2592x1944,Unknown 7-21mm,Canon PowerShot S50,cfb1b2f5110cb4e204717307f08afc5e
/Users/mac24/a/projects/fotos/keep/images/photos/2005,200501_11.jpg,2005-01-30 16:02:11,2005-01-30 16:02:11,-,2774016,-,-,2592x1944,Unknown 7-21mm,Canon PowerShot S50,e78b8e2bce42ead1e85b723d088aea5d
/Users/mac24/a/projects/fotos/keep/images/photos/2005,200501_13.jpg,2005-01-30 16:04:40,2005-01-30 16:04:40,-,2940684,-,-,2592x1944,Unknown 7-21mm,Canon PowerShot S50,f3ae4d189cfcc7b3846b96169794b6ed
/Users/mac24/a/projects/fotos/keep/images/photos/2005,200501_15.jpg,2005-01-30 16:05:44,2005-01-30 16:05:44,-,3149905,-,-,2592x1944,Unknown 7-21mm,Canon PowerShot S50,9154f6757c148a1622bf7419acb5e580
/Users/mac24/a/projects/fotos/keep/images/photos/2005,200501_17.jpg,2005-01-30 16:17:58,2005-01-30 16:17:58,-,2207948,-,-,1814x1904,-,Canon PowerShot S50,ebf5f1b931a4b3919330419e4ed902c0
/Users/mac24/a/projects/fotos/keep/images/photos/2005,200501_19.jpg,2005-01-30 16:28:02,2005-01-30 16:28:02,-,659391,-,-,991x1401,-,Canon PowerShot S50,31a5bc4d5c72ef7c4374bbd2a90cad48
/Users/mac24/a/projects/fotos/keep/images/photos/2005,200502_06.jpg,2005-02-03 14:53:01,2005-02-03 14:53:01,-,2995134,-,-,2592x1944,Unknown 7-21mm,Canon PowerShot S50,cf908d673115dc6a8ecde21194d108dc
/Users/mac24/a/projects/fotos/keep/images/photos/2005,200502_07.jpg,2005-02-03 14:54:07,2005-02-03 14:54:07,-,2399386,-,-,2592x1944,Unknown 7-21mm,Canon PowerShot S50,aac316e8cd2b7cc3eccab8fd50fdf36b
/Users/mac24/a/projects/fotos/keep/images/photos/2005,200502_08.jpg,2005-02-03 14:54:25,2005-02-03 14:54:25,-,2777419,-,-,2592x1944,Unknown 7-21mm,Canon PowerShot S50,b2e1ebc1653c87e06c14ed5980edb072
/Users/mac24/a/projects/fotos/keep/images/photos/2005,200502_10.jpg,2005-02-03 14:55:39,2005-02-03 14:55:39,-,2804766,-,-,2592x1944,Unknown 7-21mm,Canon PowerShot S50,890241b780b3636fd0322d78dffc0dd5
/Users/mac24/a/projects/fotos/keep/images/photos/2005,200502_11.jpg,2005-02-03 14:59:13,2005-02-03 14:59:13,-,2642354,-,-,2592x1944,Unknown 7-21mm,Canon PowerShot S50,70c6bd6fb2f4442d083f13639b6d9c9b
/Users/mac24/a/projects/fotos/keep/images/photos/2005,200502_12.jpg,2005-02-03 14:59:52,2005-02-03 14:59:52,-,2930444,-,-,2592x1944,Unknown 7-21mm,Canon PowerShot S50,9979014fe9b20b0c50f81fab3b19ad2c
/Users/mac24/a/projects/fotos/keep/images/photos/2005,200502_13.jpg,2005-02-03 15:02:02,2005-02-03 15:02:02,-,3074350,-,-,2592x1944,Unknown 7-21mm,Canon PowerShot S50,552c643cdf08d64305f25891a4c5ddaf
/Users/mac24/a/projects/fotos/keep/images/photos/2005,200502_14.jpg,2005-02-03 15:02:41,2005-02-03 15:02:41,-,2907655,-,-,2592x1944,Unknown 7-21mm,Canon PowerShot S50,60a37feb81ce2ae14c51aedcc23380ff
/Users/mac24/a/projects/fotos/keep/images/photos/2005,200502_15.jpg,2005-02-03 15:04:20,2005-02-03 15:04:20,-,3038400,-,-,1944x2592,-,Canon PowerShot S50,1407938a6a6b05bf67d2209438ab285d
/Users/mac24/a/projects/fotos/keep/images/photos/2005,200502_16.jpg,2005-02-03 15:04:48,2005-02-03 15:04:48,-,3334938,-,-,2592x1944,Unknown 7-21mm,Canon PowerShot S50,e1c5275c248828bd8ab6189d684c36b7
/Users/mac24/a/projects/fotos/keep/images/photos/2005,200502_17.jpg,2005-02-03 15:06:04,2005-02-03 15:06:04,-,2903071,-,-,2592x1944,Unknown 7-21mm,Canon PowerShot S50,9058b019e98cd982ecbe48a3f688d36b
/Users/mac24/a/projects/fotos/keep/images/photos/2005,200502_18.jpg,2005-02-03 15:07:43,2005-02-03 15:07:43,-,2624217,-,-,2592x1944,Unknown 7-21mm,Canon PowerShot S50,b21a1c56a3c95e5d5773856e4da0b605
/Users/mac24/a/projects/fotos/keep/images/photos/2005,200502_21.jpg,2005-02-03 15:09:54,2005-02-03 15:09:54,-,2573531,-,-,2592x1944,Unknown 7-21mm,Canon PowerShot S50,a5c85c3007d5f77ed5b394e28ef13614
/Users/mac24/a/projects/fotos/keep/images/photos/2005,200502_22.jpg,2005-02-03 15:10:23,2005-02-03 15:10:23,-,2562864,-,-,1944x2592,-,Canon PowerShot S50,730486063698593d7e9520b0ae8bc424
/Users/mac24/a/projects/fotos/keep/images/photos/2005,200502_23.jpg,2005-02-03 15:11:02,2005-02-03 15:11:02,-,3168874,-,-,2592x1944,Unknown 7-21mm,Canon PowerShot S50,56f04c6d17df2a766b1158354cee4363
/Users/mac24/a/projects/fotos/keep/images/photos/2005,200502_25.jpg,2005-02-03 15:12:38,2005-02-03 15:12:38,-,2985684,-,-,2592x1944,Unknown 7-21mm,Canon PowerShot S50,c0eb796dbd1144d76512c5f8f824ef5e
/Users/mac24/a/projects/fotos/keep/images/photos/2005,200502_26.jpg,2005-02-03 15:14:04,2005-02-03 15:14:04,-,3708142,-,-,2592x1944,Unknown 7-21mm,Canon PowerShot S50,d283f0e0522f96c5ee2ea0fa2ca49a5e
/Users/mac24/a/projects/fotos/keep/images/photos/2005,200502Colorado01.jpg,2005-02-28 18:53:36,2005-02-28 18:53:36,-,2331935,-,-,2592x1944,Unknown 7-21mm,Canon PowerShot S50,3723c4dafd5539ac9d72048bca412334
/Users/mac24/a/projects/fotos/keep/images/photos/2005,200502Colorado02.jpg,2005-02-28 18:54:25,2005-02-28 18:54:25,-,2168823,-,-,1944x2592,-,Canon PowerShot S50,c3d7b2f4416ee3fe1efcb85e26c9aca2
/Users/mac24/a/projects/fotos/keep/images/photos/2005,200502Colorado03.jpg,2005-02-28 18:54:41,2005-02-28 18:54:41,-,1850257,-,-,1944x2592,-,Canon PowerShot S50,d938e8442dca539b88e23661c07cf717
/Users/mac24/a/projects/fotos/keep/images/photos/2005,200502Colorado04.jpg,2005-02-28 19:03:53,2005-02-28 19:03:53,-,2266096,-,-,2592x1944,Unknown 7-21mm,Canon PowerShot S50,00316a7073219db57999e75a45ab34e6
/Users/mac24/a/projects/fotos/keep/images/photos/2005,200502Colorado05.jpg,2005-02-28 19:04:20,2005-02-28 19:04:20,-,2075404,-,-,2592x1944,Unknown 7-21mm,Canon PowerShot S50,c5f61a39fd5915af2a7bc67a3d4d7226
/Users/mac24/a/projects/fotos/keep/images/photos/2005,200502Colorado06.jpg,2005-02-28 19:20:12,2005-02-28 19:20:12,-,2035283,-,-,2592x1944,Unknown 7-21mm,Canon PowerShot S50,384ba65864fb93a7c5ba1d4f10b8c138
/Users/mac24/a/projects/fotos/keep/images/photos/2005,200502Colorado07.jpg,2005-02-28 19:20:43,2005-02-28 19:20:43,-,2465664,-,-,1944x2592,-,Canon PowerShot S50,8c74524c09326f8cbd6caaecbd95a39c
/Users/mac24/a/projects/fotos/keep/images/photos/2005,200502Colorado08.jpg,2005-02-28 19:21:16,2005-02-28 19:21:16,-,2704189,-,-,2592x1944,Unknown 7-21mm,Canon PowerShot S50,19fa7c612140d1fe7f1104b6dccceb18
/Users/mac24/a/projects/fotos/keep/images/photos/2005,200502Colorado09.jpg,2005-02-28 19:22:18,2005-02-28 19:22:18,-,2394260,-,-,1944x2592,-,Canon PowerShot S50,aa2a147876e029c3aa11a237c2ecf072
/Users/mac24/a/projects/fotos/keep/images/photos/2005,200502Colorado10.jpg,2005-02-28 19:23:20,2005-02-28 19:23:20,-,2112502,-,-,2592x1944,Unknown 7-21mm,Canon PowerShot S50,26f16c8858a401054e32eba6f9c6b46a
/Users/mac24/a/projects/fotos/keep/images/photos/2005,200502Colorado11.jpg,2005-02-28 19:23:51,2005-02-28 19:23:51,-,2445008,-,-,2592x1944,Unknown 7-21mm,Canon PowerShot S50,b998f6380f33396535047335f4821464
/Users/mac24/a/projects/fotos/keep/images/photos/2005,200502Colorado12.jpg,2005-02-28 19:38:33,2005-02-28 19:38:33,-,2224689,-,-,2592x1944,Unknown 7-21mm,Canon PowerShot S50,f477afd201151fd3befe2ddce404385f
/Users/mac24/a/projects/fotos/keep/images/photos/2005,200502Colorado13.jpg,2005-02-28 19:38:54,2005-02-28 19:38:54,-,1885094,-,-,2592x1944,Unknown 7-21mm,Canon PowerShot S50,89e5f7be5197ce22201b2177b3a63f40
/Users/mac24/a/projects/fotos/keep/images/photos/2005,200502Colorado14.jpg,2005-03-02 13:27:05,2005-03-02 13:27:05,-,2640216,-,-,2592x1944,Unknown 7-21mm,Canon PowerShot S50,af1917be32562c2adee75fa621d4635c
/Users/mac24/a/projects/fotos/keep/images/photos/2005,200502Colorado15.jpg,2005-03-02 13:29:02,2005-03-02 13:29:02,-,2284329,-,-,2592x1944,Unknown 7-21mm,Canon PowerShot S50,627686f99125bfcdef7f90a6d117fd67
/Users/mac24/a/projects/fotos/keep/images/photos/2005,200502Colorado16.jpg,2005-03-02 13:29:13,2005-03-02 13:29:13,-,1993577,-,-,2592x1944,Unknown 7-21mm,Canon PowerShot S50,803e1794b6145df4402e34473ac4498c
/Users/mac24/a/projects/fotos/keep/images/photos/2005,200502Colorado17.jpg,2005-03-02 13:58:12,2005-03-02 13:58:12,-,2462773,-,-,2592x1944,Unknown 7-21mm,Canon PowerShot S50,a80c6ff9ee17cde1175e7589a49ed0cd
/Users/mac24/a/projects/fotos/keep/images/photos/2005,200502Colorado19.jpg,2005-03-02 14:01:00,2005-03-02 14:01:00,-,2810431,-,-,2592x1944,Unknown 7-21mm,Canon PowerShot S50,86ae9a628af37fca9ae32a1fb60ed4f7
/Users/mac24/a/projects/fotos/keep/images/photos/2005,200502Colorado20.jpg,2005-03-02 14:02:55,2005-03-02 14:02:55,-,2039795,-,-,1944x2592,-,Canon PowerShot S50,f4da27bdecf6dd74895fadee7a527ed6
/Users/mac24/a/projects/fotos/keep/images/photos/2005,200502Colorado21.jpg,2005-03-02 14:14:28,2005-03-02 14:14:28,-,2682490,-,-,2592x1944,Unknown 7-21mm,Canon PowerShot S50,31ae23b6ab15878d61eff4d15d870b7c
/Users/mac24/a/projects/fotos/keep/images/photos/2005,200502Colorado22.jpg,2005-03-02 14:15:56,2005-03-02 14:15:56,-,2466403,-,-,2592x1944,Unknown 7-21mm,Canon PowerShot S50,b53b9985def27dcaca0829b03ccbcc05
/Users/mac24/a/projects/fotos/keep/images/photos/2005,200502Colorado23.jpg,2005-03-02 14:16:10,2005-03-02 14:16:10,-,2474499,-,-,2592x1944,Unknown 7-21mm,Canon PowerShot S50,405088d923e20d8e54d080be14b228d8
/Users/mac24/a/projects/fotos/keep/images/photos/2005,200502Colorado24.jpg,2005-03-02 14:16:22,2005-03-02 14:16:22,-,2906590,-,-,2592x1944,Unknown 7-21mm,Canon PowerShot S50,3087a44aabbffbb92d998d0c122f4049
/Users/mac24/a/projects/fotos/keep/images/photos/2005,200502Colorado25.jpg,2005-03-02 14:17:33,2005-03-02 14:17:33,-,2449061,-,-,2592x1944,Unknown 7-21mm,Canon PowerShot S50,48c13683a4e18b12aa886a634f499568
/Users/mac24/a/projects/fotos/keep/images/photos/2005,200502Colorado26.jpg,2005-03-02 14:17:54,2005-03-02 14:17:54,-,2239605,-,-,2592x1944,Unknown 7-21mm,Canon PowerShot S50,688f72728e1524681d77b72b0c801ad7
/Users/mac24/a/projects/fotos/keep/images/photos/2005,200502Colorado27.jpg,2005-03-02 14:37:58,2005-03-02 14:37:58,-,1827858,-,-,2592x1944,Unknown 7-21mm,Canon PowerShot S50,3b9c8b39945385b6e921f84c74606a6f
/Users/mac24/a/projects/fotos/keep/images/photos/2005,200502Colorado28.jpg,2005-03-02 14:38:54,2005-03-02 14:38:54,-,2362746,-,-,2592x1944,Unknown 7-21mm,Canon PowerShot S50,7d7a333bca621688e191cddcd4ab12ac
/Users/mac24/a/projects/fotos/keep/images/photos/2005,200502Colorado29.jpg,2005-03-02 14:58:58,2005-03-02 14:58:58,-,2322313,-,-,2592x1944,Unknown 7-21mm,Canon PowerShot S50,77cbbecc1caf8589a630ae15cb0922a4
/Users/mac24/a/projects/fotos/keep/images/photos/2005,200502Colorado30.jpg,2005-03-02 14:59:15,2005-03-02 14:59:15,-,2602028,-,-,2592x1944,Unknown 7-21mm,Canon PowerShot S50,7baa859516cacd1ca8b8c6d14720d6c0
/Users/mac24/a/projects/fotos/keep/images/photos/2005,200502Colorado31.jpg,2005-03-02 14:59:52,2005-03-02 14:59:52,-,2500329,-,-,2592x1944,Unknown 7-21mm,Canon PowerShot S50,4e4cc682bc3f6d2c893d3300a90381cf
/Users/mac24/a/projects/fotos/keep/images/photos/2005,200502Colorado32.jpg,2005-03-02 15:00:09,2005-03-02 15:00:09,-,2439890,-,-,2592x1944,Unknown 7-21mm,Canon PowerShot S50,c9d1874704d3fff937d2915502dfe14f
/Users/mac24/a/projects/fotos/keep/images/photos/2005,200502Colorado33.jpg,2005-03-02 15:01:04,2005-03-02 15:01:04,-,2265053,-,-,1944x2592,-,Canon PowerShot S50,1a5bcbde680d7e8bfe4a5aef093d4195
/Users/mac24/a/projects/fotos/keep/images/photos/2005,200502Colorado34.jpg,2005-03-02 15:01:51,2005-03-02 15:01:51,-,2425512,-,-,2592x1944,Unknown 7-21mm,Canon PowerShot S50,5affe83791575eb4e2290491a9191bc3
/Users/mac24/a/projects/fotos/keep/images/photos/2005,200502Colorado35.jpg,2005-03-02 15:05:36,2005-03-02 15:05:36,-,2289885,-,-,1944x2592,-,Canon PowerShot S50,888f578b84a7ff9d9159e53ae5eb1229
/Users/mac24/a/projects/fotos/keep/images/photos/2005,200502Colorado36.jpg,2005-03-02 15:06:07,2005-03-02 15:06:07,-,2072053,-,-,1944x2592,-,Canon PowerShot S50,33e9b07baef953d983623b59f0731480
/Users/mac24/a/projects/fotos/keep/images/photos/2005,200502Colorado37.jpg,2005-03-02 15:06:18,2005-03-02 15:06:18,-,2738878,-,-,2592x1944,Unknown 7-21mm,Canon PowerShot S50,7e9c502e73cfe4a2a2acf60d0b5cafe5
/Users/mac24/a/projects/fotos/keep/images/photos/2005,200502Colorado38.jpg,2005-03-02 15:07:05,2005-03-02 15:07:05,-,2413914,-,-,2592x1944,Unknown 7-21mm,Canon PowerShot S50,0fd8017d1ed151c7286936bbb2b8eb52
/Users/mac24/a/projects/fotos/keep/images/photos/2005,200502Colorado39.jpg,2005-03-02 15:08:15,2005-03-02 15:08:15,-,3059149,-,-,2592x1944,Unknown 7-21mm,Canon PowerShot S50,7de783284935a306781077d67e74e9d4
/Users/mac24/a/projects/fotos/keep/images/photos/2005,200502Colorado40.jpg,2005-03-02 15:08:45,2005-03-02 15:08:45,-,2313934,-,-,2592x1944,Unknown 7-21mm,Canon PowerShot S50,bed1eb88dbc7577d53e92aa0bd5298f2
/Users/mac24/a/projects/fotos/keep/images/photos/2005,200502Colorado41.jpg,2005-03-02 15:49:24,2005-03-02 15:49:24,-,2124108,-,-,2592x1944,Unknown 7-21mm,Canon PowerShot S50,17e5b8ea53c91c6d78aa608edf00c6f7
/Users/mac24/a/projects/fotos/keep/images/photos/2005,200502Colorado42.jpg,2005-03-02 15:49:36,2005-03-02 15:49:36,-,1949496,-,-,2592x1944,Unknown 7-21mm,Canon PowerShot S50,6275e993c73bf6da099a61cb555ffacf
/Users/mac24/a/projects/fotos/keep/images/photos/2005,200502Colorado43.jpg,2005-03-02 15:49:50,2005-03-02 15:49:50,-,1949551,-,-,2592x1944,Unknown 7-21mm,Canon PowerShot S50,b6ad79aa1c5af5e8b3b1e50cf450d199
/Users/mac24/a/projects/fotos/keep/images/photos/2005,200502Colorado44.jpg,2005-03-02 16:50:46,2005-03-02 16:50:46,-,1715928,-,-,1944x2592,-,Canon PowerShot S50,4ae8e062dd24f6d60084a98aef090438
/Users/mac24/a/projects/fotos/keep/images/photos/2005,200502Colorado45.jpg,2005-03-02 17:56:32,2005-03-02 17:56:32,-,1938597,-,-,2592x1944,Unknown 7-21mm,Canon PowerShot S50,56be79dccc7c80aabef0cb94924d835a
/Users/mac24/a/projects/fotos/keep/images/photos/2005,200502Colorado46.jpg,2005-03-02 18:51:45,2005-03-02 18:51:45,-,2530297,-,-,2592x1944,Unknown 7-21mm,Canon PowerShot S50,6208f4e21399a2dae9864ce2baffc1a0
/Users/mac24/a/projects/fotos/keep/images/photos/2005,200502Colorado47.jpg,2005-03-02 19:48:52,2005-03-02 19:48:52,-,1752694,-,-,2592x1944,Unknown 7-21mm,Canon PowerShot S50,cf41c2d52179251caeb7c4035a94a589
/Users/mac24/a/projects/fotos/keep/images/photos/2005,200502Colorado48.jpg,2005-03-02 19:49:08,2005-03-02 19:49:08,-,2606309,-,-,2592x1944,Unknown 7-21mm,Canon PowerShot S50,b2bfb80374b056cffb191148f02969ef
/Users/mac24/a/projects/fotos/keep/images/photos/2005,200502Draw.jpg,2005-02-20 11:31:51,2005-02-20 11:31:51,-,1814467,-,-,1810x2423,-,Canon PowerShot S50,8461823e3270fc86729265c0c64af796
/Users/mac24/a/projects/fotos/keep/images/photos/2005,200502Paint01.jpg,2005-01-31 00:02:14,2005-01-31 00:02:14,-,2805014,-,-,2592x1944,Unknown 7-21mm,Canon PowerShot S50,d7982d22f8a34f8e8c6263ebac7887e7
/Users/mac24/a/projects/fotos/keep/images/photos/2005,200502Paint02.jpg,2005-02-20 11:30:00,2005-02-20 11:30:00,-,1557403,-,-,2383x1770,-,Canon PowerShot S50,fbfde9f0fff0b40dad5ac7ce88689be8
/Users/mac24/a/projects/fotos/keep/images/photos/2005,200502Paint03.jpg,2005-02-20 11:31:16,2005-02-20 11:31:16,-,2500117,-,-,1855x2507,-,Canon PowerShot S50,7c7294d0d5344408724a9e4764b1bd60
/Users/mac24/a/projects/fotos/keep/images/photos/2005,200502Paint04.jpg,2005-02-20 22:57:22,2005-02-20 22:57:22,-,1374002,-,-,1482x2449,-,Canon PowerShot S50,be97defcd8f437383b00e3571df42f4f
/Users/mac24/a/projects/fotos/keep/images/photos/2005,200502Paint05.jpg,2005-02-21 11:41:11,2005-02-21 11:41:11,-,1491042,-,-,1491x2512,-,Canon PowerShot S50,ca320de5899c1c393a0fa7c8101e9797
/Users/mac24/a/projects/fotos/keep/images/photos/2005,200502Paint06.jpg,2005-02-22 23:47:40,2005-02-22 23:47:40,-,1339523,-,-,2413x1471,-,Canon PowerShot S50,402d354aaa6661629758b23440a0bab5
/Users/mac24/a/projects/fotos/keep/images/photos/2005,20050323CatoctinHike03.jpg,2005-03-22 16:06:19,2005-03-22 16:06:19,-,4058326,-,-,2592x1944,Unknown 7-21mm,Canon PowerShot S50,6ba781bb7b01db8e303cc5b4e3b186eb
/Users/mac24/a/projects/fotos/keep/images/photos/2005,20050323CatoctinHike04.jpg,2005-03-22 16:07:40,2005-03-22 16:07:40,-,3852907,-,-,2592x1944,Unknown 7-21mm,Canon PowerShot S50,4dd32b17ff374cf1107a708b24926f67
/Users/mac24/a/projects/fotos/keep/images/photos/2005,200503Paint01.jpg,2005-03-05 16:11:29,2005-03-05 16:11:29,-,1587329,-,-,1522x2441,-,Canon PowerShot S50,af0ae668f9c147c9064cfcc24d47e02a
/Users/mac24/a/projects/fotos/keep/images/photos/2005,200503Paint02.jpg,2005-03-05 19:12:14,2005-03-05 19:12:14,-,1772472,-,-,1615x2507,-,Canon PowerShot S50,b149a57877f8449d8f497c13a3ee6484
/Users/mac24/a/projects/fotos/keep/images/photos/2005,200503Paint03.jpg,2005-03-05 23:09:23,2005-03-05 23:09:23,-,1466794,-,-,2353x1471,-,Canon PowerShot S50,ae352796cf47293a7c6b7c04d4d94038
/Users/mac24/a/projects/fotos/keep/images/photos/2005,200503Paint04.jpg,2005-03-08 21:55:48,2005-03-08 21:55:48,-,1563382,-,-,1488x2360,-,Canon PowerShot S50,888f5f529a98262970f8a4ddc5206be0
/Users/mac24/a/projects/fotos/keep/images/photos/2005,200503Paint05.jpg,2005-03-14 22:13:36,2005-03-14 22:13:36,-,1813541,-,-,2260x1740,-,Canon PowerShot S50,aac7bd965195197101c7b8fe71a94dd8
/Users/mac24/a/projects/fotos/keep/images/photos/2005,200503Paint06.jpg,2005-03-20 14:24:55,2005-03-20 14:24:55,-,2550882,-,-,2592x1944,Unknown 7-21mm,Canon PowerShot S50,bb97e700d10f001a333be15586ec50fa
/Users/mac24/a/projects/fotos/keep/images/photos/2005,200503Paint07.jpg,2005-03-20 21:31:33,2005-03-20 21:31:33,-,2501680,-,-,2592x1944,Unknown 7-21mm,Canon PowerShot S50,67f27e49ca132aeb693040710fadc933
/Users/mac24/a/projects/fotos/keep/images/photos/2005,200503Paint08.jpg,2005-03-22 11:34:58,2005-03-22 11:34:58,-,2592986,-,-,2592x1944,Unknown 7-21mm,Canon PowerShot S50,35473983ccfa86b0f8eebded53eb84ec
/Users/mac24/a/projects/fotos/keep/images/photos/2005,200503Paint09.jpg,2005-03-22 11:36:03,2005-03-22 11:36:03,-,2574825,-,-,2592x1944,Unknown 7-21mm,Canon PowerShot S50,bcc0ba04c922c164190b9f804d419203
/Users/mac24/a/projects/fotos/keep/images/photos/2005,20050411CherryBlosom03.jpg,2005-04-10 14:16:59,2005-04-10 14:16:59,-,1101456,-,-,1953x1228,-,Canon PowerShot S50,e980e445a0651e58b6c7becadb09c59a
/Users/mac24/a/projects/fotos/keep/images/photos/2005,20050411CherryBlosom04.jpg,2005-04-10 14:20:43,2005-04-10 14:20:43,-,2934468,-,-,2592x1944,Unknown 7-21mm,Canon PowerShot S50,45da7d3c1f6422204808dc79a36318df
/Users/mac24/a/projects/fotos/keep/images/photos/2005,20050411CherryBlosom05.jpg,2005-04-10 14:28:54,2005-04-10 14:28:54,-,3514835,-,-,2592x1944,Unknown 7-21mm,Canon PowerShot S50,2d114546ce058819c9bbfff77f7ee4bf
/Users/mac24/a/projects/fotos/keep/images/photos/2005,20050411CherryBlosom06.jpg,2005-04-10 15:10:31,2005-04-10 15:10:31,-,3153035,-,-,2592x1944,Unknown 7-21mm,Canon PowerShot S50,9be3cda7504c96cfdc8c76d6fd6f7dc7
/Users/mac24/a/projects/fotos/keep/images/photos/2005,20050411CherryBlosom07.jpg,2005-04-10 15:10:51,2005-04-10 15:10:51,-,2787292,-,-,1944x2592,-,Canon PowerShot S50,9ac7e3dc40bc41d8ab5404649bc5b7a0
/Users/mac24/a/projects/fotos/keep/images/photos/2005,20050411CherryBlosom08.jpg,2005-04-10 15:18:30,2005-04-10 15:18:30,-,3432028,-,-,2592x1944,Unknown 7-21mm,Canon PowerShot S50,dafb8f274ec74ee870446363270f3b94
/Users/mac24/a/projects/fotos/keep/images/photos/2005,20050411CherryBlosom09.jpg,2005-04-10 15:20:09,2005-04-10 15:20:09,-,3013175,-,-,1944x2592,-,Canon PowerShot S50,8d7ab2e0025451674f8826fcb2bf17f4
/Users/mac24/a/projects/fotos/keep/images/photos/2005,20050411Painting01.jpg,2005-03-26 17:02:04,2005-03-26 17:02:04,-,2597302,-,-,2592x1944,Unknown 7-21mm,Canon PowerShot S50,37a6475db42c6ee52254f72bf043a886
/Users/mac24/a/projects/fotos/keep/images/photos/2005,20050411Painting02.jpg,2005-03-31 12:45:12,2005-03-31 12:45:12,-,2743666,-,-,2592x1944,Unknown 7-21mm,Canon PowerShot S50,45d6a54dbb6b6683416b011b68921d4a
/Users/mac24/a/projects/fotos/keep/images/photos/2005,20050416Me01.jpg,2005-04-15 21:18:34,2005-04-15 21:18:34,-,545159,-,-,1181x1418,-,Canon PowerShot S50,b2cb95e70efc4e2b2e8debe47f3ae160
/Users/mac24/a/projects/fotos/keep/images/photos/2005,20050416Me02.jpg,2005-04-15 21:20:41,2005-04-15 21:20:41,-,338985,-,-,855x948,-,Canon PowerShot S50,062ef8dee1c3ff4f43516db40361efce
/Users/mac24/a/projects/fotos/keep/images/photos/2005,2005042302.jpg,2005-04-16 14:37:47,2005-04-16 14:37:47,-,3945388,-,-,1944x2592,-,Canon PowerShot S50,a0878e387a09f02991ed5dbba431ca52
/Users/mac24/a/projects/fotos/keep/images/photos/2005,2005042303.jpg,2005-04-16 14:38:19,2005-04-16 14:38:19,-,4133796,-,-,2592x1944,-,Canon PowerShot S50,d028c71d163f9fbe7167b2b89fa78e90
/Users/mac24/a/projects/fotos/keep/images/photos/2005,2005042305.jpg,2005-04-22 10:14:02,2005-04-22 10:14:02,-,3021255,-,-,2592x1944,Unknown 7-21mm,Canon PowerShot S50,f235a8da88e5e5741b1c1a6065e25532
/Users/mac24/a/projects/fotos/keep/images/photos/2005,2005042306.jpg,2005-04-22 10:15:54,2005-04-22 10:15:54,-,3204591,-,-,2592x1944,Unknown 7-21mm,Canon PowerShot S50,d75ee0e2d0fe362ec43d5b82b20cce8d
/Users/mac24/a/projects/fotos/keep/images/photos/2005,2005042307.jpg,2005-04-22 10:16:33,2005-04-22 10:16:33,-,3330709,-,-,2592x1944,Unknown 7-21mm,Canon PowerShot S50,635eaafd63714f59ab56b19ec89631c6
/Users/mac24/a/projects/fotos/keep/images/photos/2005,2005042308.jpg,2005-04-22 18:07:00,2005-04-22 18:07:00,-,3744601,-,-,2592x1944,-,Canon PowerShot S50,553ae2e7b7d9cc68177835d718deb982
/Users/mac24/a/projects/fotos/keep/images/photos/2005,2005042309.jpg,2005-04-22 18:07:17,2005-04-22 18:07:17,-,3605826,-,-,1944x2592,-,Canon PowerShot S50,5f184f487707f5c1e65e1ea6e3a5dded
/Users/mac24/a/projects/fotos/keep/images/photos/2005,2005042310.jpg,2005-04-23 08:50:50,2005-04-23 08:50:50,-,4021071,-,-,2592x1944,Unknown 7-21mm,Canon PowerShot S50,229eb5cabe9ccc26f5ce87da8532deb5
/Users/mac24/a/projects/fotos/keep/images/photos/2005,2005042312.jpg,2005-04-23 13:23:58,2005-04-23 13:23:58,-,1932971,-,-,1944x2592,-,Canon PowerShot S50,facee1cdc5422b2188b8caaf0dfce39a
/Users/mac24/a/projects/fotos/keep/images/photos/2005,20050501Josh_Liz01.jpg,2005-05-01 14:22:28,2005-05-01 14:22:28,-,1316842,-,-,1884x1810,-,Canon PowerShot S50,1fc39e70b0d8d70fc515e1db07eefd4c
/Users/mac24/a/projects/fotos/keep/images/photos/2005,20050501Josh_Liz03.jpg,2005-05-01 14:23:06,2005-05-01 14:23:06,-,1221586,-,-,2160x1661,-,Canon PowerShot S50,7af2009da710c028fd89a656b4994f99
/Users/mac24/a/projects/fotos/keep/images/photos/2005,20050501Josh_Liz04.jpg,2005-05-01 14:23:21,2005-05-01 14:23:21,-,1148884,-,-,2206x1657,-,Canon PowerShot S50,9341151be0d7034f5280b5ca9d478037
/Users/mac24/a/projects/fotos/keep/images/photos/2005,20050501Josh_Liz05.jpg,2005-05-01 14:24:08,2005-05-01 14:24:08,-,888137,-,-,1784x1634,-,Canon PowerShot S50,d2f9dfd503299683b97fdf877f8f4d4c
/Users/mac24/a/projects/fotos/keep/images/photos/2005,20050501Josh_Liz06.jpg,2005-05-01 14:25:00,2005-05-01 14:25:00,-,1020132,-,-,2589x1537,-,Canon PowerShot S50,271283c1115c015b74efad1289b2a0ab
/Users/mac24/a/projects/fotos/keep/images/photos/2005,20050501Josh_Liz07.jpg,2005-05-01 14:25:52,2005-05-01 14:25:52,-,1039733,-,-,2586x1484,-,Canon PowerShot S50,406346de9f2fef1d09c311b6a81f40b1
/Users/mac24/a/projects/fotos/keep/images/photos/2005,20050501Josh_Liz08.jpg,2005-05-01 14:26:50,2005-05-01 14:26:50,-,1008505,-,-,1944x2592,-,Canon PowerShot S50,368360c2f9bc758e0ecb9043b054de60
/Users/mac24/a/projects/fotos/keep/images/photos/2005,20050501Josh_Liz09.jpg,2005-05-01 14:27:57,2005-05-01 14:27:57,-,1974448,-,-,2592x1944,Unknown 7-21mm,Canon PowerShot S50,4f9ffba83280f1861e9199f111f178a8
/Users/mac24/a/projects/fotos/keep/images/photos/2005,20050501Josh_Liz10.jpg,2005-05-01 14:28:44,2005-05-01 14:28:44,-,657983,-,-,1118x1517,-,Canon PowerShot S50,a5fb015510a5c19bbe0547466c1b77a2
/Users/mac24/a/projects/fotos/keep/images/photos/2005,20050501Josh_Liz11.jpg,2005-05-01 14:29:04,2005-05-01 14:29:04,-,951818,-,-,2543x1461,-,Canon PowerShot S50,38d8dad8b914c36615e16d9be26fb6f0
/Users/mac24/a/projects/fotos/keep/images/photos/2005,20050501Josh_Liz12.jpg,2005-05-01 14:29:31,2005-05-01 14:29:31,-,972357,-,-,2506x1494,-,Canon PowerShot S50,953022903a451c7bda70cc7829131053
/Users/mac24/a/projects/fotos/keep/images/photos/2005,20050501Tennis01.jpg,2005-05-01 12:45:08,2005-05-01 12:45:08,-,1675800,-,-,1415x2157,-,Canon PowerShot S50,f04b73219f75fbab7269f313296721c9
/Users/mac24/a/projects/fotos/keep/images/photos/2005,20050501Tennis02.jpg,2005-05-01 12:45:35,2005-05-01 12:45:35,-,1726508,-,-,1874x1807,-,Canon PowerShot S50,005468d2106a703370e0454ad27ebe58
/Users/mac24/a/projects/fotos/keep/images/photos/2005,20050501Tennis03.jpg,2005-05-01 12:45:48,2005-05-01 12:45:48,-,3301184,-,-,2592x1944,Unknown 7-21mm,Canon PowerShot S50,7e70ffa11a3875012cf815b428a955ad
/Users/mac24/a/projects/fotos/keep/images/photos/2005,20050501Tennis04.jpg,2005-05-01 12:45:56,2005-05-01 12:45:56,-,1078585,-,-,1587x1088,-,Canon PowerShot S50,057dc6b8b467a74ce773d8260bb9680c
/Users/mac24/a/projects/fotos/keep/images/photos/2005,20050501Tennis05.jpg,2005-05-01 12:46:02,2005-05-01 12:46:02,-,3288735,-,-,2592x1944,Unknown 7-21mm,Canon PowerShot S50,15a923c58caacee3bc88e7e5a73c34c9
/Users/mac24/a/projects/fotos/keep/images/photos/2005,20050501Tennis06.jpg,2005-05-01 12:46:39,2005-05-01 12:46:39,-,2484846,-,-,2592x1944,Unknown 7-21mm,Canon PowerShot S50,4bc566e740e54bf57c88b4907ccbaf51
/Users/mac24/a/projects/fotos/keep/images/photos/2005,20050501Tennis07.jpg,2005-05-01 12:46:59,2005-05-01 12:46:59,-,2505614,-,-,1713x2516,-,Canon PowerShot S50,baa11ff02853c0e21480eba7d54b8d95
/Users/mac24/a/projects/fotos/keep/images/photos/2005,20050501Tennis08.jpg,2005-05-01 12:47:37,2005-05-01 12:47:37,-,2575890,-,-,2592x1944,Unknown 7-21mm,Canon PowerShot S50,81524171fa0419f72c4fdb796b14b095
/Users/mac24/a/projects/fotos/keep/images/photos/2005,20050501Tennis09.jpg,2005-05-01 12:47:43,2005-05-01 12:47:43,-,3368953,-,-,2592x1944,Unknown 7-21mm,Canon PowerShot S50,b1438f8c98b50fbbb05186f887e291cb
/Users/mac24/a/projects/fotos/keep/images/photos/2005,20050501Tennis10.jpg,2005-05-01 12:47:53,2005-05-01 12:47:53,-,3366329,-,-,2592x1944,Unknown 7-21mm,Canon PowerShot S50,4e2f69e146a7c42e69acbc0067900354
/Users/mac24/a/projects/fotos/keep/images/photos/2005,20050501Tennis11.jpg,2005-05-01 12:48:06,2005-05-01 12:48:06,-,2782669,-,-,2592x1944,Unknown 7-21mm,Canon PowerShot S50,9b464934f51fa9b9cb808df6a54f51f5
/Users/mac24/a/projects/fotos/keep/images/photos/2005,20050501Tennis12.jpg,2005-05-01 12:48:53,2005-05-01 12:48:53,-,1687136,-,-,1724x1627,-,Canon PowerShot S50,92c539966db07900ab0b7bca5333f883
/Users/mac24/a/projects/fotos/keep/images/photos/2005,20050501Tennis13.jpg,2005-05-01 12:49:00,2005-05-01 12:49:00,-,3383512,-,-,2592x1944,Unknown 7-21mm,Canon PowerShot S50,4158581a65660339ac672e8efe898401
/Users/mac24/a/projects/fotos/keep/images/photos/2005,20050501Tennis14.jpg,2005-05-01 12:51:01,2005-05-01 12:51:01,-,2789210,-,-,1944x2592,-,Canon PowerShot S50,49f62a247d6051b447826c5ce39daf36
/Users/mac24/a/projects/fotos/keep/images/photos/2005,20050501Tennis15.jpg,2005-05-01 12:51:32,2005-05-01 12:51:32,-,1778813,-,-,1963x1611,-,Canon PowerShot S50,d8f0496067afd5e8c3351f15530a9a96
/Users/mac24/a/projects/fotos/keep/images/photos/2005,20050501Tennis16.jpg,2005-05-01 12:53:15,2005-05-01 12:53:15,-,3037359,-,-,2592x1944,Unknown 7-21mm,Canon PowerShot S50,54dc587cb0bcd80b2e84635d28e32b14
/Users/mac24/a/projects/fotos/keep/images/photos/2005,20050501Tennis17.jpg,2005-05-01 12:53:22,2005-05-01 12:53:22,-,1374228,-,-,2040x1657,-,Canon PowerShot S50,ffb0383d024809bc0e049e5c5fa0321a
/Users/mac24/a/projects/fotos/keep/images/photos/2005,20050501Tennis18.jpg,2005-05-01 12:55:27,2005-05-01 12:55:27,-,2612101,-,-,2592x1944,Unknown 7-21mm,Canon PowerShot S50,7ec2a63d5361692d25d93cdb067488c3
/Users/mac24/a/projects/fotos/keep/images/photos/2005,20050501Tennis19.jpg,2005-05-01 12:55:41,2005-05-01 12:55:41,-,979516,-,-,1096x1815,-,Canon PowerShot S50,100a4ce5ffbcad5bcc6dbaada9fb65de
/Users/mac24/a/projects/fotos/keep/images/photos/2005,20050501Tennis20.jpg,2005-05-01 12:56:09,2005-05-01 12:56:09,-,2133277,-,-,1544x1944,-,Canon PowerShot S50,31c33015a3804719995c8d5070601758
/Users/mac24/a/projects/fotos/keep/images/photos/2005,20050501Tennis21.jpg,2005-05-01 12:56:44,2005-05-01 12:56:44,-,1036081,-,-,1138x1507,-,Canon PowerShot S50,e8735f0ec03399568eabbb824aa3b454
/Users/mac24/a/projects/fotos/keep/images/photos/2005,20050501Tennis22.jpg,2005-05-01 12:57:32,2005-05-01 12:57:32,-,2369579,-,-,1944x2592,-,Canon PowerShot S50,44d208062abe39bbb48741fa73809474
/Users/mac24/a/projects/fotos/keep/images/photos/2005,20050501Tennis23.jpg,2005-05-01 12:57:44,2005-05-01 12:57:44,-,2294057,-,-,2592x1944,Unknown 7-21mm,Canon PowerShot S50,d43734a04dbcf530f8e14eb210439d23
/Users/mac24/a/projects/fotos/keep/images/photos/2005,20050501Tennis24.jpg,2005-05-01 12:58:00,2005-05-01 12:58:00,-,2941976,-,-,2592x1944,Unknown 7-21mm,Canon PowerShot S50,7adf96121446a37714b62ad2fea56db7
/Users/mac24/a/projects/fotos/keep/images/photos/2005,20050501Tennis25.jpg,2005-05-01 12:58:07,2005-05-01 12:58:07,-,2282243,-,-,2592x1944,Unknown 7-21mm,Canon PowerShot S50,111fd1c8499bff68e0a7f831a16a8e4b
/Users/mac24/a/projects/fotos/keep/images/photos/2005,20050501Tennis26.jpg,2005-05-01 13:02:23,2005-05-01 13:02:23,-,2510328,-,-,1944x2592,-,Canon PowerShot S50,7a0656974bcef5cb19d175ad993971a0
/Users/mac24/a/projects/fotos/keep/images/photos/2005,20050501Tennis27.jpg,2005-05-01 13:03:02,2005-05-01 13:03:02,-,3078927,-,-,2592x1944,Unknown 7-21mm,Canon PowerShot S50,d2c0cb8a1af05034ad490d1297235131
/Users/mac24/a/projects/fotos/keep/images/photos/2005,20050501Tennis28.jpg,2005-05-01 13:04:31,2005-05-01 13:04:31,-,1996295,-,-,2592x1944,-,Canon PowerShot S50,cb7d1a337d44da8fbf12eb8491ec58d9
/Users/mac24/a/projects/fotos/keep/images/photos/2005,DSCN5526_2.jpg,2005-11-05 16:24:35,2005-11-05 16:24:35,-,1162322,-,-,3264x2448,-,E8700,d2f74edf3760ea50fc6b6b0ebbee1800
/Users/mac24/a/projects/fotos/keep/images/photos/2005/20050502_Colorado,200502Colorado08.jpg,2005-02-28 19:21:16,2005-02-28 19:21:16,-,2705511,-,-,2592x1944,Unknown 7-21mm,Canon PowerShot S50,25e8f645a829f0d122d207490a49546f
/Users/mac24/a/projects/fotos/keep/images/photos/2005/20050502_Colorado,200502Colorado22.jpg,2005-03-02 14:15:56,2005-03-02 14:15:56,-,2467725,-,-,2592x1944,Unknown 7-21mm,Canon PowerShot S50,b61f6b741223436c2afd45cf36dacdac
/Users/mac24/a/projects/fotos/keep/images/photos/2005/20050502_Colorado,200502Colorado35.jpg,2005-03-02 15:05:36,2005-03-02 15:05:36,-,2291207,-,-,1944x2592,-,Canon PowerShot S50,18c92281c8c754fd1c192a8f3e1d113d
/Users/mac24/a/projects/fotos/keep/images/photos/2005/20050502_Colorado,200502Colorado37.jpg,2005-03-02 15:06:18,2005-03-02 15:06:18,-,2740200,-,-,2592x1944,Unknown 7-21mm,Canon PowerShot S50,0a28b52a8716426ca8d4f0b7b4a0ed8f
/Users/mac24/a/projects/fotos/keep/images/photos/2007/DeRuyter2007,1165526101_270831d463_o.jpg,2007-08-07 20:05:57,2007-08-07 20:05:57,-,116475,-,-,531x800,AF-S DX Zoom-Nikkor 18-70mm f/3.5-4.5G IF-ED,NIKON D70,7a88174ad8d2fec095dfd01b2a2031cc
/Users/mac24/a/projects/fotos/keep/images/photos/2007/DeRuyter2007,1165528581_18494ea9c5_o.jpg,2007-08-07 08:41:05,2007-08-07 08:41:05,-,128220,-,-,531x800,AF-S DX Zoom-Nikkor 18-70mm f/3.5-4.5G IF-ED,NIKON D70,08b22cb06b2195332c5beb66e61783b7
/Users/mac24/a/projects/fotos/keep/images/photos/2007/DeRuyter2007,1165544353_2a15eecce4_o.jpg,2007-08-04 15:06:55,2007-08-04 15:06:55,-,147453,-,-,531x800,AF-S DX VR Zoom-Nikkor 55-200mm f/4-5.6G IF-ED,NIKON D70,6421ded4a51a4c775661513512eee925
/Users/mac24/a/projects/fotos/keep/images/photos/2007/DeRuyter2007,1165579307_736129a3df_o.jpg,2007-08-02 18:32:21,2007-08-02 18:32:21,-,135863,-,-,800x531,AF-S DX Zoom-Nikkor 18-70mm f/3.5-4.5G IF-ED,NIKON D70,3c82f4923575606eb5181432820bd377
/Users/mac24/a/projects/fotos/keep/images/photos/2007/DeRuyter2007,1165580951_652dacd113_o.jpg,2007-08-02 16:13:16,2007-08-02 16:13:16,-,127755,-,-,800x531,AF-S DX Zoom-Nikkor 18-70mm f/3.5-4.5G IF-ED,NIKON D70,190825341fc3aadd793836ccd4b165d4
/Users/mac24/a/projects/fotos/keep/images/photos/2007/DeRuyter2007,1166372156_333b0d08e5_o.jpg,2007-08-07 20:06:41,2007-08-07 20:06:41,-,129023,-,-,800x531,AF-S DX Zoom-Nikkor 18-70mm f/3.5-4.5G IF-ED,NIKON D70,be9072c5c121ec9f4edc662fdaa541fb
/Users/mac24/a/projects/fotos/keep/images/photos/2007/DeRuyter2007,1166378622_0e267478e0_o.jpg,2007-08-07 20:13:27,2007-08-07 20:13:27,-,106627,-,-,800x531,AF-S DX Zoom-Nikkor 18-70mm f/3.5-4.5G IF-ED,NIKON D70,89bba091460e4b0df9008f71f66f0ab7
/Users/mac24/a/projects/fotos/keep/images/photos/2007/DeRuyter2007,1166435072_ecc2f033e7_o.jpg,2007-08-02 18:30:26,2007-08-02 18:30:26,-,155640,-,-,531x800,AF-S DX Zoom-Nikkor 18-70mm f/3.5-4.5G IF-ED,NIKON D70,7b3fde3947330f6d7cc2d84e124ec6a0
/Users/mac24/a/projects/fotos/keep/images/photos/2007/DeRuyter2007,1166436862_465abec565_o.jpg,2007-08-02 16:01:23,2007-08-02 16:01:23,-,118070,-,-,800x531,AF-S DX Zoom-Nikkor 18-70mm f/3.5-4.5G IF-ED,NIKON D70,23956fae1dd860c02e8b30ec078ee50c
/Users/mac24/a/projects/fotos/keep/images/photos/2008/20080220WA,MountainHike.jpg,2008-02-20 05:24:54,2008-02-20 05:24:54,-,1456951,-,-,2848x2136,-,S650,b6c7cdf84a487f2d185ad2421741eda8
/Users/mac24/a/projects/fotos/keep/images/photos/2008/20080328,20100412_train.jpg,2008-04-12 14:46:13,2008-04-12 14:46:13,-,2896147,-,-,2869x1927,-,NIKON D40,321cba0fb2828d10e2a0f8b263fc7d15
/Users/mac24/a/projects/fotos/keep/images/photos/2008/20080328,stream.jpg,2008-04-12 12:03:57,2008-04-12 12:03:57,-,1107474,-,-,2000x3008,-,NIKON D40,5108233f343422a7604b8435abf8a87e
/Users/mac24/a/projects/fotos/keep/images/photos/2008/20080811,20080801StephEllyMaggie_Phili.jpg,2008-08-01 17:32:19,2008-08-01 17:32:19,-,1705912,-,-,2707x1882,-,NIKON D40,d8a639f186e9380f2e58294c8f2b2ba2
/Users/mac24/a/projects/fotos/keep/images/photos/2008/20080811,20080805Josh_camp.jpg,2008-08-05 12:11:32,2008-08-05 12:11:32,-,2976314,-,-,2000x3008,-,NIKON D40,f3837bf72805bb4559986b4f2617ce0b
/Users/mac24/a/projects/fotos/keep/images/photos/2008/20080811,20080805JoshMeganLizStephPab_camp.jpg,2008-08-05 12:13:41,2008-08-05 12:13:42,-,1416654,-,-,2473x1860,-,NIKON D40,b7d3d991ad9f73a288c36cb17a76fdca
/Users/mac24/a/projects/fotos/keep/images/photos/2008/20080811,20080805PabJosh_camp.jpg,2008-08-05 12:11:24,2008-08-05 12:11:24,-,2705881,-,-,2052x2616,-,NIKON D40,c5c3ef82079ec0e2d5efa896fb8264e4
/Users/mac24/a/projects/fotos/keep/images/photos/2008/20080811,20080807Maggie_camp.jpg,2008-08-07 07:10:05,2008-08-07 07:10:05,-,1594911,-,-,2335x1636,-,NIKON D40,ce8e74c398929a6f2561ce0c5ca3f226
/Users/mac24/a/projects/fotos/keep/images/photos/2008/20080811,20080807Phil_camp.jpg,2008-08-07 11:24:40,2008-08-07 11:24:41,-,1009765,-,-,1924x2288,-,NIKON D40,0ecd1e0c03ef6363ed49f9764b911d28
/Users/mac24/a/projects/fotos/keep/images/photos/2008/20080811,20080807Steph_camp.jpg,2008-08-07 09:26:50,2008-08-07 09:26:50,-,1606659,-,-,2916x1837,-,NIKON D40,24f62c83a2b25d5c94472a7b9813a1a9
/Users/mac24/a/projects/fotos/keep/images/photos/2008/20080811,20080808PabLizStep_ChittenangoFalls_1516.jpg,2008-08-08 13:56:24,2008-08-08 13:56:24,-,1651423,-,-,1680x2468,-,NIKON D40,514fa24fb87b14ff8cda4345ebdcd0a3
/Users/mac24/a/projects/fotos/keep/images/photos/2008/20080811,20080808WheelCamp.jpg,2008-08-08 11:46:03,2008-08-08 11:46:03,-,2057490,-,-,3008x2000,-,NIKON D40,20adedd56aefb7f27e290e7e4e542be5
/Users/mac24/a/projects/fotos/keep/images/photos/2008/20080811,20080809LizStephMagPab_phili_1525.jpg,2008-08-09 17:09:26,2008-08-09 17:09:26,-,2130863,-,-,3008x2000,-,NIKON D40,99859ea0ed654c34c188b658c5b6e079
/Users/mac24/a/projects/fotos/keep/images/photos/2008/20080811,20080809LizStephPab_Phili_1523.jpg,2008-08-09 17:09:01,2008-08-09 17:09:01,-,1398196,-,-,2068x1786,-,NIKON D40,4d5c83f989ef874bc29a8a697e5f617e
/Users/mac24/a/projects/fotos/keep/images/photos/2008/20080811,20080809LizStephPab_Phili_1524.jpg,2008-08-09 17:09:03,2008-08-09 17:09:04,-,1404199,-,-,2098x1689,-,NIKON D40,6c491a3f9820919c882e57790be1dd78
/Users/mac24/a/projects/fotos/keep/images/photos/2008/20080914,20080902SusanAtMV.jpg,2008-09-02 15:10:35,2008-09-02 15:10:35,-,1137981,-,-,2836x1665,-,NIKON D40,24636a933f3affba3b5d561965f1c2dc
/Users/mac24/a/projects/fotos/keep/images/photos/2008/20080914,20080903BirdsBeach.jpg,2008-09-03 14:22:54,2008-09-03 14:22:54,-,1920513,-,-,3008x2000,-,NIKON D40,1a2baa1fda966be9cd5db7b52fca6ba1
/Users/mac24/a/projects/fotos/keep/images/photos/2008/20080914,20080905beach_path_1.jpg,2008-09-05 13:41:49,2008-09-05 13:41:49,-,2154490,-,-,2000x3008,-,NIKON D40,14d952a64c68504a7129895dc27bb01e
/Users/mac24/a/projects/fotos/keep/images/photos/2008/20080914,WaspWithGrasshopper.jpg,2008-09-01 09:33:33,2008-09-01 09:33:33,-,492847,-,-,1610x1575,-,NIKON D40,d8d41a74910de55819b16f4835c2c955
/Users/mac24/a/projects/fotos/keep/images/photos/2009/20090309, 2009_PabloByDiane72324.jpg,2009-03-01 00:40:18,2009-03-01 00:40:18,-,862314,-,-,942x1199,-,P 30,aa7ac378cd8044faf9c6b36538028272
/Users/mac24/a/projects/fotos/keep/images/photos/2009/20090309, 2009_PabloByDiane72375.jpg,2009-03-01 01:02:02,2009-03-01 01:02:02,-,938821,-,-,942x1199,-,P 30,c636784165818c68f22607b9f9c2bb88
/Users/mac24/a/projects/fotos/keep/images/photos/2009/20090309, 2009_PabloByDiane72408.jpg,2009-03-01 01:09:00,2009-03-01 01:09:00,-,928523,-,-,942x1199,-,P 30,de0761b35427bb5b0258a142293ebab1
/Users/mac24/a/projects/fotos/keep/images/photos/2009/20090309, 2009_PabloByDiane72412.jpg,2009-03-01 01:11:01,2009-03-01 01:11:01,-,1043590,-,-,1299x974,-,P 30,192571a721e0fa4f470d0c578f967a88
/Users/mac24/a/projects/fotos/keep/images/photos/2009/20090309,2009_PabloByDiane72326.jpg,2009-03-01 00:43:09,2009-03-01 00:43:09,-,889118,-,-,942x1199,-,P 30,a7c7448079d2a66262ffedb44c00bda6
/Users/mac24/a/projects/fotos/keep/images/photos/2009/20090417,dream2a.jpg,2009-04-12 14:53:39,2009-04-12 14:53:40,-,703140,-,-,3008x2000,-,NIKON D40,3239fd586e4b7be81072a3f01349cfc1
/Users/mac24/a/projects/fotos/keep/images/photos/2009/20090417,dreaming.jpg,2009-03-30 17:13:08,2009-03-30 17:13:08,-,957122,-,-,2613x1768,-,NIKON D40,a1d0419fed7fce8764c0d20f17197486
/Users/mac24/a/projects/fotos/keep/images/photos/2009/20090503,19880000ArtClass.jpg,2009-04-25 23:13:59,2009-04-25 23:13:59,-,559248,-,-,1777x1767,-,NIKON D40,57bbfdca92900ebc379c82c6d17d7095
/Users/mac24/a/projects/fotos/keep/images/photos/2009/20090503,20090425Phili_Train.jpg,2009-04-25 15:46:10,2009-04-25 15:46:10,-,769879,-,-,1594x2506,-,NIKON D40,38f266a8c66245ae6b367a941e5fc4a7
/Users/mac24/a/projects/fotos/keep/images/photos/2009/20090503,20090426Phili_Eagle.jpg,2009-04-26 19:19:16,2009-04-26 19:19:16,-,838377,-,-,2000x2842,-,NIKON D40,d67180340bb1dbe1f1dba1dd101a5f5f
/Users/mac24/a/projects/fotos/keep/images/photos/2009/20090503,20090426Phili_lampPost.jpg,2009-04-26 19:00:51,2009-04-26 19:00:51,-,1249295,-,-,2000x3008,-,NIKON D40,24b1b8ff9fd4a4e485c311d3b6a2fb00
/Users/mac24/a/projects/fotos/keep/images/photos/2009/20090503,20090426Phili_Lion.jpg,2009-04-26 19:19:59,2009-04-26 19:20:00,-,800886,-,-,2817x2000,-,NIKON D40,668edd221c009f49d938f12e8a1917d8
/Users/mac24/a/projects/fotos/keep/images/photos/2009/20090503,20090426Steph_Elly_soccer.jpg,2009-04-26 14:38:46,2009-04-26 14:38:46,-,429994,-,-,1612x1028,-,NIKON D40,49ab65941626e061ab7062d19ea7b163
/Users/mac24/a/projects/fotos/keep/images/photos/2009/20090503,20090426Steph_soccer.jpg,2009-04-26 14:47:16,2009-04-26 14:47:17,-,395191,-,-,1327x1241,-,NIKON D40,aab1ba0e7f02438dcc36a06d8c5afad0
/Users/mac24/a/projects/fotos/keep/images/photos/2009/20090503,MaggieSteph20090425.jpg,2009-04-25 16:05:10,2009-04-25 16:05:11,-,955068,-,-,3008x2000,-,NIKON D40,f4d53d727fdb1e4b2fd9b0b03f9ca76f
/Users/mac24/a/projects/fotos/keep/images/photos/2009/20090509,20090509sunsetPond.jpg,2009-05-09 20:05:49,2009-05-09 20:05:49,-,1772100,-,-,2848x3210,-,NIKON D5000,7a45c764aa2a5f7f9d0387ea77b276bc
/Users/mac24/a/projects/fotos/keep/images/photos/2009/20090509,foxes5.jpg,2009-05-07 19:35:35,2009-05-07 19:35:35,-,336147,-,-,1687x970,-,NIKON D5000,cc0ac272eecb334c6ca2d8ab9bf8c584
/Users/mac24/a/projects/fotos/keep/images/photos/2009/20090509,trangleCloud.jpg,2009-05-09 20:01:48,2009-05-09 20:01:48,-,2283620,-,-,2848x4288,-,NIKON D5000,0118455208b15d0509838ad1557356ab
/Users/mac24/a/projects/fotos/keep/images/photos/2009/20090606,C&O_20090606.jpg,2009-06-02 16:28:50,2009-06-02 16:28:50,-,2147386,-,-,3450x2811,-,NIKON D5000,9eb2fcbcf700be4fa8684734f1a603ee
/Users/mac24/a/projects/fotos/keep/images/photos/2009/20090606,C&OcanalRuins.jpg,2009-06-02 16:17:50,2009-06-02 16:17:50,-,3267398,-,-,4288x2848,-,NIKON D5000,8001aebb308fbfaf741f53b4e23995a8
/Users/mac24/a/projects/fotos/keep/images/photos/2009/20090606,drFly_1.jpg,2009-06-06 16:04:50,2009-06-06 16:04:50,-,1596648,-,-,2408x3364,-,NIKON D5000,983cf2989e694b3697577a92ae73acfd
/Users/mac24/a/projects/fotos/keep/images/photos/2009/20090606,Liz&Hank20090607.jpg,2009-06-07 18:27:40,2009-06-07 18:27:40,-,791426,-,-,3301x2648,-,NIKON D5000,b9ee555b3fb4c0cb83efac30cfbde8c7
/Users/mac24/a/projects/fotos/keep/images/photos/2009/20090615,watercolor20090515.jpg,2009-06-16 01:27:27,2009-06-16 01:27:27,-,748269,-,-,2450x1836,-,NIKON D5000,5fcfdf8353b7bfe53e736a981e605408
/Users/mac24/a/projects/fotos/keep/images/photos/2009/20090615,watercolor20090601.jpg,2009-06-16 01:26:19,2009-06-16 01:26:19,-,1131096,-,-,3286x2475,-,NIKON D5000,d790c961afb3adfcbfef16c265b6448d
/Users/mac24/a/projects/fotos/keep/images/photos/2009/20090615,waterColor20090615.jpg,2009-06-16 01:24:48,2009-06-16 01:24:48,-,1147262,-,-,2483x3319,-,NIKON D5000,76689854c33d04e2da62b9cca84d0177
/Users/mac24/a/projects/fotos/keep/images/photos/2009/20090724,20090719cowpath1.jpg,2009-07-19 15:20:50,2009-07-19 15:20:50,-,2017919,-,-,2136x3216,-,NIKON D5000,86e1abf3b5b2244c4671a694e1fa3f43
/Users/mac24/a/projects/fotos/keep/images/photos/2009/20090724,20090719cowpath2.jpg,2009-07-19 15:23:18,2009-07-19 15:23:18,-,1722226,-,-,2136x2737,-,NIKON D5000,0ef955bf21b08e6400583c9e93cba27b
/Users/mac24/a/projects/fotos/keep/images/photos/2009/20090724,20090720Greenbrier1.jpg,2009-07-20 07:27:37,2009-07-20 07:27:37,-,1100357,-,-,3846x2237,-,NIKON D5000,b92316c770846e69161ae0d58229eb8e
/Users/mac24/a/projects/fotos/keep/images/photos/2009/20090724,airBorn_crop.jpg,2009-07-18 16:11:56,2009-07-18 16:11:56,-,522008,-,-,1800x1517,-,NIKON D5000,ca13549f99cb0ec139a5f0a3c6670dcd
/Users/mac24/a/projects/fotos/keep/images/photos/2009/20090724,bensMovie_crop.jpg,2009-07-18 16:11:33,2009-07-18 16:11:33,-,1070328,-,-,3188x2016,-,NIKON D5000,34884e128dc41d866c029a8a75fa4f24
/Users/mac24/a/projects/fotos/keep/images/photos/2009/20090724,DSC_0288.jpg,2009-07-19 08:35:16,2009-07-19 08:35:16,-,337466,-,-,3216x2136,-,NIKON D5000,83c9999b7a84283df3d96f0c7a2e7d35
/Users/mac24/a/projects/fotos/keep/images/photos/2009/20090724,gatheringSpeed_crop.jpg,2009-07-18 16:11:55,2009-07-18 16:11:55,-,1001220,-,-,3216x1584,-,NIKON D5000,3eedb69b964ab80479ee0c1f4edef990
/Users/mac24/a/projects/fotos/keep/images/photos/2009/20090724,horseTrash.jpg,2009-07-19 16:10:06,2009-07-19 16:10:06,-,1537146,-,-,1871x2678,-,NIKON D5000,06bbdaa74b92c920fbe5a04a60ced6d4
/Users/mac24/a/projects/fotos/keep/images/photos/2009/20090724,MNF_Flora.jpg,2009-07-19 14:28:58,2009-07-19 14:28:58,-,985990,-,-,3216x2136,-,NIKON D5000,3bd2d970ee5276a6f49b29807f895ed7
/Users/mac24/a/projects/fotos/keep/images/photos/2009/20090810,20090802Lake.jpg,2009-08-02 10:13:55,2009-08-02 10:13:55,-,1256284,-,-,3801x2714,-,NIKON D5000,11908b9161fdf7d28b6928bba5e9cb77
/Users/mac24/a/projects/fotos/keep/images/photos/2009/20090810,20090803HankTree.jpg,2009-08-03 12:55:24,2009-08-03 12:55:24,-,1992504,-,-,2848x4288,-,NIKON D5000,1d25379a926bfedadcd63faad8581370
/Users/mac24/a/projects/fotos/keep/images/photos/2009/20090810,20090803StephOnTop.jpg,2009-08-03 13:38:44,2009-08-03 13:38:44,-,1880926,-,-,2848x4288,-,NIKON D5000,c966c05dbb7d706a75556b408a8d0665
/Users/mac24/a/projects/fotos/keep/images/photos/2009/20090810,20090803StephTree.jpg,2009-08-03 13:35:49,2009-08-03 13:35:49,-,1946754,-,-,2848x4288,-,NIKON D5000,881ecaf4a253d6518ae90db370641d5a
/Users/mac24/a/projects/fotos/keep/images/photos/2009/20090810,2009PabloDiane.jpg,2009-08-03 13:42:33,2009-08-03 13:42:33,-,1633237,-,-,3246x2672,-,NIKON D5000,3eea289c2cc50b35a929f0f2259f7262
/Users/mac24/a/projects/fotos/keep/images/photos/2009/20090810,2009StephElly.jpg,2009-08-03 16:20:18,2009-08-03 16:20:18,-,2125246,-,-,3212x2749,-,NIKON D5000,7aa969c529cdbf4948632b24527c192f
/Users/mac24/a/projects/fotos/keep/images/photos/2009/20090810,goodbyeGroupPhoto.jpg,2009-08-09 13:51:37,2009-08-09 13:51:37,-,930050,-,-,1562x1722,-,NIKON D5000,3bec5138f2f83678ed78fdd3f713935a
/Users/mac24/a/projects/fotos/keep/images/photos/2009/20090810,Sivear_Walter_Naturalization_1902.jpg,2009-08-06 16:30:41,2009-08-06 16:30:41,-,901362,-,-,2520x1957,-,NIKON D5000,522995a4c1eea60f2c3dd93d6ea2886b
/Users/mac24/a/projects/fotos/keep/images/photos/2009/20090926,20090920_Grasshopper.jpg,2009-09-20 10:16:46,2009-09-20 10:16:46,-,1056201,-,-,4288x2848,-,NIKON D5000,52a89e18ff8d1f294809eec5ff078fa8
/Users/mac24/a/projects/fotos/keep/images/photos/2009/20090926,20090921_MV_road.jpg,2009-09-21 13:37:24,2009-09-21 13:37:24,-,2579645,-,-,2848x4288,-,NIKON D5000,faaabff66237cbe28fe93469745ecdbe
/Users/mac24/a/projects/fotos/keep/images/photos/2009/20090926,20090921_MV_road2.jpg,2009-09-21 13:38:42,2009-09-21 13:38:42,-,2461040,-,-,4288x2848,-,NIKON D5000,4bb28dc825c5356c148d6b066cbde70a
/Users/mac24/a/projects/fotos/keep/images/photos/2009/20090926,20090922_MV_CedarNeck1.jpg,2009-09-22 13:57:03,2009-09-22 13:57:03,-,1103960,-,-,3216x2136,-,NIKON D5000,29c07de79698221d9fe8278518509590
/Users/mac24/a/projects/fotos/keep/images/photos/2009/20090926,beach2009.jpg,2009-09-25 14:26:04,2009-09-25 14:26:04,-,1073287,-,-,2136x3216,-,NIKON D5000,588ac0ab4b2c498136af78d548d0701c
/Users/mac24/a/projects/fotos/keep/images/photos/2009/20091023,pvirgo_license.jpg,2009-10-23 14:03:10,2009-10-23 14:03:10,-,323039,-,-,2833x2256,-,NIKON D5000,e1ed4d11d6743278dec9cfa913f42c32
/Users/mac24/a/projects/fotos/keep/images/photos/2010/20100505,BarbJimJasperArchie2010.jpg,2010-05-05 12:26:08,2010-05-05 12:26:08,-,1828718,-,-,2848x4288,-,NIKON D5000,7338033f2e35fb633ccc24f593dab229
/Users/mac24/a/projects/fotos/keep/images/photos/2010/20100505,PhilandArchieandJim_20100505.jpg,2010-05-05 11:28:22,2010-05-05 11:28:22,-,342028,-,-,1024x768,-,DSC-H5,315a50248d111d1b43be889c409cae93
/Users/mac24/a/projects/fotos/keep/images/photos/2010/20100505,PhilandBarb.jpg,2010-05-05 11:26:18,2010-05-05 11:26:18,-,340359,-,-,1024x911,-,DSC-H5,321a10cc6405700667dde3f04a820d34
/Users/mac24/a/projects/fotos/keep/images/photos/2010/20100505,pwv20100505.jpg,2010-05-05 11:20:03,2010-05-05 11:20:03,-,141572,-,-,1024x768,-,DSC-H5,989a7bbb51bdd64ac959fa84fe4c99bf
/Users/mac24/a/projects/fotos/keep/images/photos/2010/20100505,sugarCream_clements.jpg,2010-05-06 10:48:04,2010-05-06 10:48:04,-,1108629,-,-,3153x2314,-,NIKON D5000,4155e95d66042db23955c5fbad8380ba
/Users/mac24/a/projects/fotos/keep/images/photos/2010/20100721,DSC_1868.jpg,2010-07-16 15:03:40,2010-07-16 15:03:40,-,393730,-,-,1224x1604,-,NIKON D5000,8eb1a6ef7715493df36317f1bddf84b9
/Users/mac24/a/projects/fotos/keep/images/photos/2010/20100721,The_Caravan_sheetMusic.jpg,2010-07-17 22:00:00,2010-07-17 22:00:00,-,267787,-,-,1284x1752,-,NIKON D5000,afc94d3e34539d34789d2f929717bc5c
/Users/mac24/a/projects/fotos/keep/images/photos/2010/20100815,2010Hill.jpg,2010-08-10 17:14:24,2010-08-10 17:14:24,-,2333173,-,-,2136x3216,-,NIKON D5000,b5319cf76be7005b8e9655c24f30327d
/Users/mac24/a/projects/fotos/keep/images/photos/2010/20100815,2010Hill2.jpg,2010-08-10 17:15:00,2010-08-10 17:15:00,-,2077831,-,-,3216x2136,-,NIKON D5000,65ace20fc93de63a185f2ad239e9a321
/Users/mac24/a/projects/fotos/keep/images/photos/2010/20100815,ADBJ.jpg,2010-08-14 14:04:25,2010-08-14 14:04:26,-,1617956,-,-,3008x2000,AF-S DX Zoom-Nikkor 18-55mm f/3.5-5.6G ED II,NIKON D40,7b32d365ca4923c9ef8a159149e85090
/Users/mac24/a/projects/fotos/keep/images/photos/2010/20100815,PB060298.jpg,2011-11-06 17:15:45,2011-11-06 17:15:45,-,2649586,-,-,1696x1483,-,E-PM1,989d8c943548f470c627cbb5c3ae9c71
/Users/mac24/a/projects/fotos/keep/images/photos/2010/20100904,20100908_MVTrees.jpg,2010-09-06 18:21:44,2010-09-06 18:21:44,-,2336430,-,-,4288x2848,-,NIKON D5000,7c065e755ad677ee10545a451aff6d1a
/Users/mac24/a/projects/fotos/keep/images/photos/2010/20100904,DSC_2428.jpg,2010-09-06 17:54:45,2010-09-06 17:54:45,-,1110788,-,-,4288x2848,-,NIKON D5000,67ddc4cb27b6dcbad0d181adaec100fc
/Users/mac24/a/projects/fotos/keep/images/photos/2010/20101008,DSC_2451.jpg,2010-09-27 11:29:34,2010-09-27 11:29:34,-,1344091,-,-,4288x2848,-,NIKON D5000,90d300cad2de320c68c0539611591d2f
/Users/mac24/a/projects/fotos/keep/images/photos/2010/20101008,DSC_2453.jpg,2010-09-27 11:30:25,2010-09-27 11:30:25,-,1212879,-,-,4288x2848,-,NIKON D5000,2ab4b79f68b72f5815453037f59501d8
/Users/mac24/a/projects/fotos/keep/images/photos/2010/20101111,DSC_2488.jpg,2010-10-16 12:53:12,2010-10-16 12:53:12,-,377645,-,-,2848x4288,-,NIKON D5000,30046b6267bbc0ff28c2508ac409b025
/Users/mac24/a/projects/fotos/keep/images/photos/2010/byDiane,Virgos 1.jpg,2010-08-11 05:27:27,2010-08-11 05:27:27,-,4289021,-,-,2448x3264,-,Canon PowerShot G9,ffd4ec36112c767e7a31253f9f3b9fe6
/Users/mac24/a/projects/fotos/keep/images/photos/2010/byDiane,Virgos 2.jpg,2010-08-11 05:28:24,2010-08-11 05:28:24,-,3229408,-,-,2040x2719,-,Canon PowerShot G9,6204b135842e6a9ba66061f2fa0b313b
/Users/mac24/a/projects/fotos/keep/images/photos/2010/byDiane,Virgos 3.jpg,2010-08-11 05:29:06,2010-08-11 05:29:06,-,3784075,-,-,2973x2229,-,Canon PowerShot G9,247fb890ece4b41508d8ed21bcfeff2b
/Users/mac24/a/projects/fotos/keep/images/photos/2010/byDiane,Virgos 4.jpg,2010-08-11 05:29:13,2010-08-11 05:29:13,-,2077786,-,-,2428x1821,-,Canon PowerShot G9,22458efc46ce11f8e3f8c3ca800d7a01
/Users/mac24/a/projects/fotos/keep/images/photos/2010/byDiane,Virgos 5.jpg,2010-08-11 05:29:39,2010-08-11 05:29:39,-,2729997,-,-,2676x2007,-,Canon PowerShot G9,58b3e3dc9fb0bc91b189fcf772d83954
/Users/mac24/a/projects/fotos/keep/images/photos/2010/byDiane,Virgos 6.jpg,2010-08-11 05:31:50,2010-08-11 05:31:50,-,3023433,-,-,2448x3264,-,Canon PowerShot G9,1bf11a7311be539629d39bef65efb2e9
/Users/mac24/a/projects/fotos/keep/images/photos/2010/byPablo,ADBJ_atCamp.jpg,2010-08-14 14:04:25,2010-08-14 14:04:26,-,805177,-,-,1600x1064,-,NIKON D40,5367b71d1daf14e7b0af6785ed37ce14
/Users/mac24/a/projects/fotos/keep/images/photos/2010/byPablo,eps_DeRuyter2010.jpg,2010-08-08 11:13:35,2010-08-08 11:13:36,-,1585521,-,-,3008x2000,AF-S DX Zoom-Nikkor 18-55mm f/3.5-5.6G ED II,NIKON D40,290d771d41fa4513df1d83039bb6dac3
/Users/mac24/a/projects/fotos/keep/images/photos/2010/byPablo,steph_Caz_Artpark.jpg,2010-08-10 17:45:54,2010-08-10 17:45:54,-,1607946,-,-,2000x3008,AF-S DX Zoom-Nikkor 18-55mm f/3.5-5.6G ED II,NIKON D40,034d5761dad990091440d838941ce151
/Users/mac24/a/projects/fotos/keep/images/photos/2011,2011-06-04 12.26.42.jpg,2011-06-04 12:26:42,2011-06-04 12:26:42,-,1807014,-,-,3264x2448,-,SCH-I510,93428ae06cdbedddf43a57718b286e0e
/Users/mac24/a/projects/fotos/keep/images/photos/2011,2011-06-04 12.27.14.jpg,2011-06-04 12:27:13,2011-06-04 12:27:13,-,3735045,-,-,3264x2448,-,SCH-I510,1328adb9c5816b0256d842402115d588
/Users/mac24/a/projects/fotos/keep/images/photos/2011,2011-06-04 12.54.42.jpg,2011-06-04 12:54:42,2011-06-04 12:54:42,-,3478369,-,-,3264x2448,-,SCH-I510,592c5364e1cdd6ef94b78e7f4930bf76
/Users/mac24/a/projects/fotos/keep/images/photos/2011,2011-07-09 13.08.26.jpg,2011-07-09 13:08:26,2011-07-09 13:08:26,-,3666381,39.1213888888889,-77.2347222222222,3264x2448,-,SCH-I510,6fe50e45bbcdf09dea533d34862d25ec
/Users/mac24/a/projects/fotos/keep/images/photos/2011,2011-07-14 15.26.41.jpg,2011-07-14 15:26:40,2011-07-14 15:26:40,-,1200700,39.1311111111111,-77.2297222222222,3264x2448,-,SCH-I510,7834a912c8506ec0fe235e8db7409eeb
/Users/mac24/a/projects/fotos/keep/images/photos/2011,2011-07-19 12.08.01.jpg,2011-07-19 12:08:01,2011-07-19 12:08:01,-,1210022,39.1266666666667,-77.2238888888889,3264x2448,-,SCH-I510,a46df91b7db65adaa8cd6da263e78ed6
/Users/mac24/a/projects/fotos/keep/images/photos/2011,2011-07-25 19.40.28.jpg,2011-07-25 19:40:28,2011-07-25 19:40:28,-,2112346,39.1397222222222,-77.2433333333333,3264x2448,-,SCH-I510,c571de1bc4b5e5e032936c7479bca720
/Users/mac24/a/projects/fotos/keep/images/photos/2011,2011-07-25 19.41.28.jpg,2011-07-25 19:41:28,2011-07-25 19:41:28,-,2327675,39.1397222222222,-77.2436111111111,3264x2448,-,SCH-I510,55d0d0f698d2a3b4a3bd15726d5461c5
/Users/mac24/a/projects/fotos/keep/images/photos/2011,2011-07-29 09.19.50.jpg,2011-07-29 09:19:50,2011-07-29 09:19:50,-,1242848,39.1230555555556,-77.2236111111111,3264x2448,-,SCH-I510,9d40e2ce40c3d8f6e10b5237b2e8e9df
/Users/mac24/a/projects/fotos/keep/images/photos/2011,2011-07-29 09.41.58.jpg,2011-07-29 09:41:58,2011-07-29 09:41:58,-,2153447,39.1227777777778,-77.2247222222222,3264x2448,-,SCH-I510,a344c13dc9e7d092603cd6511d3306f4
/Users/mac24/a/projects/fotos/keep/images/photos/2011,2011-07-30 18.39.09.jpg,-,-,-,393568,40.373406,-4294967220.67577,1280x960,-,SCH-I510,3bc04d77845da8358d6bc34dd41e8694
/Users/mac24/a/projects/fotos/keep/images/photos/2011,2011-08-02 08.54.01.jpg,2011-08-02 08:54:01,2011-08-02 08:54:01,-,1141928,42.8008333333333,-75.8819444444444,3264x2448,-,SCH-I510,d7b9b9ce2bcc613f14b4904a6e67ebe2
/Users/mac24/a/projects/fotos/keep/images/photos/2011,2011-08-02 08.56.05.jpg,2011-08-02 08:56:04,2011-08-02 08:56:04,-,1428483,42.8008333333333,-75.8813888888889,3264x2448,-,SCH-I510,e8f30066573f3d3e2eabd684b30f1e10
/Users/mac24/a/projects/fotos/keep/images/photos/2011,2011-08-02 08.57.00.jpg,2011-08-02 08:57:00,2011-08-02 08:57:00,-,1441935,42.8008333333333,-75.8813888888889,3264x2448,-,SCH-I510,3e7501937aa424d5eef3cdb33ad026c1
/Users/mac24/a/projects/fotos/keep/images/photos/2011,2011-08-06 17.47.52.jpg,2011-08-06 17:47:52,2011-08-06 17:47:52,-,1629274,42.8413888888889,-75.9369444444444,3264x2448,-,SCH-I510,5f77118d57e1bedf77d96873cd278851
/Users/mac24/a/projects/fotos/keep/images/photos/2011,2011-08-06 17.48.33.jpg,2011-08-06 17:48:33,2011-08-06 17:48:33,-,911907,42.8413888888889,-75.9369444444444,3264x2448,-,SCH-I510,578ca624df79d3cc418e061bf94a9585
/Users/mac24/a/projects/fotos/keep/images/photos/2011,2011-08-06 17.50.29.jpg,2011-08-06 17:50:29,2011-08-06 17:50:29,-,1494262,42.8413888888889,-75.9369444444444,3264x2448,-,SCH-I510,a5fea56d238144b842d33a7a2b3363b5
/Users/mac24/a/projects/fotos/keep/images/photos/2011,2011-08-06 17.56.02.jpg,2011-08-06 17:56:02,2011-08-06 17:56:02,-,1158880,42.8413888888889,-75.9369444444444,3264x2448,-,SCH-I510,327c1ead361b62c8b16cdfdcdbaa56a5
/Users/mac24/a/projects/fotos/keep/images/photos/2011,2011-08-06 17.56.37.jpg,2011-08-06 17:56:36,2011-08-06 17:56:36,-,1079671,42.8252777777778,-75.9011111111111,3264x2448,-,SCH-I510,1d0f27b7ea6e48491a0d0b6ed4127128
/Users/mac24/a/projects/fotos/keep/images/photos/2011,2011-08-06 17.56.58.jpg,2011-08-06 17:56:58,2011-08-06 17:56:58,-,1205402,42.8252777777778,-75.9011111111111,3264x2448,-,SCH-I510,5b16d3431c5e1c9c24adec64999a5d5c
/Users/mac24/a/projects/fotos/keep/images/photos/2011,2011-08-19 18.18.15.jpg,-,-,-,409952,39.1323881944444,-4294967219.22651,1280x960,-,SCH-I510,65fa5a760ff3837fb2ccc9dabbb3ad8d
/Users/mac24/a/projects/fotos/keep/images/photos/2011,2011-08-20 17.39.29.jpg,2011-08-20 17:39:29,2011-08-20 17:39:29,-,1480187,39.1241666666667,-77.2230555555556,3264x2448,-,SCH-I510,d54d465808da1c32105cd94fba6f9035
/Users/mac24/a/projects/fotos/keep/images/photos/2011,2011-08-29 12.17.34.jpg,2011-08-29 12:17:34,2011-08-29 12:17:34,-,1817097,41.4277777777778,-70.6063888888889,3264x2448,-,SCH-I510,da30f94cb6da41a67841795d49739de4
/Users/mac24/a/projects/fotos/keep/images/photos/2011,2011-08-29 12.17.47.jpg,2011-08-29 12:17:47,2011-08-29 12:17:47,-,787795,41.4277777777778,-70.6063888888889,3264x2448,-,SCH-I510,f629199b40ed367f3b27b00ae1866a0d
/Users/mac24/a/projects/fotos/keep/images/photos/2011,2011-08-29 12.21.10.jpg,2011-08-29 12:21:09,2011-08-29 12:21:09,-,2757855,41.4277777777778,-70.6063888888889,3264x2448,-,SCH-I510,6957b3c8606e87ae23d3be5ad5aaed8c
/Users/mac24/a/projects/fotos/keep/images/photos/2011,2011-08-29 12.34.22.jpg,2011-08-29 12:34:22,2011-08-29 12:34:22,-,2268480,41.4277777777778,-70.6063888888889,3264x2448,-,SCH-I510,41b6ded9dba41b56aba7261c2787e915
/Users/mac24/a/projects/fotos/keep/images/photos/2011,2011-08-29 12.35.38.jpg,2011-08-29 12:35:38,2011-08-29 12:35:38,-,1854864,41.4277777777778,-70.6063888888889,3264x2448,-,SCH-I510,043d79a0d61d0d5fe1152f3512879754
/Users/mac24/a/projects/fotos/keep/images/photos/2011,2011-09-12 23.07.57.jpg,2011-09-12 23:07:57,2011-09-12 23:07:57,-,586774,39.1263888888889,-77.2263888888889,3264x2448,-,SCH-I510,a0c3e1d7aa7b7a37da7a5216e01e8e30
/Users/mac24/a/projects/fotos/keep/images/photos/2011,2011-09-16 15.12.00.jpg,-,-,-,426336,39.13812,-4294967219.22507,1280x960,-,SCH-I510,fb68188adf774c5532cac314f5953583
/Users/mac24/a/projects/fotos/keep/images/photos/2011,2011-09-20 18.01.31.jpg,2011-09-20 18:01:31,2011-09-20 18:01:31,-,2571194,39.1502777777778,-77.2255555555556,3264x2448,-,SCH-I510,f8b5ab47742898514d3d6b57987ba034
/Users/mac24/a/projects/fotos/keep/images/photos/2011,2011-09-20 18.02.34.jpg,2011-09-20 18:02:34,2011-09-20 18:02:34,-,2124884,39.1502777777778,-77.2255555555556,3264x2448,-,SCH-I510,afb4ed6ccff8ce53b9aecb3ee699adcf
/Users/mac24/a/projects/fotos/keep/images/photos/2011,2011-09-20 18.03.06.jpg,2011-09-20 18:03:05,2011-09-20 18:03:05,-,2054792,39.1502777777778,-77.2255555555556,3264x2448,-,SCH-I510,56c66951641374ac5a667ee7c31b4c6f
/Users/mac24/a/projects/fotos/keep/images/photos/2011,2011-10-30 13.37.52.jpg,2011-10-30 13:37:52,2011-10-30 13:37:52,-,1428509,39.4169444444444,-77.4183333333333,3264x2448,-,SCH-I510,83f8934ad7a4e936b0562f503048c290
/Users/mac24/a/projects/fotos/keep/images/photos/2011,2011-10-30 13.38.04.jpg,2011-10-30 13:38:04,2011-10-30 13:38:04,-,1808639,39.4169444444444,-77.4183333333333,3264x2448,-,SCH-I510,f05c9b3628e34381d7b6d6bda843f3b5
/Users/mac24/a/projects/fotos/keep/images/photos/2011,2011-11-05 22.32.55.jpg,2011-11-05 22:32:54,2011-11-05 22:32:54,-,1557733,39.1216666666667,-77.235,3264x2448,-,SCH-I510,6ba109daeb18ad2d9cea9cb0c54a4160
/Users/mac24/a/projects/fotos/keep/images/photos/2011/20110522_AustinTexas,2011-05-17 22.17.15.jpg,-,-,-,344302,-,-,1280x960,-,SCH-I510,cde556a9dea75b9e54e05910cb124165
/Users/mac24/a/projects/fotos/keep/images/photos/2011/20110522_AustinTexas,2011-05-21 01.06.15.jpg,-,-,-,282340,-,-,1280x960,-,SCH-I510,b7edbbea79598e2c0b1acca0f8767fd6
/Users/mac24/a/projects/fotos/keep/images/photos/2011/20110522_AustinTexas,2011-05-21 01.09.18.jpg,-,-,-,360686,-,-,1280x960,-,SCH-I510,64dd0d4a3ad9e6721cbb9b10e9f4c5a5
/Users/mac24/a/projects/fotos/keep/images/photos/2011/20110522_AustinTexas,2011-05-22 23.37.14.jpg,2011-05-22 23:37:14,2011-05-22 23:37:14,-,1896176,-,-,3264x2448,-,SCH-I510,ebaaa71bbb38433bfeef62ec6f7cd973
/Users/mac24/a/projects/fotos/keep/images/photos/2011/20110522_AustinTexas,2011-05-22 23.37.51.jpg,2011-05-22 23:37:51,2011-05-22 23:37:51,-,1700122,-,-,3264x2448,-,SCH-I510,b957095b6049240eda455e2cdf197a9b
/Users/mac24/a/projects/fotos/keep/images/photos/2011/20110522_AustinTexas,2011-05-22 23.38.13.jpg,2011-05-22 23:38:13,2011-05-22 23:38:13,-,1998475,-,-,3264x2448,-,SCH-I510,3288bde8006158532c513b0806f42627
/Users/mac24/a/projects/fotos/keep/images/photos/2011/20110522_AustinTexas,2011-05-23 12.47.49.jpg,2011-05-23 12:47:48,2011-05-23 12:47:48,-,3508502,-,-,3264x2448,-,SCH-I510,36ff2f75c28ca4cf87906f6469144a6b
/Users/mac24/a/projects/fotos/keep/images/photos/2011/20110522_AustinTexas,2011-05-23 12.52.29.jpg,2011-05-23 12:52:29,2011-05-23 12:52:29,-,607450,-,-,1130x768,-,SCH-I510,7dd9608cb3edb2b3b122f8615434809a
/Users/mac24/a/projects/fotos/keep/images/photos/2011/20110522_AustinTexas,2011-05-23 17.31.49.jpg,2011-05-23 17:31:49,2011-05-23 17:31:49,-,2571833,-,-,3264x2448,-,SCH-I510,4a8905a10dbd3bb3905e1e6bc3ba1e3f
/Users/mac24/a/projects/fotos/keep/images/photos/2011/20110522_AustinTexas,2011-05-23 19.12.06.jpg,2011-05-23 19:12:06,2011-05-23 19:12:06,-,2860873,-,-,3264x2448,-,SCH-I510,24166eccb980227ae262d7fa29c88ea5
/Users/mac24/a/projects/fotos/keep/images/photos/2011/20110522_AustinTexas,2011-05-23 20.12.25.jpg,2011-05-23 20:12:25,2011-05-23 20:12:25,-,2887318,-,-,3264x2448,-,SCH-I510,a29f08cbec3a06633585da00d20c1c0f
/Users/mac24/a/projects/fotos/keep/images/photos/2011/20110522_AustinTexas,2011-05-24 10.28.55.jpg,2011-05-24 10:28:55,2011-05-24 10:28:55,-,2276707,-,-,2612x1310,-,SCH-I510,f7978d60e11d3b6e3bcf0a32f22e7eb5
/Users/mac24/a/projects/fotos/keep/images/photos/2011/20110522_AustinTexas,2011-05-24 10.54.30.jpg,2011-05-24 10:54:30,2011-05-24 10:54:30,-,3781856,-,-,3264x2448,-,SCH-I510,9048d7bd7c62ccad38af5c83640b1a5d
/Users/mac24/a/projects/fotos/keep/images/photos/2011/20110522_AustinTexas,2011-05-24 11.34.04.jpg,2011-05-24 11:34:04,2011-05-24 11:34:04,-,3664100,-,-,3264x2448,-,SCH-I510,3fae1328824286917530434c9fdda405
/Users/mac24/a/projects/fotos/keep/images/photos/2011/20110522_AustinTexas,2011-05-24 11.40.02.jpg,2011-05-24 11:40:02,2011-05-24 11:40:02,-,3407111,-,-,3264x2448,-,SCH-I510,3cefffa54094ef04c443e65dac9f800a
/Users/mac24/a/projects/fotos/keep/images/photos/2011/20110522_AustinTexas,2011-05-24 12.05.35.jpg,2011-05-24 12:05:35,2011-05-24 12:05:35,-,1587020,-,-,3264x2448,-,SCH-I510,2240a63488d0edac14030493f4516e72
/Users/mac24/a/projects/fotos/keep/images/photos/2011/20110522_AustinTexas,2011-05-24 12.08.49.jpg,2011-05-24 12:08:49,2011-05-24 12:08:49,-,2529687,-,-,3264x2448,-,SCH-I510,86de51f925bf65d4695f9a131370fb63
/Users/mac24/a/projects/fotos/keep/images/photos/2011/20110522_AustinTexas,2011-05-24 12.24.36.jpg,2011-05-24 12:24:36,2011-05-24 12:24:36,-,3316388,-,-,3264x2448,-,SCH-I510,c067cac39b0e686573b20501275314cb
/Users/mac24/a/projects/fotos/keep/images/photos/2011/20110522_AustinTexas,2011-05-24 13.34.50.jpg,2011-05-24 13:34:49,2011-05-24 13:34:49,-,3463119,-,-,3264x2448,-,SCH-I510,18e251b18cd6eb0b8d051e0f8cfc1b1b
/Users/mac24/a/projects/fotos/keep/images/photos/2011/20110522_AustinTexas,2011-05-24 13.50.11.jpg,2011-05-24 13:50:11,2011-05-24 13:50:11,-,1609641,-,-,3264x2448,-,SCH-I510,dfe423a8e3d1e050a57cfe2d41be4efd
/Users/mac24/a/projects/fotos/keep/images/photos/2011/20110522_AustinTexas,2011-05-24 14.31.43.jpg,2011-05-24 14:31:43,2011-05-24 14:31:43,-,2187893,-,-,3264x2448,-,SCH-I510,04d0eb300e778cad000c4a9990cef3d8
/Users/mac24/a/projects/fotos/keep/images/photos/2011/20110522_AustinTexas,2011-05-24 15.12.15.jpg,2011-05-24 15:12:14,2011-05-24 15:12:14,-,1749129,-,-,3264x2448,-,SCH-I510,169618ba798ff188da13440bd484dc02
/Users/mac24/a/projects/fotos/keep/images/photos/2011/20110522_AustinTexas,2011-05-24 15.12.58.jpg,2011-05-24 15:12:58,2011-05-24 15:12:58,-,3641311,-,-,3264x2448,-,SCH-I510,31e858873da795657ed4ad802512141e
/Users/mac24/a/projects/fotos/keep/images/photos/2011/20110522_AustinTexas,2011-05-24 16.14.28.jpg,2011-05-24 16:14:28,2011-05-24 16:14:28,-,2069950,-,-,3264x2448,-,SCH-I510,c2515e715c292f8d0b84d1e7b24dca6c
/Users/mac24/a/projects/fotos/keep/images/photos/2011/20110522_AustinTexas,2011-05-25 11.07.29.jpg,2011-05-25 11:07:28,2011-05-25 11:07:28,-,3635687,-,-,3264x2448,-,SCH-I510,a9704aef8661a3984e86751d5b26553a
/Users/mac24/a/projects/fotos/keep/images/photos/2011/20110522_AustinTexas,2011-05-25 11.11.34.jpg,2011-05-25 11:11:33,2011-05-25 11:11:33,-,3718124,-,-,3264x2448,-,SCH-I510,870c57aff16e2a0539863a6d11745832
/Users/mac24/a/projects/fotos/keep/images/photos/2011/20110522_AustinTexas,2011-05-25 11.12.11.jpg,2011-05-25 11:12:10,2011-05-25 11:12:10,-,3717014,-,-,3264x2448,-,SCH-I510,52c6e91db22f6ef92c97d8c8421711f9
/Users/mac24/a/projects/fotos/keep/images/photos/2011/20110522_AustinTexas,2011-05-25 11.24.14.jpg,2011-05-25 11:24:13,2011-05-25 11:24:13,-,3736244,-,-,3264x2448,-,SCH-I510,52660550a034154613533e8aff817662
/Users/mac24/a/projects/fotos/keep/images/photos/2011/20110522_AustinTexas,20110522_AustinShadows.jpg,2011-05-22 23:38:13,2011-05-22 23:38:13,-,964071,-,-,3264x1959,-,SCH-I510,0c0dfed84355db4e793d25419d3c77b3
/Users/mac24/a/projects/fotos/keep/images/photos/2011/20110522_AustinTexas,20110524_FocusAndBreathe.jpg,2011-05-24 15:12:14,2011-05-24 15:12:14,-,873530,-,-,2330x2980,-,SCH-I510,400f1ba266d26b0c9d3d098a4c2cae39
/Users/mac24/a/projects/fotos/keep/images/photos/2011/20110522_AustinTexas,20110524_StreetArt_Austin.jpg,2011-05-24 10:54:30,2011-05-24 10:54:30,-,1345839,-,-,3264x2448,-,SCH-I510,e36ac15c19f4b0002c320d3c97c16c13
/Users/mac24/a/projects/fotos/keep/images/photos/2011/20110522_AustinTexas,20110524_WindowReflection.jpg,2011-05-24 12:05:35,2011-05-24 12:05:35,-,1061883,-,-,2448x3264,-,SCH-I510,8767f3ba8868a4c3e4d7d3f7babc658a
/Users/mac24/a/projects/fotos/keep/images/photos/2011/20110522_AustinTexas,20110524-donotsleep.jpg,2011-05-24 13:34:49,2011-05-24 13:34:49,-,865848,-,-,3063x2195,-,SCH-I510,d67af1f6c671a16060a3d6efa9a01fef
/Users/mac24/a/projects/fotos/keep/images/photos/2011/20110522_AustinTexas,video-2011-05-23-20-47-36.mp4,0000:00:00 00:00:00,-,0:02:05,54528244,-,-,720x480,-,-,5b112ca27081485521febbabe473109b
/Users/mac24/a/projects/fotos/keep/images/photos/2011/20110707,2011-07-02 21.04.11.jpg,2011-07-02 21:04:11,2011-07-02 21:04:11,-,2227852,39.12,-77.2344444444444,3264x2448,-,SCH-I510,9031e6c5768de35b668edd716cebe82f
/Users/mac24/a/projects/fotos/keep/images/photos/2011/20110707,2011-07-09 00.31.13.jpg,-,-,-,360800,39.1310752777778,-4294967219.21883,1280x960,-,SCH-I510,885ed2e6895439d0fdf865bdde796b0a
/Users/mac24/a/projects/fotos/keep/images/photos/2011/20110707,20110617Oil.jpg,2011-07-01 14:21:52,2011-07-01 14:21:52,-,3077913,-,-,1720x2201,-,NIKON D5000,4b1550f2d8532d39e32383ac4f5c6d98
/Users/mac24/a/projects/fotos/keep/images/photos/2011/20110707,20110626Oil.jpg,2011-07-01 14:16:17,2011-07-01 14:16:17,-,1845159,-,-,1812x2286,-,NIKON D5000,3842522a1d8724d10c45f821c2ba763b
/Users/mac24/a/projects/fotos/keep/images/photos/2011/20110707,20110713pwv.jpg,2011-08-13 00:04:29,-,-,6979128,39.131836,-4294967219.22638,960x1280,-,SCH-I510,c48b55b669ae78ff431fe8f79b6e732c
/Users/mac24/a/projects/fotos/keep/images/photos/2011/20110814,2011-08-02 08.57.00.jpg,2011-08-02 08:57:00,2011-08-02 08:57:00,-,1447311,42.8008333333333,-75.8813888888889,3264x2448,-,SCH-I510,7d29ed8b7a42c31fae93ba7e0520ac7b
/Users/mac24/a/projects/fotos/keep/images/photos/2011/20110814,2011-08-06 17.50.29.jpg,2011-08-06 17:50:29,2011-08-06 17:50:29,-,1499658,42.8413888888889,-75.9369444444444,3264x2448,-,SCH-I510,00754a6a82d95bb44ff71f740b490728
/Users/mac24/a/projects/fotos/keep/images/photos/2011/20110814,2011-08-06 17.56.02.jpg,2011-08-06 17:56:02,2011-08-06 17:56:02,-,1164277,42.8413888888889,-75.9369444444444,3264x2448,-,SCH-I510,bd2d6ab8dee027dabb10708b4d616f92
/Users/mac24/a/projects/fotos/keep/images/photos/2011/20110814,2011-08-06 17.56.37.jpg,2011-08-06 17:56:36,2011-08-06 17:56:36,-,1085058,42.8252777777778,-75.9011111111111,3264x2448,-,SCH-I510,2c562196771f3abfdc3311a2de3a8bbb
/Users/mac24/a/projects/fotos/keep/images/photos/2011/20110814,2011BoardGames.jpg,2011-08-06 20:05:44,2011-08-06 20:05:44,-,900113,-,-,3216x2136,-,NIKON D5000,a3c95a0efedf4d0e7899569f28c7fce3
/Users/mac24/a/projects/fotos/keep/images/photos/2011/20110814,2011CampWindow.jpg,2011-07-31 09:39:04,2011-07-31 09:39:04,-,3465936,-,-,3107x1972,-,NIKON D5000,dfe9b285ae094733963953e0b3eb31fc
/Users/mac24/a/projects/fotos/keep/images/photos/2011/20110814,flowersAnts2.jpg,2011-08-03 08:04:31,2011-08-03 08:04:31,-,2603446,-,-,3216x2136,-,NIKON D5000,6082111aee25528ffc51108e279b743a
/Users/mac24/a/projects/fotos/keep/images/photos/2011/20110814,video-2011-08-27-17-52-29.mp4,0000:00:00 00:00:00,-,0:04:31,118551743,-,-,720x480,-,-,60733524f8cc7fca9448c6a11618938f
/Users/mac24/a/projects/fotos/keep/images/photos/2011/20111022,PA160095.jpg,2011-10-16 02:13:47,2011-10-16 02:13:47,-,1936854,-,-,2560x1440,-,E-PM1,8021716aa6ac86c9aa8d4f6b15ce3a1e
/Users/mac24/a/projects/fotos/keep/images/photos/2011/20111022,plasticOnGrass.jpg,2011-10-26 18:03:44,2011-10-26 18:03:44,-,1326936,-,-,2544x1696,-,E-PM1,098dd7d344ca61597d10800caa2ee45e
/Users/mac24/a/projects/fotos/keep/images/photos/2012,2012-06-23 18.31.55.jpg,2012-06-23 18:31:55,2012-06-23 18:31:55,-,280169,39.1291666666667,-77.2261111111111,800x480,-,SCH-I510,fca327fd7b4ac19e259aae00bb1d9e33
/Users/mac24/a/projects/fotos/keep/images/photos/2012,2012-06-23 18.32.56.jpg,2012-06-23 18:32:55,2012-06-23 18:32:55,-,291592,39.1291666666667,-77.2261111111111,800x480,-,SCH-I510,6c1f2ba1117ddfbe18e11f25a27f2734
/Users/mac24/a/projects/fotos/keep/images/photos/2012,2012-06-23 18.33.07.jpg,2012-06-23 18:33:07,2012-06-23 18:33:07,-,278392,39.1291666666667,-77.2261111111111,800x480,-,SCH-I510,710bd83c5756aead05e0e9cb97f27afe
/Users/mac24/a/projects/fotos/keep/images/photos/2012,2012-07-15 17.58.31.jpg,-,-,-,64129,-,-,384x512,-,-,b1126a0fbd79e471e1a24ff7e6e66714
/Users/mac24/a/projects/fotos/keep/images/photos/2012,2012-07-21 01.16.22.jpg,2012-07-21 01:16:22,2012-07-21 01:16:22,-,174347,39.1318333333333,-77.2263333333333,480x640,-,iPad,0db7a86a1c5445223128c49dab32d219
/Users/mac24/a/projects/fotos/keep/images/photos/2012,2012-07-27 03.31.00.jpg,2012-07-27 03:31:00,2012-07-27 03:31:00,-,142687,39.132,-77.2263333333333,480x640,-,iPad,68cfebf7903edf59cb6f941b8485d842
/Users/mac24/a/projects/fotos/keep/images/photos/2012,2012-08-11 18.24.38.jpg,2012-08-11 18:24:38,2012-08-11 18:24:38,-,2535439,39.1316666666667,-77.226,2592x1936,-,iPad,9e996e75013ac83a95c5a09f048434cf
/Users/mac24/a/projects/fotos/keep/images/photos/2012,2012-08-11 18.25.40.jpg,2012-08-11 18:25:40,2012-08-11 18:25:40,-,1507106,39.1316666666667,-77.226,2592x1936,-,iPad,aba5496db6f179240f6704db2c8f5ed1
/Users/mac24/a/projects/fotos/keep/images/photos/2012,2012-08-11 18.26.42.jpg,2012-08-11 18:26:42,2012-08-11 18:26:42,-,104537,-,-,640x480,-,iPad,6344aac1c897ed32dbdc4f4a5440fc80
/Users/mac24/a/projects/fotos/keep/images/photos/2012,2012-08-31 19.58.04.jpg,2012-08-31 19:58:04,2012-08-31 19:58:04,-,626174,-,-,2448x3264,-,SCH-I510,01fcb64b57f30fcdaa8de11d6632db26
/Users/mac24/a/projects/fotos/keep/images/photos/2012,2012-12-15 22.24.53.jpg,2012-12-15 22:24:53,2012-12-15 22:24:53,-,2109656,38.875,-77.2146666666667,2592x1936,-,iPad,454082f8c6c1f9880f840e2bc6fb0f11
/Users/mac24/a/projects/fotos/keep/images/photos/2012,2012-12-28 14.05.07.jpg,2012-12-28 14:05:07,2012-12-28 14:05:07,-,1413860,39.1315,-77.2263333333333,2592x1936,-,iPad,ddd67cc1d9a142b0b50ea5b8b62e9b9c
/Users/mac24/a/projects/fotos/keep/images/photos/2012,2012-12-28 14.06.17.jpg,2012-12-28 14:06:17,2012-12-28 14:06:17,-,1589755,39.1315,-77.2263333333333,2592x1936,-,iPad,6e0c2c88f9a28ad6c60b4819d7f904d1
/Users/mac24/a/projects/fotos/keep/images/photos/2012,2012-12-30 14.53.07.jpg,2012-12-30 14:53:07,2012-12-30 14:53:07,-,1673824,39.1315,-77.2263333333333,2592x1936,-,iPad,0d913ae0e16a6bb0fe4465a4cfce7240
/Users/mac24/a/projects/fotos/keep/images/photos/2012,2012-12-30 14.53.48.jpg,2012-12-30 14:53:48,2012-12-30 14:53:48,-,1300688,39.1315,-77.2263333333333,2592x1936,-,iPad,181d406272f7c288d07e0194f0fa2172
/Users/mac24/a/projects/fotos/keep/images/photos/2012,2012-12-30 14.57.09.jpg,2012-12-30 14:57:09,2012-12-30 14:57:09,-,1748540,39.1315,-77.2263333333333,2592x1936,-,iPad,096243c02c2eb95ad2993f2eaced7ff4
/Users/mac24/a/projects/fotos/keep/images/photos/2012/20120406,JandP1979.jpg,2012-05-01 12:05:05,2012-05-01 12:05:05,-,630834,-,-,2065x1338,-,NIKON D5000,f231719fe7b65204dcad96092c18b349
/Users/mac24/a/projects/fotos/keep/images/photos/2012/20120608,2012-02-18 13.33.20.jpg,2012-02-18 13:33:20,2012-02-18 13:33:20,-,832883,39.4494444444444,-76.0080555555556,3264x2448,-,SCH-I510,b4815773dbbd749ab22a01f4fd92ea4b
/Users/mac24/a/projects/fotos/keep/images/photos/2012/20120608,2012-04-12 17.47.38.jpg,2012-04-12 17:47:38,2012-04-12 17:47:38,-,1760654,39.1294444444444,-77.2233333333333,2560x1536,-,SCH-I510,4f83770aae8b1e323a6b0b8da0efa0dd
/Users/mac24/a/projects/fotos/keep/images/photos/2012/20120608,2012-05-19 19.41.03.jpg,2012-05-19 19:41:03,2012-05-19 19:41:03,-,1423091,38.8727777777778,-77.0080555555556,2560x1536,-,SCH-I510,fb4fa62827c540fc1d4f5a8b656a7cf0
/Users/mac24/a/projects/fotos/keep/images/photos/2012/20120608,2012-05-19 19.45.31.jpg,2012-05-19 19:45:31,2012-05-19 19:45:31,-,1372776,38.8727777777778,-77.0080555555556,2560x1536,-,SCH-I510,018ec29b18b79f3f399e2b95e51495fc
/Users/mac24/a/projects/fotos/keep/images/photos/2012/20120608,2012-05-19 19.46.13.jpg,2012-05-19 19:46:13,2012-05-19 19:46:13,-,969282,38.8727777777778,-77.0080555555556,2560x1536,-,SCH-I510,56d18b20d8274403bcaf6c774dec7c31
/Users/mac24/a/projects/fotos/keep/images/photos/2012/20120608,2012-06-08 16.54.48.jpg,2012-06-08 16:54:48,2012-06-08 16:54:48,-,252970,39.5330555555556,-77.6011111111111,800x480,-,SCH-I510,e4239c8e86bdb5b89d937ce982f747af
/Users/mac24/a/projects/fotos/keep/images/photos/2012/20120608,2012-06-08 17.01.10.jpg,2012-06-08 17:01:10,2012-06-08 16:01:10,-,216365,39.5561111111111,-77.5686111111111,800x480,-,SCH-I510,0ff1f561b106a95e296deb9198f57be7
/Users/mac24/a/projects/fotos/keep/images/photos/2012/20120608,2012-06-08 17.02.04.jpg,2012-06-08 17:02:04,2012-06-08 15:02:04,-,259469,39.5561111111111,-77.5686111111111,800x480,-,SCH-I510,9de030eadb01f2ef0557e534d18a981b
/Users/mac24/a/projects/fotos/keep/images/photos/2012/20120608,2012-06-08 17.06.28.jpg,2012-06-08 17:06:28,2012-06-08 16:06:28,-,238593,39.5561111111111,-77.5686111111111,800x480,-,SCH-I510,926a585211ea22f5d50c277f829be90d
/Users/mac24/a/projects/fotos/keep/images/photos/2012/20120608,2012-06-08 17.06.49.jpg,2012-06-08 17:06:49,2012-06-08 16:06:49,-,243644,39.5561111111111,-77.5686111111111,800x480,-,SCH-I510,9ef7c6a11fd6f717020345be7fcdb3ef
/Users/mac24/a/projects/fotos/keep/images/photos/2012/20120608,2012-06-08 17.06.53.jpg,2012-06-08 17:06:53,2012-06-08 16:06:53,-,260526,39.5561111111111,-77.5686111111111,800x480,-,SCH-I510,922fd1a0699fad5668883040e71d55df
/Users/mac24/a/projects/fotos/keep/images/photos/2012/20120608,20120608wedding11_edit.jpg,2012-06-08 17:02:04,2012-06-08 15:02:04,-,245810,39.5561111111111,-77.5686111111111,800x480,-,SCH-I510,ddec17af33689e49bf53464489508171
/Users/mac24/a/projects/fotos/keep/images/photos/2012/20120608,20120608wedding12_edit.jpg,2012-06-08 17:01:10,2012-06-08 16:01:10,-,180841,39.5561111111111,-77.5686111111111,737x480,-,SCH-I510,76080a5692c9fa2aa9c64f977d2c68b2
/Users/mac24/a/projects/fotos/keep/images/photos/2012/20120608,20120608wedding13_edit.jpg,2012-06-08 17:06:53,2012-06-08 16:06:53,-,246794,39.5561111111111,-77.5686111111111,800x480,-,SCH-I510,3afd74103fe62344fee28f38f888d973
/Users/mac24/a/projects/fotos/keep/images/photos/2012/20120608,20120608Wedding1edited.jpg,2012-06-08 16:54:55,2012-06-08 15:54:55,-,239101,39.5327777777778,-77.6011111111111,800x480,-,SCH-I510,93b15328706b8dfb7bef8b19191db56e
/Users/mac24/a/projects/fotos/keep/images/photos/2012/20120608,20120608Wedding2_edited.jpg,2012-06-08 16:56:14,2012-06-08 15:56:14,-,189096,39.5561111111111,-77.5686111111111,422x738,-,SCH-I510,06f080511cf1291f59c81e0b57c6ca63
/Users/mac24/a/projects/fotos/keep/images/photos/2012/20120608,20120608Wedding3_edit.jpg,2012-06-08 17:00:39,2012-06-08 16:00:39,-,215353,39.5561111111111,-77.5686111111111,480x800,-,SCH-I510,87cae217acb01dd118fbae5c0f922b38
/Users/mac24/a/projects/fotos/keep/images/photos/2012/20120608,20120608Wedding4_edit.jpg,2012-06-08 17:06:28,2012-06-08 16:06:28,-,206665,39.5561111111111,-77.5686111111111,434x800,-,SCH-I510,f1311543cefb9373a639f6e5798b3479
/Users/mac24/a/projects/fotos/keep/images/photos/2012/20120608,20120608wedding5_edit.jpg,2012-06-08 17:06:49,2012-06-08 16:06:49,-,227695,39.5561111111111,-77.5686111111111,800x480,-,SCH-I510,272499c502bfbd65cb181d5e2a3398bb
/Users/mac24/a/projects/fotos/keep/images/photos/2012/20120608,20120608wedding6_edit.jpg,2012-06-08 17:09:38,2012-06-08 16:09:38,-,228868,39.5561111111111,-77.5686111111111,480x800,-,SCH-I510,b2c68d507e94b7719ce3ebba4bf9c21a
/Users/mac24/a/projects/fotos/keep/images/photos/2012/20120608,20120608weding9-edit.jpg,2012-06-08 16:56:04,2012-06-08 15:56:04,-,233729,39.5561111111111,-77.5686111111111,480x800,-,SCH-I510,bad579e33635af37684171daf6b9e652
/Users/mac24/a/projects/fotos/keep/images/photos/2012/20120828,2012-08-25 13.36.58.jpg,2012-08-25 13:36:58,2012-08-25 13:36:58,-,1604490,-,-,3264x2448,-,SCH-I510,7e8e223067d736585f48fe9bd8b9e437
/Users/mac24/a/projects/fotos/keep/images/photos/2012/20120828,2012-08-25 17.25.24.jpg,2012-08-25 17:25:24,2012-08-25 17:25:24,-,1650459,-,-,3264x2448,-,SCH-I510,d32b9a859c8247aee3b5d8c95f721ee0
/Users/mac24/a/projects/fotos/keep/images/photos/2012/20120828,2012-08-25 17.26.06.jpg,2012-08-25 17:26:06,2012-08-25 17:26:06,-,1616685,-,-,3264x2448,-,SCH-I510,43a0450eacf7db2958d1ec5d7f6450bb
/Users/mac24/a/projects/fotos/keep/images/photos/2012/20120828,2012-08-25 17.39.50.jpg,2012-08-25 17:39:50,2012-08-25 17:39:50,-,2593024,-,-,3264x2448,-,SCH-I510,a7b897f7fb969677fbfeca69dda29b81
/Users/mac24/a/projects/fotos/keep/images/photos/2012/20120828,2012-08-25 17.40.10.jpg,2012-08-25 17:40:10,2012-08-25 17:40:10,-,1564384,-,-,3264x2448,-,SCH-I510,fba4e806b58b0df01b358115bd27b04f
/Users/mac24/a/projects/fotos/keep/images/photos/2012/20120828,2012-08-25 17.40.14.jpg,2012-08-25 17:40:14,2012-08-25 17:40:14,-,1715577,-,-,3264x2448,-,SCH-I510,6a4efddb21f8ebdbf3c97d2836cd3016
/Users/mac24/a/projects/fotos/keep/images/photos/2012/20120828,2012-08-25 17.40.18.jpg,2012-08-25 17:40:17,2012-08-25 17:40:17,-,1441505,-,-,3264x2448,-,SCH-I510,7f30ae10b6fd284a0d8c5a7799be4d59
/Users/mac24/a/projects/fotos/keep/images/photos/2012/20120828,2012-08-25 18.00.27.jpg,2012-08-25 18:00:26,2012-08-25 18:00:26,-,2298041,-,-,3264x2448,-,SCH-I510,e96ea69d5d2aee1f7777a7b06f11ad97
/Users/mac24/a/projects/fotos/keep/images/photos/2012/20120828,2012-08-25 18.00.30.jpg,2012-08-25 18:00:29,2012-08-25 18:00:29,-,2319922,-,-,3264x2448,-,SCH-I510,59d4a3734ec20350e355d95a8cd0010e
/Users/mac24/a/projects/fotos/keep/images/photos/2012/20120828,2012-08-25 18.00.37.jpg,2012-08-25 18:00:37,2012-08-25 18:00:37,-,2042195,-,-,3264x2448,-,SCH-I510,59b2b6a3676b86d3aae997563298fd2f
/Users/mac24/a/projects/fotos/keep/images/photos/2013,2013-01-30 00.16.40.mov,2013-01-30 05:16:39,-,2.00 s,701274,-,-,1024x768,-,-,562f3b7755826d9289218da9f540cfdd
/Users/mac24/a/projects/fotos/keep/images/photos/2013,2013-02-01 12.11.28.jpg,2013-02-01 12:11:28,2013-02-01 12:11:28,-,1813245,39.1315,-77.2263333333333,2592x1936,-,iPad,e3d580c540b6d9472dbfc87d4c4d12cd
/Users/mac24/a/projects/fotos/keep/images/photos/2013,2013-03-06 12.02.16.jpg,-,-,-,783048,-,-,2592x1936,-,-,cbd3ab41cd4c645b95e6819874830ee0
/Users/mac24/a/projects/fotos/keep/images/photos/2013,2013-03-06 12.02.21.jpg,-,-,-,1075927,-,-,2552x1874,-,-,ad9dedf66c127f5c7fd9a8a2bcdecaf2
/Users/mac24/a/projects/fotos/keep/images/photos/2013,2013-03-08 22.36.34.mov,2013-03-09 03:35:45,-,0:00:47,122980363,39.1315,-77.2263,1920x1080,-,iPad,a77ff8faed54123bb9b884b50a0c7899
/Users/mac24/a/projects/fotos/keep/images/photos/2013,2013-07-26 19.03.27.mov,2013-07-26 23:03:02,-,20.32 s,54687328,39.1316,-77.2263,1920x1080,-,iPad,163f2ce59e1485fd4279434b85d27b21
/Users/mac24/a/projects/fotos/keep/images/photos/2013,2013-07-26 21.08.47.mov,2013-07-27 01:07:15,-,0:01:25,226440358,39.1316,-77.2262,1920x1080,-,iPad,88158f41afce102e8fdf39fa2c9f4d79
/Users/mac24/a/projects/fotos/keep/images/photos/2013,2013-08-17 10.12.22.jpg,2013-08-17 10:12:22,2013-08-17 10:12:22,-,1798604,42.824,-75.8958333333333,2592x1936,-,iPad,6e7b1bfb6b77e498868f9e6795871dc7
/Users/mac24/a/projects/fotos/keep/images/photos/2013,2013-12-05 19.45.22.jpg,2013-12-05 19:45:22,2013-12-05 19:45:22,-,2392505,39.1315027777778,-77.22625,2592x1936,iPad back camera 4.28mm f/2.4,iPad,6d08ba8ae3b8027c3728168ab65f1d69
/Users/mac24/a/projects/fotos/keep/images/photos/2013,2013-12-09 22.58.20.jpg,2013-12-09 22:58:20,2013-12-09 22:58:20,-,2246811,-,-,2592x1936,iPad back camera 4.28mm f/2.4,iPad,1f11c8df9851741aa7f152b74c9adb58
/Users/mac24/a/projects/fotos/keep/images/photos/2013,20130121pwv.jpg,2013-01-21 14:28:27,2013-01-21 14:28:27,-,410651,-,-,1565x1269,Unknown (2C 3C 9C 0E) 18-55mm,NIKON D5000,35cc5c776a49c6df502af14a2b99f3d1
/Users/mac24/a/projects/fotos/keep/images/photos/2013,20130126_122545.jpg,2013-01-26 12:25:45,2013-01-26 12:25:45,-,1296810,-,-,1424x4960,-,SCH-I535,2617a70986c4e1f22dc093b0235f0cc5
/Users/mac24/a/projects/fotos/keep/images/photos/2013,20130207_142446.jpg,2013-02-07 14:24:45,2013-02-07 14:24:45,-,1455120,-,-,2048x1536,-,SCH-I535,085436c5fbfcd49259363e81850779d6
/Users/mac24/a/projects/fotos/keep/images/photos/2013,20130409SpringFlowers.jpg,2013-04-09 15:13:21,2013-04-09 15:13:21,-,519536,-,-,1424x2144,Unknown (30 3C 92 0E) 55-200mm,NIKON D5000,f149c131803423b389c5cc530a9271a5
/Users/mac24/a/projects/fotos/keep/images/photos/2013,20130409SpringFlowers2.jpg,2013-04-09 15:15:50,2013-04-09 15:15:50,-,372194,-,-,1424x2144,Unknown (30 3C 92 0E) 55-200mm,NIKON D5000,13379624254e19d9dc75ee92dfb48a88
/Users/mac24/a/projects/fotos/keep/images/photos/2013/india,20130210_210725.jpg,2013-02-10 21:07:25,2013-02-10 21:07:25,-,590636,-,-,2048x1536,-,SCH-I535,a2e3ad04c27124a449e1fdc8046f5232
/Users/mac24/a/projects/fotos/keep/images/photos/2013/india,20130211_012547.jpg,2013-02-11 01:25:47,2013-02-11 01:25:47,-,1271211,-,-,2048x1536,-,SCH-I535,d50bbf14b8a3d6306c613a88c5b52be9
/Users/mac24/a/projects/fotos/keep/images/photos/2013/india,20130211_013430.jpg,2013-02-11 01:34:30,2013-02-11 01:34:30,-,541086,-,-,1536x2048,-,SCH-I535,1af336b3b383b2d29c30510e7f8c1200
/Users/mac24/a/projects/fotos/keep/images/photos/2013/india,20130211_014428.jpg,2013-02-11 01:44:28,2013-02-11 01:44:28,-,970218,-,-,2048x1536,-,SCH-I535,f3c7fb2c29971a03a456d604afd66861
/Users/mac24/a/projects/fotos/keep/images/photos/2013/india,20130211_032541.jpg,2013-02-11 03:25:41,2013-02-11 03:25:41,-,1337372,-,-,2048x1536,-,SCH-I535,66f640913ceb421cfbd88cba3626856c
/Users/mac24/a/projects/fotos/keep/images/photos/2013/india,20130211_050130.jpg,2013-02-11 05:01:30,2013-02-11 05:01:30,-,928414,-,-,2048x1536,-,SCH-I535,0d10eab90ccb64179eb83ffc93ccdced
/Users/mac24/a/projects/fotos/keep/images/photos/2013/india,20130211_055224.jpg,2013-02-11 05:52:24,2013-02-11 05:52:24,-,1291191,-,-,2048x1536,-,SCH-I535,3b98a3a8c698ea5b1b5910a541d9d6db
/Users/mac24/a/projects/fotos/keep/images/photos/2013/india,20130212_091746.jpg,2013-02-12 09:17:46,2013-02-12 09:17:46,-,1610806,-,-,2048x1536,-,SCH-I535,161470464b55101e78b82d80b457e302
/Users/mac24/a/projects/fotos/keep/images/photos/2013/india,20130212_092023.jpg,2013-02-12 09:20:22,2013-02-12 09:20:22,-,1020943,-,-,2048x1536,-,SCH-I535,22751d4e458f9d59de8f594e5a0d6251
/Users/mac24/a/projects/fotos/keep/images/photos/2013/india,20130212_095214.jpg,2013-02-12 09:52:14,2013-02-12 09:52:14,-,1050813,-,-,2048x1536,-,SCH-I535,9c3d21739d6d357894ac134a399e0708
/Users/mac24/a/projects/fotos/keep/images/photos/2013/india,20130212_230906.jpg,-,-,-,1219430,-,-,2048x1536,-,SCH-I535,058ae755da02a269c8f2f938d97a1efd
/Users/mac24/a/projects/fotos/keep/images/photos/2013/india,20130213_090232.jpg,2013-02-13 09:02:31,2013-02-13 09:02:31,-,1060309,-,-,2048x1536,-,SCH-I535,64d7a08b5b2eb50cc90446d262168ced
/Users/mac24/a/projects/fotos/keep/images/photos/2013/india,20130213_090249.jpg,2013-02-13 09:02:49,2013-02-13 09:02:49,-,1066267,-,-,2048x1536,-,SCH-I535,157c94573b9496d3d431326aeeb2734b
/Users/mac24/a/projects/fotos/keep/images/photos/2013/india,20130213_090327.jpg,2013-02-13 09:03:27,2013-02-13 09:03:27,-,926573,-,-,2048x1536,-,SCH-I535,2671821dfb03c269af4a6b890416e6a5
/Users/mac24/a/projects/fotos/keep/images/photos/2013/india,20130213_090409.jpg,2013-02-13 09:04:08,2013-02-13 09:04:08,-,901253,-,-,2048x1536,-,SCH-I535,636ed86652705bdf103059c489cd7461
/Users/mac24/a/projects/fotos/keep/images/photos/2013/india,20130213_090534.jpg,2013-02-13 09:05:34,2013-02-13 09:05:34,-,676398,-,-,2048x1536,-,SCH-I535,e03064176d263778cfcbfe14c65169c5
/Users/mac24/a/projects/fotos/keep/images/photos/2013/india,20130213_090543.jpg,2013-02-13 09:05:43,2013-02-13 09:05:43,-,950663,-,-,2048x1536,-,SCH-I535,2b23961670207eb5b234b7adfc6be604
/Users/mac24/a/projects/fotos/keep/images/photos/2013/india,20130213_090610.jpg,2013-02-13 09:06:10,2013-02-13 09:06:10,-,895837,-,-,2048x1536,-,SCH-I535,f4e9695c522d84eabf0f0830d1c82b1f
/Users/mac24/a/projects/fotos/keep/images/photos/2013/india,20130213_133228.jpg,2013-02-13 13:32:27,2013-02-13 13:32:27,-,1002598,-,-,2048x1536,-,SCH-I535,b06fa134e223e6596c38848677960f46
/Users/mac24/a/projects/fotos/keep/images/photos/2013/india,20130213_133316.jpg,2013-02-13 13:33:16,2013-02-13 13:33:16,-,929103,-,-,2048x1536,-,SCH-I535,773ad0c408f910fc581c1a27e7f4589a
/Users/mac24/a/projects/fotos/keep/images/photos/2013/india,20130213_133326.jpg,2013-02-13 13:33:26,2013-02-13 13:33:26,-,774785,-,-,2048x1536,-,SCH-I535,db9c5ecdd2aa3556faafee8f5e626d9e
/Users/mac24/a/projects/fotos/keep/images/photos/2013/india,20130213_133452.jpg,2013-02-13 13:34:52,2013-02-13 13:34:52,-,936225,-,-,2048x1536,-,SCH-I535,032a0797bc5a481f71c73c3f04e00eef
/Users/mac24/a/projects/fotos/keep/images/photos/2013/india,20130213_133708.jpg,2013-02-13 13:37:08,2013-02-13 13:37:08,-,910510,-,-,2048x1536,-,SCH-I535,dc574d0e50e7de2ac4ad07eb482b9b6b
/Users/mac24/a/projects/fotos/keep/images/photos/2013/india,20130213_133742.jpg,2013-02-13 13:37:42,2013-02-13 13:37:42,-,881142,-,-,2048x1536,-,SCH-I535,ab0b7d9467f6c10fe8a185d1d493bc94
/Users/mac24/a/projects/fotos/keep/images/photos/2013/india,20130213_134022.jpg,2013-02-13 13:40:22,2013-02-13 13:40:22,-,670958,-,-,2048x1536,-,SCH-I535,5f9e5333d4cb361e94192713b16aea0e
/Users/mac24/a/projects/fotos/keep/images/photos/2013/india,20130213_134712.jpg,2013-02-13 13:47:11,2013-02-13 13:47:11,-,773881,-,-,2048x1536,-,SCH-I535,ffd9d660673f690124d8d60c3d8e4b38
/Users/mac24/a/projects/fotos/keep/images/photos/2013/india,20130213_134820.jpg,2013-02-13 13:48:20,2013-02-13 13:48:20,-,776234,-,-,2048x1536,-,SCH-I535,d1d2d10e0d140dab583fe72c32b760f9
/Users/mac24/a/projects/fotos/keep/images/photos/2013/india,20130213_135029.jpg,2013-02-13 13:50:29,2013-02-13 13:50:29,-,637159,-,-,2048x1536,-,SCH-I535,56f4f317ec1e23f214f76b86193a6fa9
/Users/mac24/a/projects/fotos/keep/images/photos/2013/india,20130213_140157.jpg,2013-02-13 14:01:56,2013-02-13 14:01:56,-,1099295,-,-,2048x1536,-,SCH-I535,c35faf7215142732e1725f65714aa7e3
/Users/mac24/a/projects/fotos/keep/images/photos/2013/india,20130213_140200.jpg,2013-02-13 14:02:00,2013-02-13 14:02:00,-,718748,-,-,2048x1536,-,SCH-I535,2124c9647d227d6e8f6c607ce482ccb5
/Users/mac24/a/projects/fotos/keep/images/photos/2013/india,20130214_101827.jpg,2013-02-14 10:18:27,2013-02-14 10:18:27,-,665196,-,-,2048x1536,-,SCH-I535,63c179a4cf3057d5244784301d6db869
/Users/mac24/a/projects/fotos/keep/images/photos/2013/india,20130214_101835.jpg,2013-02-14 10:18:35,2013-02-14 10:18:35,-,1026274,-,-,2048x1536,-,SCH-I535,db0bfce6cd4ef4cfaaa9dc47afd3655b
/Users/mac24/a/projects/fotos/keep/images/photos/2013/india,20130214_102310.jpg,2013-02-14 10:23:10,2013-02-14 10:23:10,-,1188454,-,-,2048x1536,-,SCH-I535,6847158b8986e39dd73991b9d20fd463
/Users/mac24/a/projects/fotos/keep/images/photos/2013/india,20130214_130653.jpg,2013-02-14 13:06:53,2013-02-14 13:06:53,-,785520,-,-,2048x1536,-,SCH-I535,b7b70cb44ce552a3e630cd32bc9b1962
/Users/mac24/a/projects/fotos/keep/images/photos/2013/india,20130214_143431.jpg,2013-02-14 14:34:31,2013-02-14 14:34:31,-,1257928,-,-,2048x1536,-,SCH-I535,85de9e142bdd8b7c37427f91522d0af3
/Users/mac24/a/projects/fotos/keep/images/photos/2013/untitled folder,20130315_125434.jpg,2013-03-15 12:54:33,2013-03-15 12:54:33,-,379287,-,-,1280x720,-,SCH-I535,75d9b75681816348794760eb52e95e8e
/Users/mac24/a/projects/fotos/keep/images/photos/2013/untitled folder,20130323_182824.jpg,2013-03-23 18:28:24,2013-03-23 18:28:24,-,409605,-,-,1280x720,-,SCH-I535,50baa3a6d89c6c6abc0dfc37927412ce
/Users/mac24/a/projects/fotos/keep/images/photos/2013/untitled folder,20130414_184207.jpg,2013-04-14 18:42:06,2013-04-14 18:42:06,-,612889,-,-,1280x720,-,SCH-I535,4c9fa29286cb766a00ff5b12e0e94897
/Users/mac24/a/projects/fotos/keep/images/photos/2013/untitled folder,20130414_184851.jpg,2013-04-14 18:48:51,2013-04-14 18:48:51,-,435023,-,-,1280x720,-,SCH-I535,c890e13b6165ea916bbee7d3bbb8d01d
/Users/mac24/a/projects/fotos/keep/images/photos/2013/untitled folder,20130414_185001.jpg,2013-04-14 18:50:01,2013-04-14 18:50:01,-,603438,-,-,1280x720,-,SCH-I535,88d5f3d7880e15d95a4ed219a4629ee7
/Users/mac24/a/projects/fotos/keep/images/photos/2013/untitled folder,20130415_132050.jpg,2013-04-15 13:20:50,2013-04-15 13:20:50,-,1978654,-,-,2048x1536,-,SCH-I535,76f2004af0a1e8d643ecd2cf14a5519e
/Users/mac24/a/projects/fotos/keep/images/photos/2013/untitled folder,20130416_105447.jpg,2013-04-16 10:54:46,2013-04-16 10:54:46,-,1530236,-,-,2048x1536,-,SCH-I535,ad27ba4db4d7c49e74e0ebac05b84489
/Users/mac24/a/projects/fotos/keep/images/photos/2013/untitled folder,20130416_105540.jpg,2013-04-16 10:55:39,2013-04-16 10:55:39,-,1587682,-,-,2048x1536,-,SCH-I535,6f18da1d7db521ff88dcbb06a9a289d0
/Users/mac24/a/projects/fotos/keep/images/photos/2013/untitled folder,20130416_110057.jpg,2013-04-16 11:00:56,2013-04-16 11:00:56,-,1160007,-,-,2048x1536,-,SCH-I535,58760e9f7421f2a8bbcc1127f19497b5
/Users/mac24/a/projects/fotos/keep/images/photos/2013/untitled folder,20130416_123429.jpg,2013-04-16 12:34:29,2013-04-16 12:34:29,-,2107624,-,-,2048x1536,-,SCH-I535,76cbe4b3c8808ef51472a89407c546f0
/Users/mac24/a/projects/fotos/keep/images/photos/2013/untitled folder,20130418_165055.jpg,2013-04-18 16:50:54,2013-04-18 16:50:54,-,2056404,-,-,2048x1536,-,SCH-I535,e26bb1aa28a3dbc704bcd043dab9bb44
/Users/mac24/a/projects/fotos/keep/images/photos/2013/untitled folder,20130418_165140.jpg,2013-04-18 16:51:40,2013-04-18 16:51:40,-,2097422,-,-,2048x1536,-,SCH-I535,99450b0d1d78a4bf52856894f61a03e9
/Users/mac24/a/projects/fotos/keep/images/photos/2013/untitled folder,20130418_165216.jpg,2013-04-18 16:52:15,2013-04-18 16:52:15,-,1648928,-,-,2048x1536,-,SCH-I535,2faed9bb82cf3d2897d02d71d6ae00c9
/Users/mac24/a/projects/fotos/keep/images/photos/2013/untitled folder,20130421_154311.jpg,2013-04-21 15:43:11,2013-04-21 15:43:11,-,834624,-,-,2048x1536,-,SCH-I535,855ec0b87fb84e33cf5328a407b63bf0
/Users/mac24/a/projects/fotos/keep/images/photos/2013/untitled folder,20130422_185355.jpg,2013-04-22 18:53:55,2013-04-22 18:53:55,-,371035,-,-,1280x720,-,SCH-I535,fc34fc2b97b3c798044470442a006259
/Users/mac24/a/projects/fotos/keep/images/photos/2013/untitled folder,20130422_185432.jpg,2013-04-22 18:54:32,2013-04-22 18:54:32,-,378547,-,-,1280x720,-,SCH-I535,16a9f1e3be70915d8cdb6cc647f8f6e9
/Users/mac24/a/projects/fotos/keep/images/photos/2013/untitled folder,20130425_103632.jpg,2013-04-25 10:36:32,2013-04-25 10:36:32,-,626699,-,-,1280x720,-,SCH-I535,e7027803e43583bb22a9bcef2bf4a2f4
/Users/mac24/a/projects/fotos/keep/images/photos/2013/untitled folder,20130503_122855.jpg,2013-05-03 12:28:54,2013-05-03 12:28:54,-,723320,-,-,1280x720,-,SCH-I535,ea7607fdfe2ce86148b187bb853e8868
/Users/mac24/a/projects/fotos/keep/images/photos/2013/untitled folder,20130503_122930.jpg,2013-05-03 12:29:30,2013-05-03 12:29:30,-,721791,-,-,1280x720,-,SCH-I535,f2d93c07520defff660157286eb597e7
/Users/mac24/a/projects/fotos/keep/images/photos/2013/untitled folder,20130509_153021.jpg,2013-05-09 15:30:21,2013-05-09 15:30:21,-,536967,-,-,1280x720,-,SCH-I535,309d104d1428fea8b8afdc879f843525
/Users/mac24/a/projects/fotos/keep/images/photos/2013/untitled folder,20130514_125309.jpg,2013-05-14 12:53:09,2013-05-14 12:53:09,-,2148184,-,-,3264x1836,-,SCH-I535,d91c07b52c734f883ac439e77d1e395b
/Users/mac24/a/projects/fotos/keep/images/photos/2013/untitled folder,20130525_211845.jpg,2013-05-25 21:18:44,2013-05-25 21:18:44,-,1458297,-,-,3264x1836,-,SCH-I535,505b1e89620a8c1f1d0cc8f54b00c9f4
/Users/mac24/a/projects/fotos/keep/images/photos/2013/untitled folder,20130601_155129.jpg,-,-,-,484369,-,-,1280x720,-,SCH-I535,4b9ac3520201d46acb16880de34ae8e4
/Users/mac24/a/projects/fotos/keep/images/photos/2013/untitled folder,20130618_223533.jpg,2013-06-18 22:35:32,2013-06-18 22:35:32,-,2295964,-,-,1312x7552,-,SCH-I535,b2a911e36a33cbf7f52b1ec4d088de70
/Users/mac24/a/projects/fotos/keep/images/photos/2013/untitled folder,20130622_131040.jpg,2013-06-22 13:10:40,2013-06-22 13:10:40,-,437486,-,-,1280x720,-,SCH-I535,3bd3cea48790185be447589b40834696
/Users/mac24/a/projects/fotos/keep/images/photos/2013/untitled folder,20130622_132021.jpg,2013-06-22 13:20:21,2013-06-22 13:20:21,-,593304,-,-,1280x720,-,SCH-I535,7e9811a82b5f374b7439c637c2ffe13a
/Users/mac24/a/projects/fotos/keep/images/photos/2013/untitled folder,20130713_065350.jpg,2013-07-13 06:53:50,2013-07-13 06:53:50,-,642620,-,-,1280x720,-,SCH-I535,78adcb3325ee29e71f1282c7e86e6ea0
/Users/mac24/a/projects/fotos/keep/images/photos/2013/untitled folder,20130810_094641.mp4,2013-08-10 13:46:55,-,13.59 s,28821628,-,-,1920x1080,-,-,824c09ee3e5162af1a7871ca8c6a6a13
/Users/mac24/a/projects/fotos/keep/images/photos/2013/untitled folder,20130810_115650.jpg,2013-08-10 11:56:49,2013-08-10 11:56:49,-,1233757,-,-,3264x1836,-,SCH-I535,c86e8b416d4422340807a58725bb4ab3
/Users/mac24/a/projects/fotos/keep/images/photos/2013/untitled folder,20130810_115651.jpg,2013-08-10 11:56:50,2013-08-10 11:56:50,-,1212275,-,-,3264x1836,-,SCH-I535,f2992d39c37c03b5cd7f93a29a51f1c8
/Users/mac24/a/projects/fotos/keep/images/photos/2013/untitled folder,20130811_121113.jpg,2013-08-11 12:11:13,2013-08-11 12:11:13,-,681607,-,-,1280x720,-,SCH-I535,50adaf9968fb83010d40488a03102814
/Users/mac24/a/projects/fotos/keep/images/photos/2013/untitled folder,20130812_150657.jpg,2013-08-12 15:06:57,2013-08-12 15:06:57,-,432538,-,-,1280x720,-,SCH-I535,c8a8e7fc4d101967322c73704ee70351
/Users/mac24/a/projects/fotos/keep/images/photos/2013/untitled folder,20130812_150741(0).jpg,2013-08-12 15:07:41,2013-08-12 15:07:41,-,434652,-,-,1280x720,-,SCH-I535,a07d257e88ad6905f69e220201b52d09
/Users/mac24/a/projects/fotos/keep/images/photos/2013/untitled folder,20130812_150743.jpg,2013-08-12 15:07:43,2013-08-12 15:07:43,-,484351,-,-,1280x720,-,SCH-I535,5f5b25e045284ce661e943a06c035de9
/Users/mac24/a/projects/fotos/keep/images/photos/2013/untitled folder,20130812_153313.jpg,2013-08-12 15:33:13,2013-08-12 15:33:13,-,654699,-,-,1280x720,-,SCH-I535,a9503fb03c23a9052378dd38949eeb52
/Users/mac24/a/projects/fotos/keep/images/photos/2013/untitled folder,20130812_153317.mp4,2013-08-12 19:36:22,-,0:02:05,267106917,-,-,1920x1080,-,-,6bfe9a2caf664594fc6dfc6892b4a990
/Users/mac24/a/projects/fotos/keep/images/photos/2013/untitled folder,20130814_185416.jpg,2013-08-14 18:54:16,2013-08-14 18:54:16,-,461477,-,-,1280x720,-,SCH-I535,ad245bb9d1e22ea71fe00ffecd25c992
/Users/mac24/a/projects/fotos/keep/images/photos/2013/untitled folder,20130814_185517.jpg,2013-08-14 18:55:16,2013-08-14 18:55:16,-,514505,-,-,1280x720,-,SCH-I535,9ac91327c5f0f9a936b84218ee848f9b
/Users/mac24/a/projects/fotos/keep/images/photos/2013/untitled folder,20130814_185715.jpg,2013-08-14 18:57:15,2013-08-14 18:57:15,-,445872,-,-,1280x720,-,SCH-I535,1ee34317790e6d4b7898080375d469ac
/Users/mac24/a/projects/fotos/keep/images/photos/2013/untitled folder,20130816_162755.jpg,2013-08-16 16:27:55,2013-08-16 16:27:55,-,276723,-,-,1280x720,-,SCH-I535,d77f51b003cbe710b6a05bec0ddcb1e5
/Users/mac24/a/projects/fotos/keep/images/photos/2013/untitled folder,20130817_094649.jpg,2013-08-17 09:46:49,2013-08-17 09:46:49,-,323058,-,-,1280x720,-,SCH-I535,4d941f993131eba98d22d7e3ff337f70
/Users/mac24/a/projects/fotos/keep/images/photos/2013/untitled folder,20130817_123230.jpg,2013-08-17 12:32:30,2013-08-17 12:32:30,-,251380,-,-,1280x720,-,SCH-I535,9772b4abd05075db78ba96c4cca54701
/Users/mac24/a/projects/fotos/keep/images/photos/2013/untitled folder,20130828_200421.mp4,2013-08-29 00:20:14,-,0:15:40,2013869631,-,-,1920x1080,-,-,79e40fcb8f238dbf07363938408b3ca0
/Users/mac24/a/projects/fotos/keep/images/photos/2013/untitled folder,20130830_134333.jpg,2013-08-30 13:43:33,2013-08-30 13:43:33,-,398108,-,-,1280x720,-,SCH-I535,564bafa692fd10a678a8d83c222ea110
/Users/mac24/a/projects/fotos/keep/images/photos/2013/untitled folder,20130830_135951.jpg,2013-08-30 13:59:51,2013-08-30 13:59:51,-,437425,-,-,1280x720,-,SCH-I535,53a9c4036a4b31d3346e2d20d154a651
/Users/mac24/a/projects/fotos/keep/images/photos/2013/untitled folder,20130830_142153.jpg,2013-08-30 14:21:52,2013-08-30 14:21:52,-,341611,-,-,1280x720,-,SCH-I535,e0cdb458d3e19e70eb7b8f40484ee24b
/Users/mac24/a/projects/fotos/keep/images/photos/2013/untitled folder,20130830_142203.jpg,2013-08-30 14:22:03,2013-08-30 14:22:03,-,371636,-,-,1280x720,-,SCH-I535,ba21a6c7a56225c473e254238c7a6c2f
/Users/mac24/a/projects/fotos/keep/images/photos/2013/untitled folder,20130830_142222.jpg,2013-08-30 14:22:22,2013-08-30 14:22:22,-,369571,-,-,1280x720,-,SCH-I535,1af348871c7a00132e49e4c235630a23
/Users/mac24/a/projects/fotos/keep/images/photos/2013/untitled folder,20130830_142504.jpg,2013-08-30 14:25:04,2013-08-30 14:25:04,-,346643,-,-,1280x720,-,SCH-I535,4d0155d3392fda1cbcb41c195b6c2107
/Users/mac24/a/projects/fotos/keep/images/photos/2013/untitled folder,20130830_143033.jpg,2013-08-30 14:30:33,2013-08-30 14:30:33,-,308181,-,-,1280x720,-,SCH-I535,9e2e2b5c6551d71dd9e86b402c932678
/Users/mac24/a/projects/fotos/keep/images/photos/2013/untitled folder,20130830_143054.jpg,2013-08-30 14:30:53,2013-08-30 14:30:53,-,587158,-,-,1280x720,-,SCH-I535,86506ab5d948f8d15e147c3c34389e96
/Users/mac24/a/projects/fotos/keep/images/photos/2013/untitled folder,20130830_143225.jpg,2013-08-30 14:32:24,2013-08-30 14:32:24,-,543741,-,-,1280x720,-,SCH-I535,c99f7dcc7e5de2b79ef9a3c83d44ee31
/Users/mac24/a/projects/fotos/keep/images/photos/2013/untitled folder,20130831_151413.jpg,2013-08-31 15:14:12,2013-08-31 15:14:12,-,253531,-,-,1280x720,-,SCH-I535,09383583b257d351762a0970e422e360
/Users/mac24/a/projects/fotos/keep/images/photos/2013/untitled folder,20130831_151428.jpg,2013-08-31 15:14:27,2013-08-31 15:14:27,-,397534,-,-,1280x720,-,SCH-I535,76b7885624b6ce851a309db8773b2d62
/Users/mac24/a/projects/fotos/keep/images/photos/2013/untitled folder,20130831_151434.jpg,2013-08-31 15:14:34,2013-08-31 15:14:34,-,466283,-,-,1280x720,-,SCH-I535,ca8993b00510fc7a56ee14280f068577
/Users/mac24/a/projects/fotos/keep/images/photos/2013/untitled folder,20130831_161855.jpg,2013-08-31 16:18:55,2013-08-31 16:18:55,-,440055,-,-,1280x720,-,SCH-I535,96a3cb139845bbfa15071529ed8a15e2
/Users/mac24/a/projects/fotos/keep/images/photos/2013/untitled folder,20130831_161946.jpg,2013-08-31 16:19:46,2013-08-31 16:19:46,-,254016,-,-,1280x720,-,SCH-I535,5862674fe66ac0816c7b18fd199915d7
/Users/mac24/a/projects/fotos/keep/images/photos/2013/untitled folder,20130831_165259.jpg,2013-08-31 16:52:59,2013-08-31 16:52:59,-,598705,-,-,1280x720,-,SCH-I535,b2c073dc8218730d2dbeee9ea3101a3e
/Users/mac24/a/projects/fotos/keep/images/photos/2013/untitled folder,20130901_103630.jpg,2013-09-01 10:36:30,2013-09-01 10:36:30,-,254960,-,-,1280x720,-,SCH-I535,1448e97b69d5f7da723b29eca5480454
/Users/mac24/a/projects/fotos/keep/images/photos/2013/untitled folder,20130901_103657.jpg,2013-09-01 10:36:57,2013-09-01 10:36:57,-,327206,-,-,1280x720,-,SCH-I535,4375fa090d16bcff676f6f68f4e1c1b2
/Users/mac24/a/projects/fotos/keep/images/photos/2013/untitled folder,20130901_103839.jpg,2013-09-01 10:38:39,2013-09-01 10:38:39,-,257971,-,-,1280x720,-,SCH-I535,627e5f468d3aeb316cb08ee1fa150ab3
/Users/mac24/a/projects/fotos/keep/images/photos/2013/untitled folder,20130901_121821.jpg,2013-09-01 12:18:20,2013-09-01 12:18:20,-,408353,-,-,1280x720,-,SCH-I535,5f310ac55acefe458cee48e98bdff59a
/Users/mac24/a/projects/fotos/keep/images/photos/2013/untitled folder,video-2011-05-23-20-39-40.mp4,0000:00:00 00:00:00,-,25.07 s,10971199,-,-,720x480,-,-,6a8939e5b9854b19e8265c30a32716d3
/Users/mac24/a/projects/fotos/keep/images/photos/2013/untitled folder,video-2012-12-05-16-12-34.mp4,0000:00:00 00:00:00,-,29.46 s,12853889,-,-,720x480,-,-,624089ebfe38ed8915bd97dc4e1562fb
/Users/mac24/a/projects/fotos/keep/images/photos/2013/untitled folder,video-2012-12-30-19-31-49.mp4,0000:00:00 00:00:00,-,0:01:29,39150683,-,-,720x480,-,-,7863ff3d36d18fbb21634a60be801920
/Users/mac24/a/projects/fotos/keep/images/photos/2014/20140812,20140602_081429.jpg,2014-06-02 08:14:29,2014-06-02 08:14:29,-,83209,39.1376255555556,-77.2244697222222,640x480,-,SCH-I535,e64b4eafa29d6b5f4fc0762357934023
/Users/mac24/a/projects/fotos/keep/images/photos/2014/20140812,20140617_102708.jpg,2014-06-17 10:27:07,2014-06-17 10:27:07,-,415817,39.1084166666667,-77.1879538888889,1280x720,-,SCH-I535,d73b61eabed6b3271ec14c391a9195ff
/Users/mac24/a/projects/fotos/keep/images/photos/2014/20140812,20140617_102957.jpg,2014-06-17 10:29:57,2014-06-17 10:29:57,-,395704,39.1012069444444,-77.1832069444444,1280x720,-,SCH-I535,89bd97d10f935b0c56cb8e6e669414b8
/Users/mac24/a/projects/fotos/keep/images/photos/2014/20140812,20140617_224717.mp4,2014-06-18 02:47:25,-,6.44 s,12774207,39.1317,-77.2261,1920x1080,-,-,e22e74dcf1c6f5bb5ecf74a602bf32bc
/Users/mac24/a/projects/fotos/keep/images/photos/2014/20140812,20140723_005116.jpg,2014-07-23 00:51:16,2014-07-23 00:51:16,-,385641,-,-,1280x720,-,SCH-I535,82e81809e8620e1e54e77114183a4452
/Users/mac24/a/projects/fotos/keep/images/photos/2014/20140812,20140805_154946.jpg,2014-08-05 15:49:46,2014-08-05 15:49:46,-,126720,-,-,640x480,-,SCH-I535,2b436425fe419a573dcc5f45baaa61ec
/Users/mac24/a/projects/fotos/keep/images/photos/2014/20140812,20140806_120256.jpg,2014-08-06 12:02:56,2014-08-06 12:02:56,-,496879,-,-,1280x720,-,SCH-I535,b648e09087069c7bb1bf08e05cf5d809
/Users/mac24/a/projects/fotos/keep/images/photos/2014/20140812,20140806_120345.jpg,2014-08-06 12:03:45,2014-08-06 12:03:45,-,495008,-,-,1280x720,-,SCH-I535,d4749f84309cf4434113e783a39ac889
/Users/mac24/a/projects/fotos/keep/images/photos/2014/20140812,20140806_172857.jpg,2014-08-06 17:28:57,2014-08-06 17:28:57,-,279782,-,-,1280x720,-,SCH-I535,69c505874a3529ce273e9b0464344f4c
/Users/mac24/a/projects/fotos/keep/images/photos/2014/20140812,20140806_172911.jpg,2014-08-06 17:29:11,2014-08-06 17:29:11,-,320319,-,-,1280x720,-,SCH-I535,31828a6b84164527efadf6483e98de6a
/Users/mac24/a/projects/fotos/keep/images/photos/2014/20140812,20140806_172939.jpg,2014-08-06 17:29:39,2014-08-06 17:29:39,-,261988,-,-,1280x720,-,SCH-I535,50aa60c67ecef114bbb4d3641a75760d
/Users/mac24/a/projects/fotos/keep/images/photos/2014/20140812,20140806_173000.jpg,2014-08-06 17:30:00,2014-08-06 17:30:00,-,203711,-,-,1280x720,-,SCH-I535,3b45615d2dc2b790a4be69ac98535bcf
/Users/mac24/a/projects/fotos/keep/images/photos/2014/20140812,20140806_173005.jpg,2014-08-06 17:30:05,2014-08-06 17:30:05,-,181478,-,-,1280x720,-,SCH-I535,28c173c0d5780779aa262d11d2ee4db7
/Users/mac24/a/projects/fotos/keep/images/photos/2014/20140812,20140806_173022.jpg,2014-08-06 17:30:22,2014-08-06 17:30:22,-,177810,-,-,1280x720,-,SCH-I535,8367693be981c3a8a6d641bbf4f0dfc1
/Users/mac24/a/projects/fotos/keep/images/photos/2014/20140812,20140806_173105.jpg,2014-08-06 17:31:05,2014-08-06 17:31:05,-,174588,-,-,1280x720,-,SCH-I535,2c286f90204e1a3e2cab7846ce5b5ff8
/Users/mac24/a/projects/fotos/keep/images/photos/2014/20140812,20140806_173147.jpg,2014-08-06 17:31:47,2014-08-06 17:31:47,-,265485,-,-,1280x720,-,SCH-I535,b364622aa4ce52ab05c574ec44025dde
/Users/mac24/a/projects/fotos/keep/images/photos/2014/20140812,20140806_173342.jpg,2014-08-06 17:33:42,2014-08-06 17:33:42,-,100133,-,-,640x480,-,SCH-I535,f67efcf6a70f69c6be892d13c59a1a46
/Users/mac24/a/projects/fotos/keep/images/photos/2014/20140812,20140806_173646.jpg,2014-08-06 17:36:46,2014-08-06 17:36:46,-,379909,-,-,1280x720,-,SCH-I535,ccc4f393d876f6e3cb59888a1208856a
/Users/mac24/a/projects/fotos/keep/images/photos/2014/20140812,20140806_182745.jpg,2014-08-06 18:27:45,2014-08-06 18:27:45,-,342259,-,-,1280x720,-,SCH-I535,17c386df33c3d37f2f5af8d78ba89d93
/Users/mac24/a/projects/fotos/keep/images/photos/2014/20140812,20140806_182848.jpg,2014-08-06 18:28:48,2014-08-06 18:28:48,-,359881,-,-,1280x720,-,SCH-I535,63b3873b1edc649e9ae523385c92fa5c
/Users/mac24/a/projects/fotos/keep/images/photos/2014/20140812,20140806_StephWindmill.jpg,2014-08-06 17:29:39,2014-08-06 17:29:39,-,331297,-,-,1280x720,-,SCH-I535,ebd374d55f93fc0e480345831e0ddfa8
/Users/mac24/a/projects/fotos/keep/images/photos/2014/20140812,20140808_170654.jpg,2014-08-08 17:06:54,2014-08-08 17:06:54,-,416001,-,-,1280x720,-,SCH-I535,7b321470df8951b38b2f3f36cf4b1c1b
/Users/mac24/a/projects/fotos/keep/images/photos/2014/20140812,20140808_170801.jpg,2014-08-08 17:08:00,2014-08-08 17:08:00,-,847845,-,-,1280x720,-,SCH-I535,d53d5acafb47280ee892fd6dda3ac2e7
/Users/mac24/a/projects/fotos/keep/images/photos/2014/20140812,20140808_171005.jpg,2014-08-08 17:10:05,2014-08-08 17:10:05,-,534610,-,-,1280x720,-,SCH-I535,5689c2ff33f2db15c9a454a4745038bf
/Users/mac24/a/projects/fotos/keep/images/photos/2014/20140812,20140808_223717.jpg,2014-08-08 22:37:17,2014-08-08 22:37:17,-,163618,-,-,1280x720,-,SCH-I535,6f94fedfef6990474ca88b6bf9d140b3
/Users/mac24/a/projects/fotos/keep/images/photos/2014/20140812,20140809_142208.jpg,2014-08-09 14:22:08,2014-08-09 14:22:08,-,757095,-,-,1280x720,-,SCH-I535,3fc6f307b2c2258a4e364d5826734a1f
/Users/mac24/a/projects/fotos/keep/images/photos/2014/20140812,20140809_142215.jpg,2014-08-09 14:22:15,2014-08-09 14:22:15,-,510352,-,-,1280x720,-,SCH-I535,8d938feb1d5e4d6cf036329e6ef34b2a
/Users/mac24/a/projects/fotos/keep/images/photos/2014/20140812,20140809_142422.jpg,2014-08-09 14:24:21,2014-08-09 14:24:21,-,476108,-,-,1280x720,-,SCH-I535,c5140fcf8ac1bf0ae29fcf218d90bbe2
/Users/mac24/a/projects/fotos/keep/images/photos/2014/20140812,20140810_112306.jpg,2014-08-10 11:23:06,2014-08-10 11:23:06,-,143310,-,-,640x480,-,SCH-I535,e8bc00a976c45ae25586520a1d31ba32
/Users/mac24/a/projects/fotos/keep/images/photos/2014/emma,unnamed.jpg,-,-,-,28444,-,-,584x778,-,-,3fd61dc4c530d8c2aaddf990c680ae5e
/Users/mac24/a/projects/fotos/keep/images/photos/2015/20150826DeRuyterNY,Fog4095_4096_4097.jpg,2015-08-28 08:11:37,2015-08-28 08:11:37,-,1307993,-,-,3216x2136,Unknown (2C 3C 9C 0E) 18-55mm,NIKON D5000,9b7cd9c0b637950f07f333b5b9d82a8d
/Users/mac24/a/projects/fotos/keep/images/photos/2015/20150826DeRuyterNY,fog4107_4108_4109.jpg,2015-08-28 08:14:03,2015-08-28 08:14:03,-,1290848,-,-,3216x2136,Unknown (2C 3C 9C 0E) 18-55mm,NIKON D5000,84798e5ccc0f0672907bd7f823e302a6
/Users/mac24/a/projects/fotos/keep/images/photos/2016,20160206_233050.jpg,2016-02-06 23:30:50,2016-02-06 23:30:50,-,1355698,39.1316679166667,-77.2264559444444,5312x2988,-,LG-H811,9bdfffbb2ac402517465aae1d8db9d98
/Users/mac24/a/projects/fotos/keep/images/photos/2016,20160702_095051.jpg,2016-07-02 09:50:51,2016-07-02 09:50:51,-,2301167,42.8270697222222,-75.8993443333333,3984x2988,-,LG-H811,63638f76c1a4b1c538a492108e74304e
/Users/mac24/a/projects/fotos/keep/images/photos/2016,20160703_211917.jpg,2016-07-03 21:19:17,2016-07-03 21:19:17,-,1638519,43.0274004444444,-76.0800044444444,3984x2988,-,LG-H811,9aa14defa549198c03f8937b1e8718ca
/Users/mac24/a/projects/fotos/keep/images/photos/2016,20160705_094222.jpg,2016-07-05 09:42:22,2016-07-05 09:42:22,-,1327107,-,-,3984x2988,-,LG-H811,2a11785344d1f259b33e977ab29d802b
/Users/mac24/a/projects/fotos/keep/images/photos/2016,20160705_103507_HDR.jpg,2016-07-05 10:35:07,2016-07-05 10:35:07,-,2215165,-,-,3984x2988,-,LG-H811,cfd54ed909a292228890bfe5198a0b2a
/Users/mac24/a/projects/fotos/keep/images/photos/2016,20160705_105947_HDR.jpg,2016-07-05 10:59:47,2016-07-05 10:59:47,-,2059964,-,-,3984x2988,-,LG-H811,3077c97ebe466a9cd157bc4d6c3b6bd5
/Users/mac24/a/projects/fotos/keep/images/photos/2016,20160705_144330_HDR.jpg,2016-07-05 14:43:30,2016-07-05 14:43:30,-,2333494,42.82510775,-75.9010067777778,3984x2988,-,LG-H811,151d36e1d300404b97f9f1101ffcd36f
/Users/mac24/a/projects/fotos/keep/images/photos/2016,20160802_172608_HDR.jpg,2016-08-02 17:26:08,2016-08-02 17:26:08,-,2258713,42.5483426666667,-76.6004948888889,3984x2988,-,LG-H811,d955d4c30e67609fa6945949bc41ff45
/Users/mac24/a/projects/fotos/keep/images/photos/2016,20160802_173215_HDR.jpg,2016-08-02 17:32:14,2016-08-02 17:32:14,-,3313730,42.5482347777778,-76.6005047222222,3984x2988,-,LG-H811,c8e5d6ccdbc0a6ff58534e0ebb817f15
/Users/mac24/a/projects/fotos/keep/images/photos/2016,20160802_173239_HDR.jpg,2016-08-02 17:32:39,2016-08-02 17:32:39,-,2352690,42.5483197777778,-76.6005253611111,3984x2988,-,LG-H811,f0c178eedf00984fb48dd1dbe61ce095
/Users/mac24/a/projects/fotos/keep/images/photos/2016,20160802_173255_HDR.jpg,2016-08-02 17:32:55,2016-08-02 17:32:55,-,2704881,42.5483325,-76.6005283333333,3984x2988,-,LG-H811,0af94e31da435b8bae15aa55d58cb4dd
/Users/mac24/a/projects/fotos/keep/images/photos/2016,20160803_144907_Pano.jpg,2016-08-03 14:48:19,2016-08-03 14:48:19,-,3527332,-,-,9625x1662,-,LG-H811,ac939714a8adf6743a8a7889ba1f0f2d
/Users/mac24/a/projects/fotos/keep/images/photos/2016,20160803_151433_Dual.jpg,2016-08-03 15:14:33,2016-08-03 15:14:33,-,153772,42.8253027777778,-75.9012472222222,1280x720,-,LG-H811,9f652df94b0786bc8a7140bda817549a
/Users/mac24/a/projects/fotos/keep/images/photos/2016,20160805_070356_HDR.jpg,2016-08-05 07:03:56,2016-08-05 07:03:56,-,1925696,42.8252370277778,-75.9013380833333,3984x2988,-,LG-H811,d7adef6c0250c09257192dc3c41d7803
/Users/mac24/a/projects/fotos/keep/images/photos/2016,20160808_110339_HDR.jpg,2016-08-08 11:03:38,2016-08-08 11:03:38,-,2141538,-,-,3984x2988,-,LG-H811,26bdbdbc84fd2b36a27c177980a15a03
/Users/mac24/a/projects/fotos/keep/images/photos/2016,20160808_111050_HDR.jpg,2016-08-08 11:10:50,2016-08-08 11:10:50,-,1303319,-,-,3984x2988,-,LG-H811,6c23f6d4f83d950d198661018b74c7f4
/Users/mac24/a/projects/fotos/keep/images/photos/2016,20160809_100618_HDR.jpg,2016-08-09 10:06:18,2016-08-09 10:06:18,-,1930691,-,-,2774x3351,-,LG-H811,aa16943944313d86eb686da62393c238
/Users/mac24/a/projects/fotos/keep/images/photos/2016,20160809_101129_HDR.jpg,2016-08-09 10:11:29,2016-08-09 10:11:29,-,1813370,-,-,3984x2988,-,LG-H811,e8c3d80597f7edcca041feaf2c99aa71
/Users/mac24/a/projects/fotos/keep/images/photos/2016,20160809_101324_HDR.jpg,2016-08-09 10:13:24,2016-08-09 10:13:24,-,1689822,-,-,3984x2988,-,LG-H811,86eb1022fe447663643063941e04e3d2
/Users/mac24/a/projects/fotos/keep/images/photos/2016,20160810_170237.jpg,2016-08-10 17:02:37,2016-08-10 17:02:37,-,822792,42.8252290555556,-75.9013126666667,3264x1836,-,LG-H811,4beaebd3a23ea32bfaaa5a730cd643af
/Users/mac24/a/projects/fotos/keep/images/photos/2016,20160811_070413_HDR.jpg,2016-08-11 07:04:13,2016-08-11 07:04:13,-,2887669,42.8252348611111,-75.9011432222222,3984x2988,-,LG-H811,4277b29312a2ea88424b25b2d808bf07
/Users/mac24/a/projects/fotos/keep/images/photos/2016,20160817_211342_HDR.jpg,2016-08-17 21:13:42,2016-08-17 21:13:42,-,763960,39.1317165833333,-77.2263807777778,2989x2042,-,LG-H811,073e1acca06b39feb0c11d3dd153bd83
/Users/mac24/a/projects/fotos/keep/images/photos/2016,20160819_175916_HDR.jpg,2016-08-19 17:59:16,2016-08-19 17:59:16,-,822916,39.1316237222222,-77.2263658888889,1789x3583,-,LG-H811,36581d6d15fdb4edef4cc60d3e5b1a75
/Users/mac24/a/projects/fotos/keep/images/photos/2016,20160822_104351_HDR.jpg,2016-08-22 10:43:51,2016-08-22 10:43:51,-,1449838,39.1317359444444,-77.2264616666667,3292x2664,-,LG-H811,fb944deefac43cb49960d6bb968be892
/Users/mac24/a/projects/fotos/keep/images/photos/2016,20160822_104609_HDR.jpg,2016-08-22 10:46:09,2016-08-22 10:46:09,-,825874,39.1318325277778,-77.22630975,1897x2646,-,LG-H811,8f8669351afc2bc23e864eef43193bfb
/Users/mac24/a/projects/fotos/keep/images/photos/2016,20160822_104937_HDR.jpg,2016-08-22 10:49:37,2016-08-22 10:49:37,-,1339784,39.1318081388889,-77.2263414166667,3574x2640,-,LG-H811,0f3d7fb2f8bb2c2d8ff02fdefb6314cd
/Users/mac24/a/projects/fotos/keep/images/photos/2016,20160822_105120_HDR.jpg,2016-08-22 10:51:20,2016-08-22 10:51:20,-,3066481,39.1316930833333,-77.2263696944444,3984x2988,-,LG-H811,fa923a46a50ce3815f70b8b07865f540
/Users/mac24/a/projects/fotos/keep/images/photos/2020/shed,2020-10-22 12.20.01.jpg,2020-10-22 12:20:01,2020-10-22 12:20:01,-,3072701,-,-,2736x1824,-,DSC-RX100M6,f62ba3647e11c38fe4f667ae679fcda2
/Users/mac24/a/projects/fotos/keep/images/photos/drawthis,12tmag-grifting-superJumbo.jpg,-,-,-,800067,-,-,2048x1535,-,-,feea793d1916589aec2bde05688ffb7e
/Users/mac24/a/projects/fotos/keep/images/photos/drawthis,5ee0df11aed73.jpg,-,1955-01-01 00:00:00,-,1092022,-,-,1500x1197,-,PerfectionV700,10e03769281d8132d621e0292acc9936
/Users/mac24/a/projects/fotos/keep/images/photos/drawthis,65255b26853399469dfd24e228af5285c748534a_2200.jpg,-,-,-,443745,-,-,2200x1466,-,-,7bc9ee7a5afcaa210d2323d48a3dd357
/Users/mac24/a/projects/fotos/keep/images/photos/drawthis,annaKarenena.png,-,-,-,2392731,-,-,1426x826,-,-,552e7c40e0cd6390de3ac299f13d6bf7
/Users/mac24/a/projects/fotos/keep/images/photos/drawthis,Baraka_Angelo_danceOnHughesAshes.jpg,-,-,-,644998,-,-,1999x1335,-,-,4f81aef6e2116c2f4d5879d91bf49171
/Users/mac24/a/projects/fotos/keep/images/photos/drawthis,BennyGoodman-MarthaTilton.jpg,-,-,-,92898,-,-,730x918,-,-,1f34c021a8c40441a2950a7e1e44128c
/Users/mac24/a/projects/fotos/keep/images/photos/drawthis,cats.png,-,-,-,1084247,-,-,752x892,-,-,d8f8a67808573d0e5bc44666f27ff3de
/Users/mac24/a/projects/fotos/keep/images/photos/drawthis,convictLake.png,-,-,-,3892494,-,-,1920x1080,-,-,a0a633b3b4864f720953d66f17a748ce
/Users/mac24/a/projects/fotos/keep/images/photos/drawthis,crdta-joel_damase-chaine_des_puys_2-auvergne-x85993.x49593.jpg,-,-,-,881845,-,-,2560x1703,-,-,f7a1646465e5d69fa20fc7c302ee5a56
/Users/mac24/a/projects/fotos/keep/images/photos/drawthis,dancer.png,-,-,-,719954,-,-,766x854,-,-,67c01fb6cab28660aa3ba525f22ce80d
/Users/mac24/a/projects/fotos/keep/images/photos/drawthis,DanceTwylaTharp.png,-,-,-,947664,-,-,1911x906,-,-,0891bec3c43c47dbf52844c8d3a73a89
/Users/mac24/a/projects/fotos/keep/images/photos/drawthis,eurpoa.png,-,-,-,1106729,-,-,1101x958,-,-,a03bfa08de09f8e87a0187850e481ccd
/Users/mac24/a/projects/fotos/keep/images/photos/drawthis,face.png,-,-,-,949469,-,-,1114x961,-,-,b35c9574552cc8e301574afbf1b7e021
/Users/mac24/a/projects/fotos/keep/images/photos/drawthis,getDownDance.jpg,2009-05-11 23:13:58,-,-,158112,-,-,500x325,-,-,d5f25165be51a3ca253dc65079be9ca6
/Users/mac24/a/projects/fotos/keep/images/photos/drawthis,girlLaughing.png,-,-,-,599592,-,-,789x446,-,-,60e2a7b193bcc3f8dfefaabc625b2688
/Users/mac24/a/projects/fotos/keep/images/photos/drawthis,girlsBeach.png,-,-,-,927462,-,-,1084x777,-,-,74fdb167a11b80e42f3f15faf433d365
/Users/mac24/a/projects/fotos/keep/images/photos/drawthis,jameslow1.png,-,-,-,1017009,-,-,1108x717,-,-,eb577c51389452403f782efaa54ec89e
/Users/mac24/a/projects/fotos/keep/images/photos/drawthis,Jelena_Ostapenko.png,-,-,-,1209208,-,-,1392x897,-,-,9ddf4284c1ced03d35972e2c3568907e
/Users/mac24/a/projects/fotos/keep/images/photos/drawthis,kidsatbeach.png,-,-,-,751462,-,-,805x805,-,-,b0447accf82a3f4238021141b30f0305
/Users/mac24/a/projects/fotos/keep/images/photos/drawthis,laughingLady.png,-,-,-,287386,-,-,803x400,-,-,7e275f98142d4a1a9295461d15648dfa
/Users/mac24/a/projects/fotos/keep/images/photos/drawthis,laurenWindsor.png,-,-,-,1335782,-,-,841x940,-,-,571c57e1d8bd95be5f094cc9305fb393
/Users/mac24/a/projects/fotos/keep/images/photos/drawthis,lindyhop.jpg,-,-,-,81120,-,-,423x600,-,-,3253d80d03e22927fab49d8fc8628369
/Users/mac24/a/projects/fotos/keep/images/photos/drawthis,lusai_harris.png,-,-,-,2118609,-,-,1460x1076,-,-,8fc09fb008b0741785291587e118a68c
/Users/mac24/a/projects/fotos/keep/images/photos/drawthis,margrretCourt.png,-,-,-,1350558,-,-,1178x946,-,-,d6ea7714f77cc57875e0fe783741c4fa
/Users/mac24/a/projects/fotos/keep/images/photos/drawthis,merlin_159465057_40496dd7-4323-4f18-b345-97ce3683d1e8-superJumbo.jpg,-,-,-,757231,-,-,2048x1638,-,-,930ac4bfa708f1d78d51617955dd36cf
/Users/mac24/a/projects/fotos/keep/images/photos/drawthis,metalRefection.png,-,-,-,2165166,-,-,1214x956,-,-,24467f75886f851e78202777f165925a
/Users/mac24/a/projects/fotos/keep/images/photos/drawthis,runner-and-tree.png,-,-,-,2366735,-,-,1831x1080,-,-,7379b3d40ac07618bc2a191f002946a9
/Users/mac24/a/projects/fotos/keep/images/photos/drawthis,runners3-and-tree.png,-,-,-,2864172,-,-,1920x1080,-,-,6ebd127a017fece6c0fa0cb37209bcfc
/Users/mac24/a/projects/fotos/keep/images/photos/drawthis,smilingMan.png,-,-,-,156072,-,-,527x364,-,-,9757c862d852f9fa377b23551b93d14a
/Users/mac24/a/projects/fotos/keep/images/photos/drawthis,susskin1.png,-,-,-,1209408,-,-,1579x902,-,-,b27e7e6b5dca9e6b031b0ed20aa544a8
/Users/mac24/a/projects/fotos/keep/images/photos/drawthis,susskin2.png,-,-,-,809940,-,-,1064x929,-,-,21cd223d74193a5370d200d3bb6bbb06
/Users/mac24/a/projects/fotos/keep/images/photos/drawthis,susskin3.png,-,-,-,721769,-,-,1046x891,-,-,930ff83a4702df82e6dba6453f0e1011
/Users/mac24/a/projects/fotos/keep/images/photos/drawthis,susskin4.png,-,-,-,684125,-,-,1046x799,-,-,e2307bf9a6eccef78bb5022418726070
/Users/mac24/a/projects/fotos/keep/images/photos/drawthis,tumblr_pqrx40Amlo1qz6f9yo3_1280.jpg,-,-,-,246263,-,-,715x1024,-,-,4ea81404bd7dd05d2bd7a5b1cfaca5fb
/Users/mac24/a/projects/fotos/keep/images/photos/drawthis,Untitled.png,-,-,-,1942433,-,-,1488x933,-,-,9e79b93b1003645545674730aa4ff3b2
/Users/mac24/a/projects/fotos/keep/images/photos/drawthis,WillaMaeRicker.jpg,-,-,-,85930,-,-,736x911,-,-,b8bd89e0de9a98e6e2c131b2a1107f64
/Users/mac24/a/projects/fotos/keep/images/photos/OldPhotos,1644-Kenyon-300dpi-1.jpg,2010-09-24 13:16:14,-,-,1353977,-,-,2277x2637,-,-,8cf0c147b7425a811405215aef3a0304
/Users/mac24/a/projects/fotos/keep/images/photos/OldPhotos,1644-Kenyon-300dpi-2.jpg,2010-09-24 13:18:30,-,-,1105482,-,-,2760x1907,-,-,89d1d0621bfdcd8eca0945ed2fb6a798
/Users/mac24/a/projects/fotos/keep/images/photos/OldPhotos,3111-Thayer-300dpi-1.jpg,2010-09-24 14:25:19,-,-,257315,-,-,864x1302,-,-,f4513b3bae05217bd7060d6c7e657f5f
/Users/mac24/a/projects/fotos/keep/images/photos/OldPhotos,3111-Thayer-300dpi-2.jpg,2010-09-24 14:21:23,-,-,306878,-,-,809x1302,-,-,580b41de4d27d5c24e3825919e072c3a
/Users/mac24/a/projects/fotos/keep/images/photos/OldPhotos,GRIMESFAMILY1954.jpg,2009-10-11 22:33:18,2001-08-24 11:59:50,-,1056896,-,-,1600x1097,-,HP PhotoSmart 618 (V1.10),2b684f9f625f832da564666eadb331c2
/Users/mac24/a/projects/fotos/keep/images/photos/Originals1967-1990,0161088-R1-E001.jpg,-,-,-,937485,-,-,1110x1700,-,-,64bfe050d0b701d90bc3c1928208d5e9
/Users/mac24/a/projects/fotos/keep/images/photos/Originals1967-1990,0161088-R1-E002.jpg,-,-,-,643068,-,-,1700x1110,-,-,e1e3c56159c01ac323d62b9eeffbacc5
/Users/mac24/a/projects/fotos/keep/images/photos/Originals1967-1990,0161088-R1-E003.jpg,-,-,-,902132,-,-,1700x1110,-,-,f5917b18760e3648d8b412c569f42f8f
/Users/mac24/a/projects/fotos/keep/images/photos/Originals1967-1990,0161088-R1-E004.jpg,-,-,-,1134385,-,-,1700x1110,-,-,742af46f3f22dbf44e1f4b3e2e2a5d07
/Users/mac24/a/projects/fotos/keep/images/photos/Originals1967-1990,0161088-R1-E005.jpg,-,-,-,1276786,-,-,1700x1110,-,-,a32cbb5f64eaa2b03a26e66ecb71f7d0
/Users/mac24/a/projects/fotos/keep/images/photos/Originals1967-1990,0161088-R1-E006.jpg,-,-,-,959868,-,-,1700x1110,-,-,7ed977b7de7339e7f207b7298bd10f1f
/Users/mac24/a/projects/fotos/keep/images/photos/Originals1967-1990,0161088-R1-E007.jpg,-,-,-,1397285,-,-,1700x1110,-,-,2fa958fe836c0ce3879ae08502e56643
/Users/mac24/a/projects/fotos/keep/images/photos/Originals1967-1990,0161088-R1-E008.jpg,-,-,-,1171724,-,-,1700x1110,-,-,8adbbdd81f07beb6885baca565ddbb09
/Users/mac24/a/projects/fotos/keep/images/photos/Originals1967-1990,0161088-R1-E009.jpg,-,-,-,1199066,-,-,1700x1110,-,-,a4cfc82fcf58b74171585f889c53542b
/Users/mac24/a/projects/fotos/keep/images/photos/Originals1967-1990,0161088-R1-E010.jpg,-,-,-,842606,-,-,1700x1110,-,-,8c2993a49f20aca3e90ed8e583b5e29d
/Users/mac24/a/projects/fotos/keep/images/photos/Originals1967-1990,0161088-R1-E011.jpg,-,-,-,965307,-,-,1700x1110,-,-,73dd165df6edc2d7eeecb1481008c2e3
/Users/mac24/a/projects/fotos/keep/images/photos/Originals1967-1990,0161088-R1-E012.jpg,-,-,-,870105,-,-,1700x1110,-,-,ab021f39e0dcbf8352f3e634a7dde9b5
/Users/mac24/a/projects/fotos/keep/images/photos/Originals1967-1990,0161088-R1-E013.jpg,-,-,-,1095050,-,-,1700x1110,-,-,ccdf8779530ac6f20f9a6b29172ee78b
/Users/mac24/a/projects/fotos/keep/images/photos/Originals1967-1990,0161088-R1-E014.jpg,-,-,-,820171,-,-,1110x1700,-,-,d8039919ef0a0518222c8641211f7df5
/Users/mac24/a/projects/fotos/keep/images/photos/Originals1967-1990,0161088-R1-E015.jpg,-,-,-,867360,-,-,1700x1110,-,-,122727fe432252cd9e09f059735550a8
/Users/mac24/a/projects/fotos/keep/images/photos/Originals1967-1990,0161088-R1-E016.jpg,-,-,-,971828,-,-,1700x1110,-,-,b43c42dfc6e95546877c6bcaf4c2018b
/Users/mac24/a/projects/fotos/keep/images/photos/Originals1967-1990,0161088-R1-E017.jpg,-,-,-,1064257,-,-,1110x1700,-,-,de3fd7b0f07bfd32503410cb4d8a976c
/Users/mac24/a/projects/fotos/keep/images/photos/Originals1967-1990,0161088-R1-E018.jpg,-,-,-,1053981,-,-,1700x1110,-,-,acdf6997834f889078f43113430ac0b9
/Users/mac24/a/projects/fotos/keep/images/photos/Originals1967-1990,0161088-R1-E019.jpg,-,-,-,1008412,-,-,1700x1110,-,-,33087ee7245925e758d479db9bb466b3
/Users/mac24/a/projects/fotos/keep/images/photos/Originals1967-1990,0161088-R1-E020.jpg,-,-,-,1012551,-,-,1700x1110,-,-,2ea2c7ab4e19d8da625e056aba125592
/Users/mac24/a/projects/fotos/keep/images/photos/Originals1967-1990,0161088-R1-E021.jpg,-,-,-,975503,-,-,1700x1110,-,-,f063bc9022361cc402b3fea18ac19fdb
/Users/mac24/a/projects/fotos/keep/images/photos/Originals1967-1990,0161088-R1-E022.jpg,-,-,-,907313,-,-,1700x1110,-,-,0035e4b14a906ee0844240787d43bccf
/Users/mac24/a/projects/fotos/keep/images/photos/Originals1967-1990,0161088-R1-E023.jpg,-,-,-,673016,-,-,1700x1110,-,-,db02ddd0bc85f3c0fc4edc1fa708419f
/Users/mac24/a/projects/fotos/keep/images/photos/Originals1967-1990,0161088-R1-E024.jpg,-,-,-,731628,-,-,1700x1110,-,-,3c71eff9aeb0dc75fa2387e8920bdf7e
/Users/mac24/a/projects/fotos/keep/images/photos/Originals1967-1990,0161088-R1-E025.jpg,-,-,-,1212078,-,-,1110x1700,-,-,140ee53524a0993a0a37d817b2bde209
/Users/mac24/a/projects/fotos/keep/images/photos/Originals1967-1990,0161088-R1-E026.jpg,-,-,-,675516,-,-,1700x1110,-,-,4eb670e161a2293b585b5f95f2211948
/Users/mac24/a/projects/fotos/keep/images/photos/Originals1967-1990,0161088-R1-E027.jpg,-,-,-,984753,-,-,1110x1700,-,-,fbb8323d7b9e0512e6046c2ebbc3a542
/Users/mac24/a/projects/fotos/keep/images/photos/Originals1967-1990,0161088-R2-E028.jpg,-,-,-,1280826,-,-,1700x1110,-,-,0a1ce2119d5314cd33c44bb28d8c05fa
/Users/mac24/a/projects/fotos/keep/images/photos/Originals1967-1990,0161088-R2-E029.jpg,-,-,-,1050218,-,-,1700x1110,-,-,926fef90dfd35fbef4e338c17494136f
/Users/mac24/a/projects/fotos/keep/images/photos/Originals1967-1990,0161088-R2-E030.jpg,-,-,-,1184335,-,-,1700x1110,-,-,7295f6573fa1c163146c234f92b92e1a
/Users/mac24/a/projects/fotos/keep/images/photos/Originals1967-1990,0161088-R2-E031.jpg,-,-,-,914780,-,-,1700x1110,-,-,b7772ddd50d79a8c3e964d3cbe52b4b1
/Users/mac24/a/projects/fotos/keep/images/photos/Originals1967-1990,0161088-R2-E032.jpg,-,-,-,1027133,-,-,1110x1700,-,-,0092ceebe04cca721035ce130bd05610
/Users/mac24/a/projects/fotos/keep/images/photos/Originals1967-1990,0161088-R2-E033.jpg,-,-,-,798403,-,-,1700x1110,-,-,7c4145f7eb582b10994567fc640d87ae
/Users/mac24/a/projects/fotos/keep/images/photos/Originals1967-1990,0161088-R2-E034.jpg,-,-,-,769810,-,-,1700x1110,-,-,e2fd616fd356a86bd4cb546658ef4521
/Users/mac24/a/projects/fotos/keep/images/photos/Originals1967-1990,0161088-R2-E035.jpg,-,-,-,1131073,-,-,1700x1110,-,-,fcb5334ec928d0ac368b769fb7d6e39b
/Users/mac24/a/projects/fotos/keep/images/photos/Originals1967-1990,0161088-R2-E036.jpg,-,-,-,1153640,-,-,1110x1700,-,-,7de62c2c24184758314b7f9896dec68b
/Users/mac24/a/projects/fotos/keep/images/photos/Originals1967-1990,0161088-R2-E037.jpg,-,-,-,1088197,-,-,1700x1110,-,-,55bb62256f2f89dcbe3892766a7c020e
/Users/mac24/a/projects/fotos/keep/images/photos/Originals1967-1990,0161088-R3-E038.jpg,-,-,-,1217538,-,-,1700x1110,-,-,d77786b824b8170c37e3daf86e62f8d4
/Users/mac24/a/projects/fotos/keep/images/photos/Originals1967-1990,0161088-R3-E039.jpg,-,-,-,1007482,-,-,1700x1110,-,-,a397048168876feae1799e5f478efd93
/Users/mac24/a/projects/fotos/keep/images/photos/Originals1967-1990,0161088-R3-E040.jpg,-,-,-,1064281,-,-,1700x1110,-,-,b87985527f314cc6b9f9dbb529ce6073
/Users/mac24/a/projects/fotos/keep/images/photos/Originals1967-1990,0161088-R3-E041.jpg,-,-,-,887617,-,-,1700x1110,-,-,4d9fc390cd50c7306daa9c316c5a7716
/Users/mac24/a/projects/fotos/keep/images/photos/Originals1967-1990,0161088-R3-E042.jpg,-,-,-,1341462,-,-,1110x1700,-,-,ec9fa98818d169d657512656afb27e38
/Users/mac24/a/projects/fotos/keep/images/photos/Originals1967-1990,0161088-R3-E043.jpg,-,-,-,1154955,-,-,1700x1110,-,-,efc127f1f90d4539df88cef7ba225102
/Users/mac24/a/projects/fotos/keep/images/photos/Originals1967-1990,0161088-R3-E044.jpg,-,-,-,1057848,-,-,1700x1110,-,-,59c1afbd6ef76b98fbad49b7f310b85a
/Users/mac24/a/projects/fotos/keep/images/photos/Originals1967-1990,0161088-R3-E045.jpg,-,-,-,994108,-,-,1110x1700,-,-,99a78a9696c764508f2e172a96753580
/Users/mac24/a/projects/fotos/keep/images/photos/Originals1967-1990,0161088-R3-E046.jpg,-,-,-,1001789,-,-,1700x1110,-,-,3c470f2d21bb059d7ec8bc4eb07f8fd8
/Users/mac24/a/projects/fotos/keep/images/photos/Originals1967-1990,0161088-R3-E047.jpg,-,-,-,1145356,-,-,1700x1110,-,-,a7ef8f6432358f099ad55c6603dfc138
/Users/mac24/a/projects/fotos/keep/images/photos/Originals1967-1990,0161088-R3-E048.jpg,-,-,-,1075895,-,-,1700x1110,-,-,57413ab8b2ee70283c8f8948405a75d2
/Users/mac24/a/projects/fotos/keep/images/photos/Originals1967-1990,0161088-R3-E049.jpg,-,-,-,1178985,-,-,1700x1110,-,-,62e37a884eaf022a00c9078b2054e17d
/Users/mac24/a/projects/fotos/keep/images/photos/Originals1967-1990,0161088-R3-E051.jpg,-,-,-,1305500,-,-,1700x1110,-,-,f98fb36c3f406cff5a7f3c93d1990279
/Users/mac24/a/projects/fotos/keep/images/photos/Originals1967-1990,0161088-R4-E052.jpg,-,-,-,1031311,-,-,1700x1110,-,-,022bad28fb02c47ec6e50f2da0749aa7
/Users/mac24/a/projects/fotos/keep/images/photos/Originals1967-1990,0161088-R4-E053.jpg,-,-,-,1205775,-,-,1700x1110,-,-,578e41801ad12824d004170fe8eb803b
/Users/mac24/a/projects/fotos/keep/images/photos/Originals1967-1990,0161088-R4-E054.jpg,-,-,-,1083675,-,-,1700x1110,-,-,d480d1b50d099edcf905bd65ffa12841
/Users/mac24/a/projects/fotos/keep/images/photos/Originals1967-1990,0161088-R4-E055.jpg,-,-,-,967093,-,-,1700x1110,-,-,c9e29d7641200cb1cd32a6c3959b3ca1
/Users/mac24/a/projects/fotos/keep/images/photos/Originals1967-1990,0161088-R4-E056.jpg,-,-,-,1303326,-,-,1700x1110,-,-,5c29be66ddafdaa6ab82fda7f931b879
/Users/mac24/a/projects/fotos/keep/images/photos/Originals1967-1990,0161088-R4-E057.jpg,-,-,-,1367079,-,-,1700x1110,-,-,fcbe6ec3dcc480bf790a5eec62557e55
/Users/mac24/a/projects/fotos/keep/images/photos/Originals1967-1990,0161088-R4-E058.jpg,-,-,-,1160121,-,-,1700x1110,-,-,40fc79b1eab239125da0cf6cb309e2b6
/Users/mac24/a/projects/fotos/keep/images/photos/Originals1967-1990,0161088-R4-E059.jpg,-,-,-,1300258,-,-,1110x1700,-,-,d5a9da3bd1a3a2f6de88dcda6e310432
/Users/mac24/a/projects/fotos/keep/images/photos/Originals1967-1990,0161088-R4-E060.jpg,-,-,-,1282618,-,-,1700x1110,-,-,2f6a09fbe437691b06d5df3f3037bdbd
/Users/mac24/a/projects/fotos/keep/images/photos/Originals1967-1990,0161088-R4-E061.jpg,-,-,-,1320407,-,-,1110x1700,-,-,9081530b4af94c14c54c3ce7097ca576
/Users/mac24/a/projects/fotos/keep/images/photos/Originals1967-1990,0161088-R4-E062.jpg,-,-,-,1084064,-,-,1700x1110,-,-,fc4ec29152e87a626eeb398b989dd153
/Users/mac24/a/projects/fotos/keep/images/photos/Originals1967-1990,0161088-R4-E063.jpg,-,-,-,1156135,-,-,1700x1110,-,-,a21bae95f3c6372a4f2f64cdcb749031
/Users/mac24/a/projects/fotos/keep/images/photos/Originals1967-1990,0161088-R4-E064.jpg,-,-,-,1247926,-,-,1700x1110,-,-,ab6f379b9ce71067c787f549e97e9a35
/Users/mac24/a/projects/fotos/keep/images/photos/Originals1967-1990,0161088-R4-E065.jpg,-,-,-,1154981,-,-,1700x1110,-,-,e4cc0416109ce772fb3750df8dcbdd71
/Users/mac24/a/projects/fotos/keep/images/photos/Originals1967-1990,0161088-R4-E066.jpg,-,-,-,1251662,-,-,1700x1110,-,-,b109833356b76d4a60f0d168bad05f0c
/Users/mac24/a/projects/fotos/keep/images/photos/Originals1967-1990,0161088-R4-E067.jpg,-,-,-,891531,-,-,1700x1110,-,-,ab440b1dce3cf0c547cfa815a930f402
/Users/mac24/a/projects/fotos/keep/images/photos/Originals1967-1990,0161088-R4-E068.jpg,-,-,-,974843,-,-,1700x1110,-,-,ba6ac0e51228df4aed4b7e83d3a5f3fe
/Users/mac24/a/projects/fotos/keep/images/photos/Originals1967-1990,0161088-R4-E069.jpg,-,-,-,1074508,-,-,1700x1110,-,-,4b47e46378c280f8d91b73e0d09022d2
/Users/mac24/a/projects/fotos/keep/images/photos/Originals1967-1990,0161088-R4-E070.jpg,-,-,-,1076236,-,-,1700x1110,-,-,8128d31f035d7bd04e6ad4030c9db180
/Users/mac24/a/projects/fotos/keep/images/photos/Originals1967-1990,0161088-R4-E071.jpg,-,-,-,999750,-,-,1110x1700,-,-,1d0000a0f421ee26c7d54686286c4c0a
/Users/mac24/a/projects/fotos/keep/images/photos/Originals1967-1990,0161088-R4-E072.jpg,-,-,-,1011732,-,-,1110x1700,-,-,829941d6b30bddbf18d43d7ba3cba17d
/Users/mac24/a/projects/fotos/keep/images/photos/Originals1967-1990,0161088-R4-E073.jpg,-,-,-,1015345,-,-,1110x1700,-,-,e5481dbeb970f2d1c2f5335899de64dd
/Users/mac24/a/projects/fotos/keep/images/photos/Originals1967-1990,0161088-R4-E074.jpg,-,-,-,996565,-,-,1700x1110,-,-,3d5138888fd8a09bb80704a7ee698a42
/Users/mac24/a/projects/fotos/keep/images/photos/Originals1967-1990,0161088-R4-E075.jpg,-,-,-,928515,-,-,1110x1700,-,-,9f90bd2afabdc26d86af817c4297fc3c
/Users/mac24/a/projects/fotos/keep/images/photos/Originals1967-1990,0161088-R4-E076.jpg,-,-,-,1210989,-,-,1700x1110,-,-,df5ec4d5dac2e6b997c6df68d97ce8d4
/Users/mac24/a/projects/fotos/keep/images/photos/Originals1967-1990,0161088-R4-E077.jpg,-,-,-,995659,-,-,1110x1700,-,-,b5e7650e0c885484674da8730edf2cb7
/Users/mac24/a/projects/fotos/keep/images/photos/Originals1967-1990,0161088-R4-E078.jpg,-,-,-,971785,-,-,1700x1110,-,-,8e30f00755d822ff3df0c38c5bbd8f09
/Users/mac24/a/projects/fotos/keep/images/photos/Originals1967-1990,0161088-R4-E079.jpg,-,-,-,877412,-,-,1700x1110,-,-,8b340fb62da3f9a98c78660c0459cb39
/Users/mac24/a/projects/fotos/keep/images/photos/Originals1967-1990,0161088-R4-E080.jpg,-,-,-,1347442,-,-,1700x1110,-,-,23376b84d4e1fe85cde0f8ffd34bbed4
/Users/mac24/a/projects/fotos/keep/images/photos/Originals1967-1990,0161088-R4-E081.jpg,-,-,-,1340882,-,-,1700x1110,-,-,85283f99e784f3f6bd30d71f405ef070
/Users/mac24/a/projects/fotos/keep/images/photos/Originals1967-1990,0161088-R4-E082.jpg,-,-,-,1109103,-,-,1110x1700,-,-,e071f9dcb4f51749cb9fd9d512ad14c2
/Users/mac24/a/projects/fotos/keep/images/photos/Originals1967-1990,0161088-R5-E083.jpg,-,-,-,976222,-,-,1700x1110,-,-,85fe2abe9f39c269bcf620868ea9e9f4
/Users/mac24/a/projects/fotos/keep/images/photos/Originals1967-1990,0161088-R5-E084.jpg,-,-,-,899288,-,-,1110x1700,-,-,a32774f46a8afc53424a389d8b549a65
/Users/mac24/a/projects/fotos/keep/images/photos/Originals1967-1990,0161088-R5-E085.jpg,-,-,-,954715,-,-,1110x1700,-,-,b29b22e34787d0a3db28a3b769e10615
/Users/mac24/a/projects/fotos/keep/images/photos/Originals1967-1990,0161088-R5-E086.jpg,-,-,-,1111204,-,-,1700x1110,-,-,a56462bb340fd87a3e7c7db6311dcc90
/Users/mac24/a/projects/fotos/keep/images/photos/Originals1967-1990,0161088-R5-E087.jpg,-,-,-,1126296,-,-,1110x1700,-,-,3cc44a3703e416442b27f0eebe84ea36
/Users/mac24/a/projects/fotos/keep/images/photos/Originals1967-1990,0161088-R5-E088.jpg,-,-,-,1133949,-,-,1110x1700,-,-,3c3c91290a218c0c7b7d34dcbd45003e
/Users/mac24/a/projects/fotos/keep/images/photos/Originals1967-1990,0161088-R5-E089.jpg,-,-,-,986822,-,-,1110x1700,-,-,af8d51eef8c115a214f317d164d73ba3
/Users/mac24/a/projects/fotos/keep/images/photos/Originals1967-1990,0161088-R5-E090.jpg,-,-,-,1120847,-,-,1110x1700,-,-,4ec2a3d8fa36aba462bea08baad87b5f
/Users/mac24/a/projects/fotos/keep/images/photos/Originals1967-1990,0161088-R5-E091.jpg,-,-,-,1049405,-,-,1700x1110,-,-,f46a37173fec2505612422c526e3284f
/Users/mac24/a/projects/fotos/keep/images/photos/Originals1967-1990,0161088-R5-E092.jpg,-,-,-,1043145,-,-,1110x1700,-,-,b7d06df40ada1a186eea3a4683fbab2b
/Users/mac24/a/projects/fotos/keep/images/photos/Originals1967-1990,0161088-R5-E093.jpg,-,-,-,1047856,-,-,1700x1110,-,-,34713a0af861940b27034895e6fd970a
/Users/mac24/a/projects/fotos/keep/images/photos/Originals1967-1990,0161088-R5-E094.jpg,-,-,-,1083783,-,-,1700x1110,-,-,db41223d44819613c427ae0e97681a53
/Users/mac24/a/projects/fotos/keep/images/photos/Originals1967-1990,0161088-R5-E095.jpg,-,-,-,1070815,-,-,1700x1110,-,-,21117ea0b3d1d0e38de2ed6d46bfde59
/Users/mac24/a/projects/fotos/keep/images/photos/Originals1967-1990,0161088-R5-E096.jpg,-,-,-,1045388,-,-,1700x1110,-,-,2c37c8a643ac38f590ee7c2df24a3d8f
/Users/mac24/a/projects/fotos/keep/images/photos/Originals1967-1990,0161088-R5-E097.jpg,-,-,-,1084698,-,-,1700x1110,-,-,d796d9ffff4c691289ccb98aaf944bb6
/Users/mac24/a/projects/fotos/keep/images/photos/Originals1967-1990,0161088-R5-E098.jpg,-,-,-,996075,-,-,1700x1110,-,-,e853a089b21685df8e910407be899c10
/Users/mac24/a/projects/fotos/keep/images/photos/Originals1967-1990,0161088-R5-E099.jpg,-,-,-,998274,-,-,1700x1110,-,-,81d450a4a77c92e0d4780ea795b54457
/Users/mac24/a/projects/fotos/keep/images/photos/Originals1967-1990,0161088-R5-E100.jpg,-,-,-,996098,-,-,1110x1700,-,-,c725abfe2031d088a60942494dc2ed0d
/Users/mac24/a/projects/fotos/keep/images/photos/Originals1967-1990,0161088-R5-E101.jpg,-,-,-,790798,-,-,1110x1700,-,-,6361e7944a889d644a30e4f46288751d
/Users/mac24/a/projects/fotos/keep/images/photos/Originals1967-1990,0161088-R5-E102.jpg,-,-,-,949685,-,-,1110x1700,-,-,656a069d227aa545fbe01a91de213ef7
/Users/mac24/a/projects/fotos/keep/images/photos/Originals1967-1990,0161088-R5-E103.jpg,-,-,-,734493,-,-,1110x1700,-,-,b3ce771a30a61d34343cea0de2184b3e
/Users/mac24/a/projects/fotos/keep/images/photos/Originals1967-1990,0161088-R5-E104.jpg,-,-,-,852170,-,-,1110x1700,-,-,3f996d7f0ec38b78d39a6c18e289a122
/Users/mac24/a/projects/fotos/keep/images/photos/Originals1967-1990,0161088-R5-E105.jpg,-,-,-,921986,-,-,1110x1700,-,-,6a1b4c1f7ceacb5e22c53e3d957522cd
/Users/mac24/a/projects/fotos/keep/images/photos/Originals1967-1990,0161088-R5-E106.jpg,-,-,-,986374,-,-,1110x1700,-,-,c7ea4f02800882679dfb27d67f04342f
/Users/mac24/a/projects/fotos/keep/images/photos/Originals1967-1990,0161088-R5-E107.jpg,-,-,-,907559,-,-,1110x1700,-,-,059f08d7e54c0284143a75e617559a65
/Users/mac24/a/projects/fotos/keep/images/photos/Originals1967-1990,0161088-R6-E108.jpg,-,-,-,1196884,-,-,1700x1110,-,-,ad64a354e92fa21cef4e154e61a94a05
/Users/mac24/a/projects/fotos/keep/images/photos/Originals1967-1990,0161088-R6-E109.jpg,-,-,-,1142107,-,-,1700x1110,-,-,85af9bcceb86d1b92dfcfded9f97b212
/Users/mac24/a/projects/fotos/keep/images/photos/Originals1967-1990,0161088-R6-E110.jpg,-,-,-,1178754,-,-,1700x1110,-,-,248dcb0c25cbdb5d8a8e1260d08176e5
/Users/mac24/a/projects/fotos/keep/images/photos/Originals1967-1990,0161088-R6-E111.jpg,-,-,-,1328414,-,-,1700x1110,-,-,4d7dce082993ad0a8bb61149562b5205
/Users/mac24/a/projects/fotos/keep/images/photos/Originals1967-1990,0161088-R6-E112.jpg,-,-,-,1129802,-,-,1110x1700,-,-,9aa884a2b49d452ed769edf917f4f620
/Users/mac24/a/projects/fotos/keep/images/photos/Originals1967-1990,0161088-R6-E113.jpg,-,-,-,1015676,-,-,1700x1110,-,-,78b9a9b56059bf28a191febe28be3443
/Users/mac24/a/projects/fotos/keep/images/photos/Originals1967-1990,0161088-R6-E114.jpg,-,-,-,1149690,-,-,1700x1110,-,-,dde4d7b93263fb7d3f84005218d24180
/Users/mac24/a/projects/fotos/keep/images/photos/Originals1967-1990,0161088-R6-E115.jpg,-,-,-,1158716,-,-,1700x1110,-,-,967fc84acfe4a56dc07650e72a83c552
/Users/mac24/a/projects/fotos/keep/images/photos/Originals1967-1990,0161088-R6-E116.jpg,-,-,-,1274890,-,-,1700x1110,-,-,c3b7304488ac71293736acf2cc7daa67
/Users/mac24/a/projects/fotos/keep/images/photos/Originals1967-1990,0161088-R6-E117.jpg,-,-,-,923916,-,-,1110x1700,-,-,cd33eef9758a2820aa9b68f12098ee22
/Users/mac24/a/projects/fotos/keep/images/photos/Originals1967-1990,0161088-R6-E118.jpg,-,-,-,1071596,-,-,1700x1110,-,-,a1512a30af8ca4538c7f18bc23af4e0f
/Users/mac24/a/projects/fotos/keep/images/photos/Originals1967-1990,0161088-R6-E119.jpg,-,-,-,1089264,-,-,1700x1110,-,-,10a3905dfc725a58a666ea51f7844b6a
/Users/mac24/a/projects/fotos/keep/images/photos/Originals1967-1990,0161088-R6-E120.jpg,-,-,-,1046715,-,-,1700x1110,-,-,22e5f133162c0be83a39089fbe87c40a
/Users/mac24/a/projects/fotos/keep/images/photos/Originals1967-1990,0161088-R6-E121.jpg,-,-,-,982439,-,-,1700x1110,-,-,0a05d687102a5fc33a579a8b05568c7f
/Users/mac24/a/projects/fotos/keep/images/photos/Originals1967-1990,0161088-R6-E122.jpg,-,-,-,1059782,-,-,1700x1110,-,-,65db5f4f6ca7367cbdbe560f1689ebc7
/Users/mac24/a/projects/fotos/keep/images/photos/Originals1967-1990,0161088-R6-E123.jpg,-,-,-,946660,-,-,1700x1110,-,-,25f4ec20b20af5153511ce1f4a764b03
/Users/mac24/a/projects/fotos/keep/images/photos/Originals1967-1990,0161088-R6-E124.jpg,-,-,-,967141,-,-,1700x1110,-,-,66ae07b99578a50841259996aed67892
/Users/mac24/a/projects/fotos/keep/images/photos/Originals1967-1990,0161088-R6-E125.jpg,-,-,-,1028427,-,-,1700x1110,-,-,0a449e77d5634b39703ef8216d302643
/Users/mac24/a/projects/fotos/keep/images/photos/Originals1967-1990,0161088-R6-E126.jpg,-,-,-,991432,-,-,1700x1110,-,-,91a97b3f26080f21e02fae2634f7fd14
/Users/mac24/a/projects/fotos/keep/images/photos/Originals1967-1990,0161088-R6-E127.jpg,-,-,-,1226789,-,-,1700x1110,-,-,44a2da0ca75dce22737cda56fe00f5ca
/Users/mac24/a/projects/fotos/keep/images/photos/Originals1967-1990,0161088-R6-E128.jpg,-,-,-,1254584,-,-,1700x1110,-,-,45b04792db43afb269593356a8265ea7
/Users/mac24/a/projects/fotos/keep/images/photos/Originals1967-1990,0161088-R6-E129.jpg,-,-,-,1001203,-,-,1700x1110,-,-,35a9b848923b17248fcb009deeabb88a
/Users/mac24/a/projects/fotos/keep/images/photos/Originals1967-1990,0161088-R6-E130.jpg,-,-,-,1010460,-,-,1700x1110,-,-,529094f323699a575176b61829ec7c3b
/Users/mac24/a/projects/fotos/keep/images/photos/Originals1967-1990,0161088-R6-E131.jpg,-,-,-,1024941,-,-,1700x1110,-,-,85fcd1cdb60aa92cb1259cd0bb0e1f5f
/Users/mac24/a/projects/fotos/keep/images/photos/Originals1967-1990,0161088-R6-E132.jpg,-,-,-,928211,-,-,1700x1110,-,-,5f877bf9ef0ae560412b26ec9ad9e72a
/Users/mac24/a/projects/fotos/keep/images/photos/Originals1967-1990,0161088-R6-E133.jpg,-,-,-,928074,-,-,1110x1700,-,-,ba726239d96a0f6b042066e45d570ae0
/Users/mac24/a/projects/fotos/keep/images/photos/Originals1967-1990,0161088-R6-E134.jpg,-,-,-,1006972,-,-,1110x1700,-,-,b665438377da696a6c4e197d93e14d68
/Users/mac24/a/projects/fotos/keep/images/photos/Originals1967-1990,0161088-R6-E135.jpg,-,-,-,1034281,-,-,1700x1110,-,-,321e73eb7f04fb248d3627b27f587612
/Users/mac24/a/projects/fotos/keep/images/photos/Originals1967-1990,0161088-R6-E136.jpg,-,-,-,1105418,-,-,1700x1110,-,-,a521a0ec04a6d6c593b23e8892ae2d90
/Users/mac24/a/projects/fotos/keep/images/photos/Originals1967-1990,0161088-R6-E137.jpg,-,-,-,1040133,-,-,1110x1700,-,-,8eb0b35639b3e69845f17cbce5b9fff1
/Users/mac24/a/projects/fotos/keep/images/photos/Originals1967-1990,0161088-R6-E138.jpg,-,-,-,1193601,-,-,1700x1110,-,-,16753054171e401ae4c48e899f21b7e7
/Users/mac24/a/projects/fotos/keep/images/photos/Originals1967-1990,0161088-R6-E139.jpg,-,-,-,1145279,-,-,1700x1110,-,-,1fbf024ffb308e286e3eb198c444ea19
/Users/mac24/a/projects/fotos/keep/images/photos/Originals1967-1990,0161088-R6-E140.jpg,-,-,-,1146338,-,-,1700x1110,-,-,bc1a0cd34175301a3217eb368888ad5b
/Users/mac24/a/projects/fotos/keep/images/photos/Originals1967-1990,0161088-R6-E141.jpg,-,-,-,1017028,-,-,1110x1700,-,-,fe3a9f5ebbf3cf6a7e513d68f89f143c
/Users/mac24/a/projects/fotos/keep/images/photos/Originals1967-1990,0161088-R6-E142.jpg,-,-,-,1117664,-,-,1110x1700,-,-,db8df8d26d8feea72d20a4eff256fe9d
/Users/mac24/a/projects/fotos/keep/images/photos/Originals1967-1990,0161088-R6-E143.jpg,-,-,-,1148948,-,-,1110x1700,-,-,68d0f68a2d3e37f73a9f6fe5dc7283ef
/Users/mac24/a/projects/fotos/keep/images/photos/Originals1967-1990,0161088-R6-E144.jpg,-,-,-,1178421,-,-,1700x1110,-,-,6e65a2c66ffd3f190e0cebf8ca92f673
/Users/mac24/a/projects/fotos/keep/images/photos/Originals1967-1990,0161088-R6-E145.jpg,-,-,-,1050634,-,-,1110x1700,-,-,fbbbac3223e8e3102b836c024c718e97
/Users/mac24/a/projects/fotos/keep/images/photos/Originals1967-1990,0161088-R6-E146.jpg,-,-,-,1143980,-,-,1110x1700,-,-,8c6f7fe79b21ea484c89eb950a8a6585
/Users/mac24/a/projects/fotos/keep/images/photos/Originals1967-1990,0161088-R6-E147.jpg,-,-,-,1039595,-,-,1700x1110,-,-,78877a00cc36723aa50b585445da06b0
/Users/mac24/a/projects/fotos/keep/images/photos/Originals1967-1990,0161088-R6-E148.jpg,-,-,-,1155896,-,-,1110x1700,-,-,6ca2b00334904201188180ab812815fe
/Users/mac24/a/projects/fotos/keep/images/photos/Originals1967-1990,0161088-R6-E149.jpg,-,-,-,1299998,-,-,1700x1110,-,-,8b2412fd188f88464c084107d209c1ce
/Users/mac24/a/projects/fotos/keep/images/photos/Originals1967-1990,0161088-R6-E150.jpg,-,-,-,1143401,-,-,1700x1110,-,-,4c17ea4e902f6b947eade0be4fa0a51c
/Users/mac24/a/projects/fotos/keep/images/photos/Originals1967-1990,0161088-R6-E151.jpg,-,-,-,1017936,-,-,1110x1700,-,-,9b64954f505b05d65e4367608fc45a27
/Users/mac24/a/projects/fotos/keep/images/photos/Originals1967-1990,0161088-R6-E152.jpg,-,-,-,1094893,-,-,1110x1700,-,-,4c3abdfb4cba4d0da3d9b4bb67c679e5
/Users/mac24/a/projects/fotos/keep/images/photos/Originals1967-1990,0161088-R6-E153.jpg,-,-,-,963294,-,-,1700x1110,-,-,dd4ef4b9d0e4f937fdfd5d4843b1094e
/Users/mac24/a/projects/fotos/keep/images/photos/Originals1967-1990,0161088-R6-E154.jpg,-,-,-,1006573,-,-,1700x1110,-,-,705bfb4cbc1bc319ff8dd8a4b0941530
/Users/mac24/a/projects/fotos/keep/images/photos/Originals1967-1990,0161088-R6-E155.jpg,-,-,-,864365,-,-,1700x1110,-,-,485bf1084f779d534e597a23019f9a29
/Users/mac24/a/projects/fotos/keep/images/photos/Originals1967-1990,0161088-R6-E156.jpg,-,-,-,1077502,-,-,1700x1110,-,-,db977eee499abdf76604f928efaca964
/Users/mac24/a/projects/fotos/keep/images/photos/Originals1967-1990,0161088-R6-E157.jpg,-,-,-,1064422,-,-,1110x1700,-,-,531fb8fb2272f679daad363ab6330712
/Users/mac24/a/projects/fotos/keep/images/photos/Originals1967-1990,0161088-R6-E158.jpg,-,-,-,1098019,-,-,1110x1700,-,-,4cf937f92464ab4c585bba34d13faad8
/Users/mac24/a/projects/fotos/keep/images/photos/Originals1967-1990,0161088-R6-E159.jpg,-,-,-,1171359,-,-,1700x1110,-,-,304cd842942b01564698f2faf2105184
/Users/mac24/a/projects/fotos/keep/images/photos/Originals1967-1990,0161088-R6-E160.jpg,-,-,-,1200337,-,-,1110x1700,-,-,860fef167a301254be918d335f53bad8
/Users/mac24/a/projects/fotos/keep/images/photos/Originals1967-1990,0161088-R6-E161.jpg,-,-,-,1122190,-,-,1110x1700,-,-,ea13e0c21e687ffd5a4a67be9653bdba
/Users/mac24/a/projects/fotos/keep/images/photos/Originals1967-1990,0161088-R6-E162.jpg,-,-,-,1168219,-,-,1110x1700,-,-,3efe0d892a5887cfcb4e219648dfb01a
/Users/mac24/a/projects/fotos/keep/images/photos/Originals1967-1990,0161088-R6-E163.jpg,-,-,-,1016483,-,-,1110x1700,-,-,9c56195af1b4881e3161b35b9ad78d2e
/Users/mac24/a/projects/fotos/keep/images/photos/Originals1967-1990,0161088-R6-E164.jpg,-,-,-,1116782,-,-,1110x1700,-,-,3db54c7393f8ffae362ff8b012742190
/Users/mac24/a/projects/fotos/keep/images/photos/Originals1967-1990,0161088-R6-E165.jpg,-,-,-,1160596,-,-,1700x1110,-,-,273d2b226e0c8b34d89763ad75d4a46e
/Users/mac24/a/projects/fotos/keep/images/photos/Originals1967-1990,0161088-R6-E166.jpg,-,-,-,1487546,-,-,1700x1110,-,-,3995d82cf8aec5ffbfdbedf60e2c64cc
/Users/mac24/a/projects/fotos/keep/images/photos/Originals1967-1990,0161088-R6-E167.jpg,-,-,-,1218273,-,-,1110x1700,-,-,fc4e716b3ee18c905dc8691733d60d96
/Users/mac24/a/projects/fotos/keep/images/photos/Originals1967-1990,0161088-R6-E168.jpg,-,-,-,1172213,-,-,1700x1110,-,-,8127a5deddc15bd01c66a8dac86067f9
/Users/mac24/a/projects/fotos/keep/images/photos/Originals1967-1990,0161088-R6-E169.jpg,-,-,-,1119683,-,-,1700x1110,-,-,71c08a5ba029de870efe9f45f4d1253b
/Users/mac24/a/projects/fotos/keep/images/photos/Originals1967-1990,0161088-R6-E170.jpg,-,-,-,1085912,-,-,1700x1110,-,-,a21202ebf4624cbe6e2dbbb1460b4178
/Users/mac24/a/projects/fotos/keep/images/photos/Originals1967-1990,0161088-R6-E171.jpg,-,-,-,924189,-,-,1110x1700,-,-,39c2394af5770ee1815f226277d15a47
/Users/mac24/a/projects/fotos/keep/images/photos/Originals1967-1990,0161088-R6-E172.jpg,-,-,-,1039474,-,-,1110x1700,-,-,dd4fa8d23c7628c92c12bc5cb7b0c9b3
/Users/mac24/a/projects/fotos/keep/images/photos/Originals1967-1990,0161088-R6-E173.jpg,-,-,-,1077495,-,-,1110x1700,-,-,a12fc326fc0b0d891ea72e33ed1ca5ad
/Users/mac24/a/projects/fotos/keep/images/photos/Originals1967-1990,0161088-R6-E174.jpg,-,-,-,1083155,-,-,1110x1700,-,-,3d839b08a2e10b6d78d934e9d1b56d9c
/Users/mac24/a/projects/fotos/keep/images/photos/Originals1967-1990,0161088-R6-E175.jpg,-,-,-,1128642,-,-,1110x1700,-,-,ef37688d791ca9318e4aef8d68bfebb9
/Users/mac24/a/projects/fotos/keep/images/photos/Originals1967-1990,0161088-R6-E176.jpg,-,-,-,1059617,-,-,1700x1110,-,-,923f26bcda83eb736f39dd135cee53f8
/Users/mac24/a/projects/fotos/keep/images/photos/Originals1967-1990,0161088-R6-E177.jpg,-,-,-,1156649,-,-,1110x1700,-,-,2a924dd58ce5d3d84cce91a4b6621d50
/Users/mac24/a/projects/fotos/keep/images/photos/Originals1967-1990,0161088-R6-E178.jpg,-,-,-,1134939,-,-,1700x1110,-,-,e916e4a55ea05cb95e6c3e1eb90fa5a9
/Users/mac24/a/projects/fotos/keep/images/photos/Originals1967-1990,0161088-R6-E179.jpg,-,-,-,1081052,-,-,1700x1110,-,-,86201e9ba782f122f444f40039d1c5b9
/Users/mac24/a/projects/fotos/keep/images/photos/Originals1967-1990,0161088-R6-E180.jpg,-,-,-,1048728,-,-,1110x1700,-,-,8c63fc77d9b70f70495b5f920f6aa42d
/Users/mac24/a/projects/fotos/keep/images/photos/Originals1967-1990,0161088-R6-E181.jpg,-,-,-,1125586,-,-,1700x1110,-,-,b4539000a044713f5794d0be57bda675
/Users/mac24/a/projects/fotos/keep/images/photos/Originals1967-1990,0161088-R6-E182.jpg,-,-,-,1051958,-,-,1700x1110,-,-,75f60563f29ed8cfe3963671d8ab3ff2
/Users/mac24/a/projects/fotos/keep/images/photos/Originals1967-1990,0161088-R6-E183.jpg,-,-,-,1140335,-,-,1110x1700,-,-,d2a2d2a3a9d00c76cdf58a152b1a5c63
/Users/mac24/a/projects/fotos/keep/images/photos/Originals1967-1990,0161088-R6-E184.jpg,-,-,-,1056820,-,-,1700x1110,-,-,c599d51133e50a17a5dfe13b1db50087
/Users/mac24/a/projects/fotos/keep/images/photos/Originals1967-1990,0161088-R6-E185.jpg,-,-,-,1022562,-,-,1700x1110,-,-,4dfbdfd438e842c0d4e0bdca71ad9c1f
/Users/mac24/a/projects/fotos/keep/images/photos/Originals1967-1990,0161088-R6-E186.jpg,-,-,-,1084519,-,-,1700x1110,-,-,90302efb6b2855dbe4f6b74f6fa68b7d
/Users/mac24/a/projects/fotos/keep/images/photos/Originals1967-1990,0161088-R6-E187.jpg,-,-,-,1093963,-,-,1700x1110,-,-,5a105012b34141dcff0da9321a53747d
/Users/mac24/a/projects/fotos/keep/images/photos/Originals1967-1990,0161088-R6-E188.jpg,-,-,-,1011081,-,-,1110x1700,-,-,2a25775a9324db0753d2d3bfd2e97dac
/Users/mac24/a/projects/fotos/keep/images/photos/Originals1967-1990,0161088-R6-E189.jpg,-,-,-,1084841,-,-,1110x1700,-,-,d32ba8cc5727e3bc687c4d9f3f4bdaed
/Users/mac24/a/projects/fotos/keep/images/photos/Originals1967-1990,0161088-R6-E190.jpg,-,-,-,1133042,-,-,1110x1700,-,-,e6d4e53d67a5501978ee4de70ea7f8e2
/Users/mac24/a/projects/fotos/keep/images/photos/Originals1967-1990,0161088-R6-E191.jpg,-,-,-,1143569,-,-,1110x1700,-,-,0f9ec58e95c137e396a11f5f3be33c31
/Users/mac24/a/projects/fotos/keep/images/photos/Originals1967-1990,0161088-R6-E192.jpg,-,-,-,1072410,-,-,1700x1110,-,-,f53ea8b5df002b2ad1d2118d8345910a
/Users/mac24/a/projects/fotos/keep/images/photos/Originals1967-1990,0161088-R6-E193.jpg,-,-,-,1153222,-,-,1110x1700,-,-,2de773e608dc202153f16160ea967222
/Users/mac24/a/projects/fotos/keep/images/photos/Originals1967-1990,0161088-R6-E194.jpg,-,-,-,1073938,-,-,1110x1700,-,-,aa89b0e6e29004a79edc19d31eaebb42
/Users/mac24/a/projects/fotos/keep/images/photos/Originals1967-1990,0161088-R6-E195.jpg,-,-,-,1068002,-,-,1110x1700,-,-,0a1bd209d0ed314fec0da9fde5aea843
/Users/mac24/a/projects/fotos/keep/images/photos/Originals1967-1990,0161088-R6-E196.jpg,-,-,-,943111,-,-,1700x1110,-,-,2b46ed38b38e1417f2f0aa95bafc9086
/Users/mac24/a/projects/fotos/keep/images/photos/Originals1967-1990,0161088-R6-E197.jpg,-,-,-,1109717,-,-,1110x1700,-,-,dbda97181bf3012094cc9b38838fb7b2
/Users/mac24/a/projects/fotos/keep/images/photos/Originals1967-1990,0161088-R6-E198.jpg,-,-,-,1134980,-,-,1700x1110,-,-,35e7e45ad5858fb65bee2f8a81dce831
/Users/mac24/a/projects/fotos/keep/images/photos/Originals1967-1990,0161088-R6-E199.jpg,-,-,-,1160208,-,-,1700x1110,-,-,f6f30d04e375a01e3d46ca3a4c83d55b
/Users/mac24/a/projects/fotos/keep/images/photos/Originals1967-1990,0161088-R6-E200.jpg,-,-,-,966299,-,-,1700x1110,-,-,89a40a8e94bb446c4c11db391c8e511a
/Users/mac24/a/projects/fotos/keep/images/photos/Originals1967-1990,0161088-R6-E201.jpg,-,-,-,1124650,-,-,1700x1110,-,-,4c87f6801897c2eedc359b42fdefa8b4
/Users/mac24/a/projects/fotos/keep/images/photos/Originals1967-1990,0161088-R6-E202.jpg,-,-,-,1063018,-,-,1700x1110,-,-,3a6d2a5f4e75e303fb97cb6aae9befa4
/Users/mac24/a/projects/fotos/keep/images/photos/Originals1967-1990,0161088-R6-E203.jpg,-,-,-,1008420,-,-,1700x1110,-,-,2fcab9854a830c6f1495f6f595eec8c6
/Users/mac24/a/projects/fotos/keep/images/photos/Originals1967-1990,0161088-R6-E204.jpg,-,-,-,1072862,-,-,1700x1110,-,-,e95ea00731883e25aced717a91a19035
/Users/mac24/a/projects/fotos/keep/images/photos/Originals1967-1990,0161088-R6-E205.jpg,-,-,-,1053654,-,-,1700x1110,-,-,6b4a8447a857b30a8cfb52cc86f06de1
/Users/mac24/a/projects/fotos/keep/images/photos/Originals1967-1990,0161088-R6-E206.jpg,-,-,-,1128963,-,-,1110x1700,-,-,73cde81fb704b1003d0fefa3e197f2e8
/Users/mac24/a/projects/fotos/keep/images/photos/Originals1967-1990,0161088-R6-E207.jpg,-,-,-,1106806,-,-,1700x1110,-,-,ff83ea8dcf8b6f0f1c2511c33ef9a33b
/Users/mac24/a/projects/fotos/keep/images/photos/Originals1967-1990,0161088-R6-E208.jpg,-,-,-,1068280,-,-,1700x1110,-,-,a38fb604f79c2a8a2540ef7498f15874
/Users/mac24/a/projects/fotos/keep/images/photos/Originals1967-1990,0161088-R6-E209.jpg,-,-,-,1089500,-,-,1700x1110,-,-,7543832b413e8e6cdcf50b53142032fd
/Users/mac24/a/projects/fotos/keep/images/photos/Originals1967-1990,0161088-R6-E210.jpg,-,-,-,1091441,-,-,1700x1110,-,-,737fd26a4d5d92cea229beb530a3344c
/Users/mac24/a/projects/fotos/keep/images/photos/Originals1967-1990,0161088-R6-E211.jpg,-,-,-,1087024,-,-,1700x1110,-,-,d25b865cd2bf2f0f20fc3b6218c22fbb
/Users/mac24/a/projects/fotos/keep/images/photos/Originals1967-1990,0161088-R7-E212.jpg,-,-,-,1365477,-,-,1700x1110,-,-,4278c2a418be8ff19821e4db32406f86
/Users/mac24/a/projects/fotos/keep/images/photos/Originals1967-1990,0161088-R7-E213.jpg,-,-,-,941302,-,-,1700x1110,-,-,197e6b947ea419dad1be5ce1a29d748c
/Users/mac24/a/projects/fotos/keep/images/photos/Originals1967-1990,0161088-R7-E214.jpg,-,-,-,970551,-,-,1110x1700,-,-,caeb72beaaf0d6d3aef3ac82da6edd3d
/Users/mac24/a/projects/fotos/keep/images/photos/Originals1967-1990,0161088-R7-E215.jpg,-,-,-,1245023,-,-,1110x1700,-,-,4982ee246ef71873ed88ad08c662fccf
/Users/mac24/a/projects/fotos/keep/images/photos/Originals1967-1990,0161088-R7-E216.jpg,-,-,-,940654,-,-,1110x1700,-,-,0167f394a2dbe34c979a2b6ecde82dbe
/Users/mac24/a/projects/fotos/keep/images/photos/Originals1967-1990,0161088-R7-E217.jpg,-,-,-,1039983,-,-,1110x1700,-,-,97e07d5bfbb860d15366ff97f808a8ac
/Users/mac24/a/projects/fotos/keep/images/photos/Originals1967-1990,0161088-R7-E218.jpg,-,-,-,950733,-,-,1700x1110,-,-,d6f90f9a150d168acca31b07b4f6a371
/Users/mac24/a/projects/fotos/keep/images/photos/Originals1967-1990,0161088-R7-E219.jpg,-,-,-,1009890,-,-,1700x1110,-,-,902e4f234a7b0a148b56c4bc25efc664
/Users/mac24/a/projects/fotos/keep/images/photos/Originals1967-1990,0161088-R7-E220.jpg,-,-,-,980094,-,-,1700x1110,-,-,cdc2bbb61a510143f13c2497669633fe
/Users/mac24/a/projects/fotos/keep/images/photos/Originals1967-1990,0161088-R7-E221.jpg,-,-,-,955784,-,-,1110x1700,-,-,2ae06cdb9ceda31872d926909c1bb6cb
/Users/mac24/a/projects/fotos/keep/images/photos/Originals1967-1990,0161088-R7-E222.jpg,-,-,-,1109846,-,-,1700x1110,-,-,1820601f906e07166d2172f3f6a0daaa
/Users/mac24/a/projects/fotos/keep/images/photos/Originals1967-1990,0161088-R7-E223.jpg,-,-,-,1050953,-,-,1700x1110,-,-,c9c63d3ae9dddda957ce608a5130ae9a
/Users/mac24/a/projects/fotos/keep/images/photos/Originals1967-1990,0161088-R7-E224.jpg,-,-,-,1102509,-,-,1700x1110,-,-,981c07ad20012433df40bac496c5ce21
/Users/mac24/a/projects/fotos/keep/images/photos/Originals1967-1990,0161088-R7-E225.jpg,-,-,-,991027,-,-,1700x1110,-,-,49fa2a086e44997e11223a46f24c24ec
/Users/mac24/a/projects/fotos/keep/images/photos/Originals1967-1990,0161088-R7-E226.jpg,-,-,-,1025200,-,-,1110x1700,-,-,25fee3dec0410c69973a46342a022514
/Users/mac24/a/projects/fotos/keep/images/photos/Originals1967-1990,0161088-R7-E227.jpg,-,-,-,951351,-,-,1110x1700,-,-,7926f60e16da79d51f69aa7e2b390a7a
/Users/mac24/a/projects/fotos/keep/images/photos/Originals1967-1990,0161088-R7-E228.jpg,-,-,-,957070,-,-,1700x1110,-,-,833b65095478c27e2ec75a9c469942ca
/Users/mac24/a/projects/fotos/keep/images/photos/Originals1967-1990,0161088-R7-E229.jpg,-,-,-,949558,-,-,1110x1700,-,-,6a8b2ee7273ec02b3aa808b133fcc8f2
/Users/mac24/a/projects/fotos/keep/images/photos/Originals1967-1990,0161088-R7-E230.jpg,-,-,-,1032712,-,-,1700x1110,-,-,40d0d811f226c3fd304fec27f36967fc
/Users/mac24/a/projects/fotos/keep/images/photos/Originals1967-1990,0161088-R7-E231.jpg,-,-,-,1021610,-,-,1110x1700,-,-,86ec0383d80856895c305c174636734f
/Users/mac24/a/projects/fotos/keep/images/photos/Originals1967-1990,0161088-R7-E232.jpg,-,-,-,1006178,-,-,1110x1700,-,-,f9a28c07b06280c1d2e0ce0790b493ed
/Users/mac24/a/projects/fotos/keep/images/photos/Originals1967-1990,0161088-R7-E233.jpg,-,-,-,1067890,-,-,1700x1110,-,-,d8785e54486f76010f858b68d75c7cbb
/Users/mac24/a/projects/fotos/keep/images/photos/Originals1967-1990,0161088-R7-E234.jpg,-,-,-,1103014,-,-,1700x1110,-,-,bc5a8b361895476b17fc7c123470c453
/Users/mac24/a/projects/fotos/keep/images/photos/Originals1967-1990,0161088-R7-E235.jpg,-,-,-,1054262,-,-,1700x1110,-,-,2337bd4d7a8051b51c292e545748d8c5
/Users/mac24/a/projects/fotos/keep/images/photos/Originals1967-1990,0161088-R7-E236.jpg,-,-,-,910091,-,-,1110x1700,-,-,e5e43126fabd5150489f5d3c23944a01
/Users/mac24/a/projects/fotos/keep/images/photos/Originals1967-1990,0161088-R7-E237.jpg,-,-,-,986068,-,-,1110x1700,-,-,0952e5c869c478782b63f8abf46b8f9f
/Users/mac24/a/projects/fotos/keep/images/photos/Originals1967-1990,0161088-R7-E238.jpg,-,-,-,1024815,-,-,1700x1110,-,-,5bf74d867318ec74dae48a6dee8a0bff
/Users/mac24/a/projects/fotos/keep/images/photos/Originals1967-1990,0161088-R7-E239.jpg,-,-,-,1049938,-,-,1700x1110,-,-,e6bdc1285fa404a42498949dcfde3459
/Users/mac24/a/projects/fotos/keep/images/photos/Originals1967-1990,0161088-R7-E240.jpg,-,-,-,1183085,-,-,1700x1110,-,-,e566122d49a49fac0fee936786d0af18
/Users/mac24/a/projects/fotos/keep/images/photos/Originals1967-1990,0161088-R7-E241.jpg,-,-,-,1037213,-,-,1110x1700,-,-,56c4850ad8549e258159ebbfbc93aec6
/Users/mac24/a/projects/fotos/keep/images/photos/Originals1967-1990,0161088-R7-E242.jpg,-,-,-,1206396,-,-,1700x1110,-,-,dee0ee72a2c26f0e537e04122c9ce856
/Users/mac24/a/projects/fotos/keep/images/photos/Originals1967-1990,0161088-R7-E243.jpg,-,-,-,1009484,-,-,1700x1110,-,-,d1918649d65e153bc50166933ddc4b83
/Users/mac24/a/projects/fotos/keep/images/photos/Originals1967-1990,0161088-R7-E244.jpg,-,-,-,1203464,-,-,1110x1700,-,-,f463b55023701ecc63f9f46fbb5ffc18
/Users/mac24/a/projects/fotos/keep/images/photos/Originals1967-1990,0161088-R7-E245.jpg,-,-,-,1096259,-,-,1110x1700,-,-,7698b5d90df5518e194d58ac9e85f2de
/Users/mac24/a/projects/fotos/keep/images/photos/Originals1967-1990,0161088-R7-E246.jpg,-,-,-,1039072,-,-,1700x1110,-,-,ccf9c1469f4d3ee8b95914d0a23eb14a
/Users/mac24/a/projects/fotos/keep/images/photos/Originals1967-1990,0161088-R7-E247.jpg,-,-,-,1209281,-,-,1700x1110,-,-,ee976179b8679ce63d89965f78d9373d
/Users/mac24/a/projects/fotos/keep/images/photos/Originals1967-1990,0161088-R7-E248.jpg,-,-,-,1030737,-,-,1700x1110,-,-,ad24529255387c85fd18754b2d0517f3
/Users/mac24/a/projects/fotos/keep/images/photos/Originals1967-1990,0161088-R7-E249.jpg,-,-,-,1053232,-,-,1700x1110,-,-,e3a591cd71e4356424c59a982494f5d7
/Users/mac24/a/projects/fotos/keep/images/photos/Originals1967-1990,0161088-R7-E250.jpg,-,-,-,1052394,-,-,1700x1110,-,-,11589230159eed5f85cecc279c463e32
/Users/mac24/a/projects/fotos/keep/images/photos/Originals1967-1990,0161088-R8-E251.jpg,-,-,-,1091439,-,-,1110x1700,-,-,102e490482eea7406035cebb4f71fc14
/Users/mac24/a/projects/fotos/keep/images/photos/Originals1967-1990,0161088-R8-E252.jpg,-,-,-,1091187,-,-,1110x1700,-,-,9231746de39c6707b5b7d9e22d7d9df8
/Users/mac24/a/projects/fotos/keep/images/photos/Originals1967-1990,0161088-R8-E253.jpg,-,-,-,1019000,-,-,1110x1700,-,-,770ad8204545033c36e45e62a12db28a
/Users/mac24/a/projects/fotos/keep/images/photos/Originals1967-1990,0161088-R8-E254.jpg,-,-,-,1235817,-,-,1700x1110,-,-,84a9b40a2aa9d880974b5b48c1426d78
/Users/mac24/a/projects/fotos/keep/images/photos/Originals1967-1990,0161088-R8-E255.jpg,-,-,-,828807,-,-,1700x1110,-,-,9709f60f5073fc27e34d53e6db3dd7ff
/Users/mac24/a/projects/fotos/keep/images/photos/Originals1967-1990,0161088-R8-E256.jpg,-,-,-,1184541,-,-,1110x1700,-,-,6e2c75ace2d29921ca3a2149732af1b9
/Users/mac24/a/projects/fotos/keep/images/photos/Originals1967-1990,0161088-R8-E257.jpg,-,-,-,1076493,-,-,1700x1110,-,-,ecf321506b740ad580addec54db6dc63
/Users/mac24/a/projects/fotos/keep/images/photos/Originals1967-1990,0161088-R8-E258.jpg,-,-,-,1012006,-,-,1110x1700,-,-,be874c11948959924ceb6c9360e976bd
/Users/mac24/a/projects/fotos/keep/images/photos/Originals1967-1990,0161088-R8-E259.jpg,-,-,-,971216,-,-,1110x1700,-,-,cf8f3b091b6ae32aff3374be7480baff
/Users/mac24/a/projects/fotos/keep/images/photos/Originals1967-1990,0161088-R8-E260.jpg,-,-,-,1843445,-,-,1700x1110,-,-,a4387fadfd454fc7f9780888d361b73c
/Users/mac24/a/projects/fotos/keep/images/photos/Originals1967-1990,0161088-R8-E261.jpg,-,-,-,1327812,-,-,1700x1110,-,-,ecd51d2348ea9adeeb21e216dbde8cdb
/Users/mac24/a/projects/fotos/keep/images/photos/Originals1967-1990,0161088-R8-E262.jpg,-,-,-,1272452,-,-,1700x1110,-,-,be56682e25bea9ee9873d360e0a6bf2c
/Users/mac24/a/projects/fotos/keep/images/photos/Originals1967-1990,0161088-R8-E263.jpg,-,-,-,1002752,-,-,1700x1110,-,-,85905b6e520870041be816ff9f582d83
/Users/mac24/a/projects/fotos/keep/images/photos/Originals1967-1990,0161088-R8-E264.jpg,-,-,-,1007482,-,-,1700x1110,-,-,c978145fca2cb62b62b5ea0f87fbcda4
/Users/mac24/a/projects/fotos/keep/images/photos/Originals1967-1990,0161088-R8-E265.jpg,-,-,-,952159,-,-,1700x1110,-,-,24d7d815b614fbaa1f08b695e1560871
/Users/mac24/a/projects/fotos/keep/images/photos/Originals1967-1990,0161088-R8-E266.jpg,-,-,-,1077778,-,-,1700x1110,-,-,39eef0b91cc7fe94b0533fcfd3cd5a4f
/Users/mac24/a/projects/fotos/keep/images/photos/Originals1967-1990,0161088-R8-E267.jpg,-,-,-,1153099,-,-,1700x1110,-,-,401547bb9f10809610db7c66ea71b11f
/Users/mac24/a/projects/fotos/keep/images/photos/Originals1967-1990,0161088-R8-E268.jpg,-,-,-,1104493,-,-,1700x1110,-,-,b81ac821105a6391e5ae51caada0c15f
/Users/mac24/a/projects/fotos/keep/images/photos/Originals1967-1990,0161088-R8-E269.jpg,-,-,-,1135084,-,-,1700x1110,-,-,27beea7cb43c23d3e09e959647adf5c2
/Users/mac24/a/projects/fotos/keep/images/photos/Originals1967-1990,0161088-R8-E270.jpg,-,-,-,1087685,-,-,1700x1110,-,-,c94ced8de6ee9e19f7296555823bbc04
/Users/mac24/a/projects/fotos/keep/images/photos/Originals1967-1990,0161088-R8-E271.jpg,-,-,-,1140517,-,-,1700x1110,-,-,644952fa625ab4fc4477683c031b0ccc
/Users/mac24/a/projects/fotos/keep/images/photos/Originals1967-1990,0161088-R8-E272.jpg,-,-,-,1055159,-,-,1700x1110,-,-,39cba6a7adf888578d6296285e15379d
/Users/mac24/a/projects/fotos/keep/images/photos/Originals1967-1990,0161088-R8-E273.jpg,-,-,-,1050128,-,-,1110x1700,-,-,a6552594e4f34aee046f4744b478c1f2
/Users/mac24/a/projects/fotos/keep/images/photos/Originals1967-1990,0161088-R8-E274.jpg,-,-,-,1074785,-,-,1700x1110,-,-,d3cbd44b00544ecf56be74c48c2eebf6
/Users/mac24/a/projects/fotos/keep/images/photos/Originals1967-1990,0161088-R8-E275.jpg,-,-,-,1221877,-,-,1700x1110,-,-,8dfece194fbfaf96e2e7bce66a08ee07
/Users/mac24/a/projects/fotos/keep/images/photos/Originals1967-1990,0161088-R8-E276.jpg,-,-,-,1179915,-,-,1110x1700,-,-,5e0ac306a5ba262b404a647e60144f31
/Users/mac24/a/projects/fotos/keep/images/photos/Originals1967-1990,0161088-R8-E277.jpg,-,-,-,1200217,-,-,1110x1700,-,-,69581347e8f186d94a48aafd95b7ef1e
/Users/mac24/a/projects/fotos/keep/images/photos/Originals1967-1990,0161088-R8-E278.jpg,-,-,-,1017866,-,-,1110x1700,-,-,4db4ace0144f84d337c030cf9d4fa618
/Users/mac24/a/projects/fotos/keep/images/photos/Originals1967-1990,0161088-R8-E279.jpg,-,-,-,1147054,-,-,1700x1110,-,-,58d65b9afdc30c02839596f24e5321cb
/Users/mac24/a/projects/fotos/keep/images/photos/Originals1967-1990,0161088-R8-E280.jpg,-,-,-,1156773,-,-,1700x1110,-,-,e22bb8e50cdcf6e830576a8b61fb56d6
/Users/mac24/a/projects/fotos/keep/images/photos/Originals1967-1990,0161088-R8-E281.jpg,-,-,-,1084564,-,-,1700x1110,-,-,f1aba690e050509c42930cb0aca6543e
/Users/mac24/a/projects/fotos/keep/images/photos/Originals1967-1990,0161088-R8-E282.jpg,-,-,-,1075998,-,-,1700x1110,-,-,1a345cbffa517e78b203aafb2d051cd1
/Users/mac24/a/projects/fotos/keep/images/photos/Originals1967-1990,0161088-R8-E283.jpg,-,-,-,1168172,-,-,1700x1110,-,-,fea10ad4e3af2cdf82a005395df1544a
/Users/mac24/a/projects/fotos/keep/images/photos/Originals1967-1990,0161088-R8-E284.jpg,-,-,-,1199806,-,-,1700x1110,-,-,a1250c69732e3975385efab22d852c30
/Users/mac24/a/projects/fotos/keep/images/photos/Originals1967-1990,0161088-R8-E285.jpg,-,-,-,980293,-,-,1700x1110,-,-,423a9f41af23fb02b4dc5fd59ed14303
/Users/mac24/a/projects/fotos/keep/images/photos/Originals1967-1990,0161088-R8-E286.jpg,-,-,-,2190351,-,-,1818x1818,-,-,a13df57a1c4b2561ff26aa4f9d738c96
/Users/mac24/a/projects/fotos/keep/images/photos/Originals1967-1990,0161088-R8-E287.jpg,-,-,-,1269970,-,-,1700x1110,-,-,580b46d53e3084f68fd60143ba48090b
/Users/mac24/a/projects/fotos/keep/images/photos/Originals1967-1990,0161088-R8-E288.jpg,-,-,-,1107846,-,-,1700x1110,-,-,8fe79d8138787000afaaf316d3c1081a
/Users/mac24/a/projects/fotos/keep/images/photos/Originals1967-1990,0161088-R8-E289.jpg,-,-,-,1040436,-,-,1110x1700,-,-,dcb84fab93fe28733877852f0664d667
/Users/mac24/a/projects/fotos/keep/images/photos/Originals1967-1990,0161088-R8-E290.jpg,-,-,-,1118090,-,-,1700x1110,-,-,ff81f490b46d6fbb433349287a497244
/Users/mac24/a/projects/fotos/keep/images/photos/Originals1967-1990,0161088-R8-E291.jpg,-,-,-,1072576,-,-,1700x1110,-,-,6426f0a1f788f15e6f6e3e654f598a64
/Users/mac24/a/projects/fotos/keep/images/photos/Originals1967-1990,0161088-R8-E292.jpg,-,-,-,1178034,-,-,1110x1700,-,-,91226233fd871c47f84274c33ef371c3
/Users/mac24/a/projects/fotos/keep/images/photos/Originals1967-1990,0161088-R8-E293.jpg,-,-,-,1119273,-,-,1110x1700,-,-,f914994d3783e457c05fd9fafb040071
/Users/mac24/a/projects/fotos/keep/images/photos/Originals1967-1990,0161088-R8-E294.jpg,-,-,-,1303767,-,-,1110x1700,-,-,def76d348a02c220c8f9362727e53acf
/Users/mac24/a/projects/fotos/keep/images/photos/Originals1967-1990,0161088-R8-E295.jpg,-,-,-,2328824,-,-,1818x1818,-,-,e92c9628819cc47f6bffac45d65e2757
/Users/mac24/a/projects/fotos/keep/images/photos/Originals1967-1990,0161088-R8-E296.jpg,-,-,-,1098036,-,-,1700x1110,-,-,57149380ef8c1387a8c075e43d1751b0
/Users/mac24/a/projects/fotos/keep/images/photos/Originals1967-1990,0161088-R8-E297.jpg,-,-,-,1069067,-,-,1700x1110,-,-,f2a5af529d4ed7c74b89f9baac66820e
/Users/mac24/a/projects/fotos/keep/images/photos/Originals1967-1990,0161088-R8-E298.jpg,-,-,-,1172120,-,-,1700x1110,-,-,dd19009447d0032608f28d1cc4f7b77c
/Users/mac24/a/projects/fotos/keep/images/photos/Originals1967-1990,0161088-R8-E299.jpg,-,-,-,1127954,-,-,1700x1110,-,-,237d78aef14d22b8247f5827b30d74b7
/Users/mac24/a/projects/fotos/keep/images/photos/Originals1967-1990,0161088-R8-E300.jpg,-,-,-,1227394,-,-,1700x1110,-,-,9a91f6fc9b42cefa9c4b5c1657360aed
/Users/mac24/a/projects/fotos/keep/images/photos/Originals1967-1990,0161088-R8-E301.jpg,-,-,-,1056512,-,-,1700x1110,-,-,bd53bf85459059fab6094110b9858c3c
/Users/mac24/a/projects/fotos/keep/images/photos/Originals1967-1990,0161088-R8-E302.jpg,-,-,-,1082880,-,-,1110x1700,-,-,eed08fdf5c84b154439f7f3ff2ff74f3
/Users/mac24/a/projects/fotos/keep/images/photos/Originals1967-1990,0161088-R8-E303.jpg,-,-,-,753992,-,-,1110x1700,-,-,8872c1a03e058d759194a458b0f5f01c
/Users/mac24/a/projects/fotos/keep/images/photos/Originals1967-1990,0161088-R8-E304.jpg,-,-,-,1276597,-,-,1110x1700,-,-,b87e955d737052a78be30bb89173e250
/Users/mac24/a/projects/fotos/keep/images/photos/Originals1967-1990,0161088-R8-E305.jpg,-,-,-,1237729,-,-,1700x1110,-,-,f7cfae1676a8a5c84d1c4e06908deca7
/Users/mac24/a/projects/fotos/keep/images/photos/Originals1967-1990,0161088-R8-E306.jpg,-,-,-,1119144,-,-,1700x1110,-,-,9a535e854e8757558f44879859c11334
/Users/mac24/a/projects/fotos/keep/images/photos/Originals1967-1990,0161088-R8-E307.jpg,-,-,-,1099105,-,-,1110x1700,-,-,38632ebfdf812624a5fba053f5369ba3
/Users/mac24/a/projects/fotos/keep/images/photos/Originals1967-1990,0161088-R8-E308.jpg,-,-,-,1283882,-,-,1700x1110,-,-,21074e64e4c236fbba2552f43753405b
/Users/mac24/a/projects/fotos/keep/images/photos/Originals1967-1990,0161088-R8-E309.jpg,-,-,-,1252404,-,-,1700x1110,-,-,a8d26d97e5e91a988c1ac8dacaa42272
/Users/mac24/a/projects/fotos/keep/images/photos/Originals1967-1990,0161088-R8-E310.jpg,-,-,-,1158814,-,-,1110x1700,-,-,758742e70088451e40914fab78461319
/Users/mac24/a/projects/fotos/keep/images/photos/Originals1967-1990,0161088-R8-E311.jpg,-,-,-,1069367,-,-,1110x1700,-,-,941f4281992056efea72c0dda7e52942
/Users/mac24/a/projects/fotos/keep/images/photos/Originals1967-1990,0161088-R8-E312.jpg,-,-,-,1138189,-,-,1110x1700,-,-,03ab03da3297f85bf9d505bad9c8f550
/Users/mac24/a/projects/fotos/keep/images/photos/Originals1967-1990,0161088-R8-E313.jpg,-,-,-,1215928,-,-,1700x1110,-,-,557b917426e14369b55ac7362af51759
/Users/mac24/a/projects/fotos/keep/images/photos/Originals1967-1990,0161088-R8-E314.jpg,-,-,-,1102087,-,-,1700x1110,-,-,7fc4ba5ac572ec63a60da89f4effda97
/Users/mac24/a/projects/fotos/keep/images/photos/Originals1967-1990,0161088-R8-E315.jpg,-,-,-,1039467,-,-,1700x1110,-,-,a7179fabf04c6deb1e407eeb1026621b
/Users/mac24/a/projects/fotos/keep/images/photos/Originals1967-1990,0161088-R8-E316.jpg,-,-,-,991084,-,-,1110x1700,-,-,cb06173ed41cc6f715be934d4c59b27f
/Users/mac24/a/projects/fotos/keep/images/photos/Originals1967-1990,0161088-R8-E317.jpg,-,-,-,1028298,-,-,1700x1110,-,-,9936deb9f3a2c996a5a24cd035b8c797
/Users/mac24/a/projects/fotos/keep/images/photos/Originals1967-1990,0161088-R8-E318.jpg,-,-,-,1164577,-,-,1700x1110,-,-,e172fc22d605fc9029092b8bf9ce80f9
/Users/mac24/a/projects/fotos/keep/images/photos/Originals1967-1990,0161088-R8-E319.jpg,-,-,-,1217598,-,-,1110x1700,-,-,1019be5c802b5cd253778e5ab3bfff8c
/Users/mac24/a/projects/fotos/keep/images/photos/Originals1967-1990,0161088-R8-E320.jpg,-,-,-,1078285,-,-,1110x1700,-,-,94da4fe96e1fb9d7a7029b44d92d11fa
/Users/mac24/a/projects/fotos/keep/images/photos/Originals1967-1990,0161088-R8-E321.jpg,-,-,-,1322183,-,-,1700x1110,-,-,ce83227773fd84962c6db87ec4603b44
/Users/mac24/a/projects/fotos/keep/images/photos/Originals1967-1990,0161088-R8-E322.jpg,-,-,-,1333726,-,-,1700x1110,-,-,8dbc9c9322cd353204745e8b1ec7dd63
/Users/mac24/a/projects/fotos/keep/images/photos/Originals1967-1990,FH000002.jpg,-,-,-,1288642,-,-,1818x1228,-,-,bd1b335e36bfc6a8f8bdf7ed0fa095f8
/Users/mac24/a/projects/fotos/keep/images/photos/Originals1967-1990,FH000003.jpg,-,-,-,1635160,-,-,1228x1818,-,-,424541f38692e30ef1674aeda3d2b2bc
/Users/mac24/a/projects/fotos/keep/images/photos/Originals1967-1990,FH000006.jpg,-,-,-,1329180,-,-,1818x1228,-,-,8b921e77312983ad43f76f23b793917d
/Users/mac24/a/projects/fotos/keep/images/photos/Originals1967-1990,FH000007.jpg,-,-,-,1328233,-,-,1818x1228,-,-,d86be57c7db10e8f7b66f23d9f24c632
/Users/mac24/a/projects/fotos/keep/images/photos/Originals1967-1990,FH000009.jpg,-,-,-,1502133,-,-,1818x1228,-,-,da651940d4f600e917b7d72e0bd9763a
/Users/mac24/a/projects/fotos/keep/images/photos/Originals1967-1990,FH000012.jpg,-,-,-,1315657,-,-,1818x1228,-,-,ebd9e0f28f78021f870faf88971bcb15
/Users/mac24/a/projects/fotos/keep/images/photos/Originals1967-1990,FH000013.jpg,-,-,-,1173141,-,-,1818x1228,-,-,1c8f5c4a2106df9283c0f756ffcef387
/Users/mac24/a/projects/fotos/keep/images/photos/Originals1967-1990,FH000014.jpg,-,-,-,1191415,-,-,1818x1228,-,-,85a8295d5207e0893e44e9d1948d5e1e
/Users/mac24/a/projects/fotos/keep/images/photos/Originals1967-1990,FH000021.jpg,-,-,-,1435269,-,-,1818x1228,-,-,f633188dda6cd8c59327275331d543b6
/Users/mac24/a/projects/fotos/keep/images/photos/Originals1967-1990,FH000024.jpg,-,-,-,1150238,-,-,1818x1228,-,-,7c5d792031f2ba2133e111dfb0a68066
/Users/mac24/a/projects/fotos/keep/images/photos/Originals1967-1990,FH000025.jpg,-,-,-,1203219,-,-,1228x1818,-,-,5e278ebb2d1f0bdbcf63f82935834c1e
/Users/mac24/a/projects/fotos/keep/images/photos/Originals1967-1990,FH000028.jpg,-,-,-,1094553,-,-,1818x1228,-,-,6f8b30d63db932a01e11ba80b04a429f
/Users/mac24/a/projects/fotos/keep/images/photos/Originals1967-1990,FH000029.jpg,-,-,-,1431520,-,-,1818x1228,-,-,4307c4d4774e5f3ca27a78c9c6e38621
/Users/mac24/a/projects/fotos/keep/images/photos/Originals1967-1990,FH000030.jpg,-,-,-,1086646,-,-,1818x1228,-,-,c4acf12fb978581a33df0fb6c20dd277
/Users/mac24/a/projects/fotos/keep/images/photos/Originals1967-1990,FH000031.jpg,-,-,-,1107285,-,-,1818x1228,-,-,917de89f6c5656f85ee012d491bf5613
/Users/mac24/a/projects/fotos/keep/images/photos/Originals1967-1990,FH000033.jpg,-,-,-,1245962,-,-,1818x1228,-,-,442ee14384efa446a23cc838beb47d27
/Users/mac24/a/projects/fotos/keep/images/photos/Originals1967-1990,FH010001.jpg,-,-,-,1250206,-,-,1818x1228,-,-,411cb35f1dbe2cf91a99cd119c399bb6
/Users/mac24/a/projects/fotos/keep/images/photos/Originals1967-1990,FH010002.jpg,-,-,-,1387017,-,-,1818x1228,-,-,8a31e798be64d560e0563f7ea01e9ead
/Users/mac24/a/projects/fotos/keep/images/photos/Originals1967-1990,FH010003.jpg,-,-,-,1513491,-,-,1818x1228,-,-,79af9ddcdfc125c0377d084625ed7d77
/Users/mac24/a/projects/fotos/keep/images/photos/Originals1967-1990,FH010004.jpg,-,-,-,1181001,-,-,1228x1818,-,-,d421a272e16873405dac4b664bc5b1a4
/Users/mac24/a/projects/fotos/keep/images/photos/Originals1967-1990,FH010005.jpg,-,-,-,1514151,-,-,1228x1818,-,-,8090a762dd5ee7075974d4eb8f7bb5f5
/Users/mac24/a/projects/fotos/keep/images/photos/Originals1967-1990,FH010006.jpg,-,-,-,1041530,-,-,1818x1228,-,-,8139fd28040f925bd43062e7ac4a0c8b
/Users/mac24/a/projects/fotos/keep/images/photos/Originals1967-1990,FH010007.jpg,-,-,-,1034194,-,-,1818x1228,-,-,3b68fa829f5d44f7e31f98457cbed92c
/Users/mac24/a/projects/fotos/keep/images/photos/Originals1967-1990,FH010008.jpg,-,-,-,1272739,-,-,1818x1228,-,-,b177cb6253b8437b9c0dbed0fffd1f40
/Users/mac24/a/projects/fotos/keep/images/photos/Originals1967-1990,FH010009.jpg,-,-,-,1066688,-,-,1818x1228,-,-,a61783ea1e2a11e4ff8b782b345b6f3d
/Users/mac24/a/projects/fotos/keep/images/photos/Originals1967-1990,FH010010.jpg,-,-,-,1087411,-,-,1818x1228,-,-,5b49882d153b2b1d8207482d8420e784
/Users/mac24/a/projects/fotos/keep/images/photos/Originals1967-1990,FH010011.jpg,-,-,-,1220006,-,-,1228x1818,-,-,d541b592f30b1448d4dfc8bb59fe663f
/Users/mac24/a/projects/fotos/keep/images/photos/Originals1967-1990,FH010012.jpg,-,-,-,1273493,-,-,1818x1228,-,-,5c4ad478d863e42938f52c04ac25fe9a
/Users/mac24/a/projects/fotos/keep/images/photos/Originals1967-1990,FH010013.jpg,-,-,-,1535210,-,-,1818x1228,-,-,8fceb5b3758e23b226a9d5ebebb538b1
/Users/mac24/a/projects/fotos/keep/images/photos/Originals1967-1990,FH010014.jpg,-,-,-,1165338,-,-,1818x1228,-,-,1a630cb1b03fb1fb16fe1a172ba1c075
/Users/mac24/a/projects/fotos/keep/images/photos/Originals1967-1990,FH010015.jpg,-,-,-,1085561,-,-,1228x1818,-,-,c7dc65855f58b429ed06d99bbb9e8724
/Users/mac24/a/projects/fotos/keep/images/photos/Originals1967-1990,FH010016.jpg,-,-,-,1135982,-,-,1818x1228,-,-,c35310c2e551b4c760d4a8a3f8ff4a3d
/Users/mac24/a/projects/fotos/keep/images/photos/Originals1967-1990,FH010017.jpg,-,-,-,1484311,-,-,1228x1818,-,-,a44245c35e775a2fde4b607ce838040d
/Users/mac24/a/projects/fotos/keep/images/photos/Originals1967-1990,FH010019.jpg,-,-,-,1331321,-,-,1818x1228,-,-,067fa6be409476adb9607f625fb73fd7
/Users/mac24/a/projects/fotos/keep/images/photos/Originals1967-1990,FH010020.jpg,-,-,-,1470875,-,-,1228x1818,-,-,709d44ce1e2beea6ba93cd2fd80d288a
/Users/mac24/a/projects/fotos/keep/images/photos/Originals1967-1990,FH010021.jpg,-,-,-,1359036,-,-,1228x1818,-,-,6fb340531af55b249a7607becc4a90be
/Users/mac24/a/projects/fotos/keep/images/photos/Originals1967-1990,FH010022.jpg,-,-,-,1519643,-,-,1228x1818,-,-,6e206078336ad96076f532f83da8ad79
/Users/mac24/a/projects/fotos/keep/images/photos/Originals1967-1990,FH010023.jpg,-,-,-,1504247,-,-,1818x1228,-,-,bba054859eb1317e900e2a0c5a9dcbff
/Users/mac24/a/projects/fotos/keep/images/photos/Originals1967-1990,FH010024.jpg,-,-,-,1395230,-,-,1228x1818,-,-,e432fe26360e099f203185ac64deb104
/Users/mac24/a/projects/fotos/keep/images/photos/Originals1967-1990,FH010025.jpg,-,-,-,1220333,-,-,1228x1818,-,-,f5ef2b35089a62ed157edff5da0b3604
/Users/mac24/a/projects/fotos/keep/images/photos/Originals1967-1990,FH010026.jpg,-,-,-,1435087,-,-,1818x1228,-,-,de5b474b3a5187c5d8550063ebf7f870
/Users/mac24/a/projects/fotos/keep/images/photos/Originals1967-1990,FH010027.jpg,-,-,-,1177431,-,-,1818x1228,-,-,fd9cb26e9a0a0be62ce181dc1231d60f
/Users/mac24/a/projects/fotos/keep/images/photos/Originals1967-1990,FH010028.jpg,-,-,-,1474049,-,-,1228x1818,-,-,ec1067f71846edb3cc255cbc5dcf9ae6
/Users/mac24/a/projects/fotos/keep/images/photos/Originals1967-1990,FH010029.jpg,-,-,-,1086484,-,-,1818x1228,-,-,fc152c47ee8fee42ccc017a6a41bd037
/Users/mac24/a/projects/fotos/keep/images/photos/Originals1967-1990,FH010030.jpg,-,-,-,1351585,-,-,1228x1818,-,-,d3c89b16971f2689ac28c56af9868b55
/Users/mac24/a/projects/fotos/keep/images/photos/Originals1967-1990,FH010031.jpg,-,-,-,1371169,-,-,1818x1228,-,-,a15f3c82a75c206ca39b56bf09863332
/Users/mac24/a/projects/fotos/keep/images/photos/Originals1967-1990,FH010032.jpg,-,-,-,1266573,-,-,1818x1228,-,-,91fb9e43affab2edd7853fcab05a4020
/Users/mac24/a/projects/fotos/keep/images/photos/Originals1967-1990,FH010033.jpg,-,-,-,1241574,-,-,1228x1818,-,-,52afac9faf898a751ec560d8f401a26c
/Users/mac24/a/projects/fotos/keep/images/photos/Originals1967-1990,FH010034.jpg,-,-,-,1209805,-,-,1818x1228,-,-,db4ec8fe5dc5875fdfd262703e9275ea
/Users/mac24/a/projects/fotos/keep/images/photos/Originals1967-1990,FH010035.jpg,-,-,-,1462528,-,-,1818x1228,-,-,1d4e8e87a8c27d61fdbeb1e319573ce0
/Users/mac24/a/projects/fotos/keep/images/photos/Originals1967-1990,FH010036.jpg,-,-,-,1165725,-,-,1818x1228,-,-,642cc286f62759038d3c6893cb927527
/Users/mac24/a/projects/fotos/keep/images/photos/Originals1967-1990,FH010037.jpg,-,-,-,1004423,-,-,1818x1228,-,-,4b3116845d5710bdc3ddafc9485b5823
/Users/mac24/a/projects/fotos/keep/images/photos/Originals1967-1990,FH010038.jpg,-,-,-,1208350,-,-,1818x1228,-,-,c84436efa47bacd530bc06b5eb5e9b08
/Users/mac24/a/projects/fotos/keep/images/photos/Originals1967-1990,FH010039.jpg,-,-,-,1183254,-,-,1818x1228,-,-,2698207e3cfd798bdbfff793a7a3d9f9
/Users/mac24/a/projects/fotos/keep/images/photos/Originals1967-1990,FH010040.jpg,-,-,-,1401792,-,-,1818x1228,-,-,d42db47062daec7d7784ff905cd55242
/Users/mac24/a/projects/fotos/keep/images/photos/Originals1967-1990,FH010041.jpg,-,-,-,1328206,-,-,1818x1228,-,-,817367f01689ee112153621f0b855efb
/Users/mac24/a/projects/fotos/keep/images/photos/Originals1967-1990,FH010042.jpg,-,-,-,1436710,-,-,1818x1228,-,-,518d8af1c6ad8779027e0110f7db9a7b
/Users/mac24/a/projects/fotos/keep/images/photos/Originals1967-1990,FH010043.jpg,-,-,-,1412978,-,-,1818x1228,-,-,de25ba7ef9cf107c1a019413826f81d1
/Users/mac24/a/projects/fotos/keep/images/photos/Originals1967-1990,FH010045.jpg,-,-,-,1153957,-,-,1818x1228,-,-,ba5f46cdcf733c8190cac81d59615516
/Users/mac24/a/projects/fotos/keep/images/photos/Originals1967-1990,FH010046.jpg,-,-,-,1149730,-,-,1818x1228,-,-,a5727902fb4abe92f5ee5049ab97b858
/Users/mac24/a/projects/fotos/keep/images/photos/Originals1967-1990,FH010047.jpg,-,-,-,1058155,-,-,1818x1228,-,-,13ffd92956822b5670a036c8498ccfe4
/Users/mac24/a/projects/fotos/keep/images/photos/Originals1967-1990,FH010048.jpg,-,-,-,1221291,-,-,1818x1228,-,-,5630991ef92545c8b0c50151efdbe683
/Users/mac24/a/projects/fotos/keep/images/photos/Originals1967-1990,FH020001.jpg,-,-,-,1128769,-,-,1228x1818,-,-,7bc243d288847362af48ed33dfe6928f
/Users/mac24/a/projects/fotos/keep/images/photos/Originals1967-1990,FH020002.jpg,-,-,-,1184166,-,-,1818x1228,-,-,ce869b582a35a090bbbfbd086d8f1241
/Users/mac24/a/projects/fotos/keep/images/photos/Originals1967-1990,FH020003.jpg,-,-,-,1245431,-,-,1818x1228,-,-,418b613e491219c1e906c6c428b92777
/Users/mac24/a/projects/fotos/keep/images/photos/Originals1967-1990,FH020004.jpg,-,-,-,1251191,-,-,1228x1818,-,-,04742dd73aee088fd25e79fdeca1aae5
/Users/mac24/a/projects/fotos/keep/images/photos/Originals1967-1990,FH020005.jpg,-,-,-,1205309,-,-,1818x1228,-,-,8d2818e269e061bacf9285a7d2ae6766
/Users/mac24/a/projects/fotos/keep/images/photos/Originals1967-1990,FH020006.jpg,-,-,-,1210351,-,-,1818x1228,-,-,79c0377591fe2e0efc07f6cd7c40c69b
/Users/mac24/a/projects/fotos/keep/images/photos/Originals1967-1990,FH020007.jpg,-,-,-,1196214,-,-,1228x1818,-,-,cfe063ecfc7e6bfad96fb88c89a1481c
/Users/mac24/a/projects/fotos/keep/images/photos/Originals1967-1990,FH020008.jpg,-,-,-,1399002,-,-,1818x1228,-,-,1ccac2bcf09a0be67599e8f17174aed0
/Users/mac24/a/projects/fotos/keep/images/photos/Originals1967-1990,FH020009.jpg,-,-,-,1545640,-,-,1818x1228,-,-,53de4f5a0cf59d5429701e5efad3b22f
/Users/mac24/a/projects/fotos/keep/images/photos/Originals1967-1990,FH020010.jpg,-,-,-,1293943,-,-,1818x1228,-,-,03afcfe9d8c9d7b9b168661e452288df
/Users/mac24/a/projects/fotos/keep/images/photos/Originals1967-1990,FH020011.jpg,-,-,-,1280655,-,-,1228x1818,-,-,406373ed79c9affb1e1a62fd695131b0
/Users/mac24/a/projects/fotos/keep/images/photos/Originals1967-1990,FH020012.jpg,-,-,-,1311499,-,-,1818x1228,-,-,c31f5e6c48cca49bd96a9bd8da08d196
/Users/mac24/a/projects/fotos/keep/images/photos/Originals1967-1990,FH020013.jpg,-,-,-,1259132,-,-,1228x1818,-,-,332ed1f40f8c2ddb05a8ed4756df0649
/Users/mac24/a/projects/fotos/keep/images/photos/Originals1967-1990,FH020014.jpg,-,-,-,1479573,-,-,1228x1818,-,-,dea81d54068efb144cd990175125cd80
/Users/mac24/a/projects/fotos/keep/images/photos/Originals1967-1990,FH020015.jpg,-,-,-,1430857,-,-,1818x1228,-,-,5954bd53da23f8dd1f9ca7d1b74e1fa7
/Users/mac24/a/projects/fotos/keep/images/photos/Originals1967-1990,FH020016.jpg,-,-,-,1115680,-,-,1228x1818,-,-,9ff2670865fa59f527e6bf9dddc408dd
/Users/mac24/a/projects/fotos/keep/images/photos/Originals1967-1990,FH020017.jpg,-,-,-,1480405,-,-,1228x1818,-,-,a08f885e2a44978a475d6362f6f465a7
/Users/mac24/a/projects/fotos/keep/images/photos/Originals1967-1990,FH030001.jpg,-,-,-,1397465,-,-,1818x1228,-,-,991ec9d54a2200fd8c09b36348098ab3
/Users/mac24/a/projects/fotos/keep/images/photos/Originals1967-1990,FH030002.jpg,-,-,-,1381693,-,-,1818x1228,-,-,c051c664c651ddb103fdb7efc38aef87
/Users/mac24/a/projects/fotos/keep/images/photos/Originals1967-1990,FH030004.jpg,-,-,-,1204317,-,-,1818x1228,-,-,3e47957a7321178b9645b33cac5096ca
/Users/mac24/a/projects/fotos/keep/images/photos/Originals1967-1990,FH030005.jpg,-,-,-,1241004,-,-,1818x1228,-,-,11a93f9d3108216ce7312048e45a594b
/Users/mac24/a/projects/fotos/keep/images/photos/Originals1967-1990,FH030006.jpg,-,-,-,1399522,-,-,1818x1228,-,-,7122428cf70062b696b996a146998fa7
/Users/mac24/a/projects/fotos/keep/images/photos/Originals1967-1990,FH030008.jpg,-,-,-,1266601,-,-,1818x1228,-,-,c6d23bf2d322ccb4648090ebda97f440
/Users/mac24/a/projects/fotos/keep/images/photos/Originals1967-1990,FH030009.jpg,-,-,-,1733226,-,-,1818x1228,-,-,f26f8351e3b3fa7b567b6ce4d6c393c2
/Users/mac24/a/projects/fotos/keep/images/photos/Originals1967-1990,FH030010.jpg,-,-,-,1529056,-,-,1818x1228,-,-,d7b91dc9fc65e73f7ed4c5bec96307a0
/Users/mac24/a/projects/fotos/keep/images/photos/Originals1967-1990,FH030011.jpg,-,-,-,1231529,-,-,1228x1818,-,-,42d94139006de135bc4584d42efab216
/Users/mac24/a/projects/fotos/keep/images/photos/Originals1967-1990,FH030012.jpg,-,-,-,1243757,-,-,1818x1228,-,-,6a4b7e874fa7bf549e65ebfd05b356c1
/Users/mac24/a/projects/fotos/keep/images/photos/Originals1967-1990,FH030013.jpg,-,-,-,1261181,-,-,1818x1228,-,-,157ebd525a58bc3639498c2894f003c8
/Users/mac24/a/projects/fotos/keep/images/photos/Originals1967-1990,FH030014.jpg,-,-,-,1206346,-,-,1818x1228,-,-,970f5d1e64efe9220b7b3fab0228c0fa
/Users/mac24/a/projects/fotos/keep/images/photos/Originals1967-1990,FH030015.jpg,-,-,-,1212090,-,-,1228x1818,-,-,b5c872a1b02ba571dd27580265439150
/Users/mac24/a/projects/fotos/keep/images/photos/Originals1967-1990,FH030016.jpg,-,-,-,1424157,-,-,1818x1228,-,-,ab60c69a946cb8aec5859ac70d96b3a7
/Users/mac24/a/projects/fotos/keep/images/photos/Originals1967-1990,FH030017.jpg,-,-,-,1149753,-,-,1818x1228,-,-,79b8930f9a68d4efb817f3a039303308
/Users/mac24/a/projects/fotos/keep/images/photos/Originals1967-1990,FH030018.jpg,-,-,-,1391592,-,-,1818x1228,-,-,c69298d850a9393c811931ffc61003a9
/Users/mac24/a/projects/fotos/keep/images/photos/Originals1967-1990,FH030019.jpg,-,-,-,1240023,-,-,1818x1228,-,-,bcc03976d5a579e838df53fd93242ed8
/Users/mac24/a/projects/fotos/keep/images/photos/Originals1967-1990,FH040001.jpg,-,-,-,1000420,-,-,1700x1110,-,-,587a4028c30477057770696ff76376d8
/Users/mac24/a/projects/fotos/keep/images/photos/Originals1967-1990,FH040002.jpg,-,-,-,955595,-,-,1110x1700,-,-,72b3da306aa5773a7a8a452f837c9165
/Users/mac24/a/projects/fotos/keep/images/photos/Originals1967-1990,FH040003.jpg,-,-,-,983524,-,-,1700x1110,-,-,7f8410e2517052d9f1be748438d1e2fe
/Users/mac24/a/projects/fotos/keep/images/photos/Originals1967-1990,FH040004.jpg,-,-,-,923369,-,-,1700x1110,-,-,aed77bbc8d6c9c51ed1deaf41204514e
/Users/mac24/a/projects/fotos/keep/images/photos/Originals1967-1990,FH040005.jpg,-,-,-,899017,-,-,1700x1110,-,-,2e7f61b14249061e9bb73d5375238a87
/Users/mac24/a/projects/fotos/keep/images/photos/Originals1967-1990,FH040006.jpg,-,-,-,1068504,-,-,1700x1110,-,-,a5f0cd089923bd6b13d7049666d9a7b2
/Users/mac24/a/projects/fotos/keep/images/photos/Originals1967-1990,FH040007.jpg,-,-,-,951502,-,-,1700x1110,-,-,f43c67de47f601885f893ddc09eb5cc6
/Users/mac24/a/projects/fotos/keep/images/photos/Originals1967-1990,FH040008.jpg,-,-,-,922927,-,-,1700x1110,-,-,01a0aeea9c810c752ecb24218f22982b
/Users/mac24/a/projects/fotos/keep/images/photos/Originals1967-1990,FH040009.jpg,-,-,-,1048741,-,-,1700x1110,-,-,9a4d5aae274bb54d930a653f4eec77b6
/Users/mac24/a/projects/fotos/keep/images/photos/Originals1967-1990,FH050001.jpg,-,-,-,993638,-,-,1700x1110,-,-,5384ee909c1c4f6be4946d1ec01bef5f
/Users/mac24/a/projects/fotos/keep/images/photos/Originals1967-1990,FH050002.jpg,-,-,-,1022435,-,-,1700x1110,-,-,2e5e8738007b97eea2861da76a2a8e82
/Users/mac24/a/projects/fotos/keep/images/photos/Originals1967-1990,FH050003.jpg,-,-,-,941839,-,-,1700x1110,-,-,4f660da7d7be9724c75772978e17d605
/Users/mac24/a/projects/fotos/keep/images/photos/Originals1967-1990,FH050004.jpg,-,-,-,983366,-,-,1700x1110,-,-,ab5bfe6f32dbf1d4e5d32d486343f23e
/Users/mac24/a/projects/fotos/keep/images/photos/Originals1967-1990,FH050005.jpg,-,-,-,1171572,-,-,1700x1110,-,-,f0237fe3e22d99e7bdff5b26f556ede3
/Users/mac24/a/projects/fotos/keep/images/photos/Originals1967-1990,FH050006.jpg,-,-,-,908820,-,-,1700x1110,-,-,8325983559314496affa7939bc229737
/Users/mac24/a/projects/fotos/keep/images/photos/Originals1967-1990,FH050007.jpg,-,-,-,914357,-,-,1700x1110,-,-,48800d448e26cc939166cd5cbb315c9c
/Users/mac24/a/projects/fotos/keep/images/photos/Originals1967-1990,FH050008.jpg,-,-,-,998988,-,-,1110x1700,-,-,e37504f43464e4efee22f941a496af3a
/Users/mac24/a/projects/fotos/keep/images/photos/Originals1967-1990,FH050009.jpg,-,-,-,998603,-,-,1700x1110,-,-,710b83036d6c9af74a6b9d1817d35b30
/Users/mac24/a/projects/fotos/keep/images/photos/Originals1967-1990,FH050010.jpg,-,-,-,989946,-,-,1700x1110,-,-,3dd487fc8a9a29b934a613ce7f37bbfa
/Users/mac24/a/projects/fotos/keep/images/photos/Originals1967-1990,FH050011.jpg,-,-,-,1036531,-,-,1700x1110,-,-,3e6428b7484785f6d81c0981d5b9b13e
/Users/mac24/a/projects/fotos/keep/images/photos/Originals1967-1990,FH050012.jpg,-,-,-,940557,-,-,1700x1110,-,-,39c146c8411b845e4db04f589dc5ef0d
/Users/mac24/a/projects/fotos/keep/images/photos/Originals1967-1990,FH050013.jpg,-,-,-,945849,-,-,1700x1110,-,-,85c0272e0e3e053eda7e018e5827fab1
/Users/mac24/a/projects/fotos/keep/images/photos/Originals1967-1990,FH050014.jpg,-,-,-,923942,-,-,1700x1110,-,-,d663a92647daa8fdb65763af3ad9ee86
/Users/mac24/a/projects/fotos/keep/images/photos/Originals1967-1990,FH050015.jpg,-,-,-,888486,-,-,1700x1110,-,-,d0c4cc175723cd42d9b364142fc4a58b
/Users/mac24/a/projects/fotos/keep/images/photos/Originals1967-1990,FH050016.jpg,-,-,-,1107994,-,-,1700x1110,-,-,e0ba9cd1ee6a0d24cff86e826276f5f5
/Users/mac24/a/projects/fotos/keep/images/photos/Originals1967-1990,FH050017.jpg,-,-,-,1010285,-,-,1700x1110,-,-,427a1bfccba3f7afa524d78301dbef03
/Users/mac24/a/projects/fotos/keep/images/photos/Originals1967-1990,FH050018.jpg,-,-,-,1549327,-,-,1700x1110,-,-,50f067cf3975b9dbdd5b3365446f8b86
/Users/mac24/a/projects/fotos/keep/images/photos/Originals1967-1990,FH050019.jpg,-,-,-,1616094,-,-,1700x1110,-,-,75a81afa0ac9d6569b8acddd9dcf35e9
/Users/mac24/a/projects/fotos/keep/images/photos/Originals1967-1990,FH050020.jpg,-,-,-,1550127,-,-,1700x1110,-,-,b3b94bb10b2f7d848209627c38443910
/Users/mac24/a/projects/fotos/keep/images/photos/Originals1967-1990,FH050021.jpg,-,-,-,1338426,-,-,1700x1110,-,-,7e1b25ccf04202768baac69f76897c56
/Users/mac24/a/projects/fotos/keep/images/photos/Originals1967-1990,FH050022.jpg,-,-,-,1161248,-,-,1700x1110,-,-,ff3f3d3563da3a76f5bcf30c09e230ad
/Users/mac24/a/projects/fotos/keep/images/photos/Originals1967-1990,FH050023.jpg,-,-,-,1152475,-,-,1110x1700,-,-,b643c1c292f18719b0a133ad268022c7
/Users/mac24/a/projects/fotos/keep/images/photos/Originals1967-1990,FH050024.jpg,-,-,-,1171816,-,-,1110x1700,-,-,45ec8788e174710a63f5bedf0b9bf1d5
/Users/mac24/a/projects/fotos/keep/images/photos/Originals1967-1990,FH050025.jpg,-,-,-,1119316,-,-,1700x1110,-,-,cfd8d05ce72c6f526f0ce8aa1b3e2317
/Users/mac24/a/projects/fotos/keep/images/photos/Originals1967-1990/Roll 81,FH000001.jpg,-,-,-,1146097,-,-,1818x1228,-,-,3a8106cd378f1048c4cad3cd86ae568f
/Users/mac24/a/projects/fotos/keep/images/photos/Originals1967-1990/Roll 81,FH000004.jpg,-,-,-,1458003,-,-,1818x1228,-,-,51f8c23ed597b6e8f713a1760cdaf52d
/Users/mac24/a/projects/fotos/keep/images/photos/Originals1967-1990/Roll 81,FH000005.jpg,-,-,-,1411480,-,-,1818x1228,-,-,2c3abb6d9e7a0fcf264fcba4f114fab9
/Users/mac24/a/projects/fotos/keep/images/photos/Originals1967-1990/Roll 81,FH000008.jpg,-,-,-,1354418,-,-,1818x1228,-,-,afbabab67fbff9fc624f441d2286ab60
/Users/mac24/a/projects/fotos/keep/images/photos/Originals1967-1990/Roll 81,FH000010.jpg,-,-,-,1218658,-,-,1818x1228,-,-,d6a6a5621bf001b6163382badec9bf19
/Users/mac24/a/projects/fotos/keep/images/photos/Originals1967-1990/Roll 81,FH000011.jpg,-,-,-,1062886,-,-,1818x1228,-,-,7574cdc8ed2b3f8b4f8166036ee40e6a
/Users/mac24/a/projects/fotos/keep/images/photos/Originals1967-1990/Roll 81,FH000015.jpg,-,-,-,1439122,-,-,1818x1228,-,-,08684925a4eefb4825df5a9eede6b5b8
/Users/mac24/a/projects/fotos/keep/images/photos/Originals1967-1990/Roll 81,FH000016.jpg,-,-,-,1105544,-,-,1818x1228,-,-,ad34d8159a5085d10df88890b719e153
/Users/mac24/a/projects/fotos/keep/images/photos/Originals1967-1990/Roll 81,FH000017.jpg,-,-,-,1176023,-,-,1818x1228,-,-,0fc556177ee0b838b41d2eb1c4c322a9
/Users/mac24/a/projects/fotos/keep/images/photos/Originals1967-1990/Roll 81,FH000018.jpg,-,-,-,1645496,-,-,1818x1228,-,-,f8b58fd7083565c19032f6278f565d71
/Users/mac24/a/projects/fotos/keep/images/photos/Originals1967-1990/Roll 81,FH000019.jpg,-,-,-,1333729,-,-,1818x1228,-,-,abd33f51724188c359931c7e67c7ff55
/Users/mac24/a/projects/fotos/keep/images/photos/Originals1967-1990/Roll 81,FH000020.jpg,-,-,-,1461270,-,-,1818x1228,-,-,cf94cd28225425fff70c8cf2be04a804
/Users/mac24/a/projects/fotos/keep/images/photos/Originals1967-1990/Roll 81,FH000022.jpg,-,-,-,1015210,-,-,1818x1228,-,-,1de6455b613f8fd0827cb4aef2f0f34d
/Users/mac24/a/projects/fotos/keep/images/photos/Originals1967-1990/Roll 81,FH000023.jpg,-,-,-,1109738,-,-,1818x1228,-,-,7a6ab40c436f3ab6d2902ddff0853762
/Users/mac24/a/projects/fotos/keep/images/photos/Originals1967-1990/Roll 81,FH000026.jpg,-,-,-,1197541,-,-,1818x1228,-,-,40de2c87513e85736f18f143fd789823
/Users/mac24/a/projects/fotos/keep/images/photos/Originals1967-1990/Roll 81,FH000027.jpg,-,-,-,1190689,-,-,1818x1228,-,-,5c485a3d7d16518536f3331d9397cdbe
/Users/mac24/a/projects/fotos/keep/images/photos/Originals1967-1990/Roll 81,FH000032.jpg,-,-,-,1232695,-,-,1818x1228,-,-,34ff93b550a411acaebcc01b645bc063
/Users/mac24/a/projects/fotos/keep/images/photos/Photo Booth,Movie 1.mov,2009-03-10 01:02:09,-,17.29 s,3789958,-,-,640x480,-,-,ea905ad42574c3ba9a541eb4372721b6
/Users/mac24/a/projects/fotos/keep/images/photos/Photo Booth,Photo 1.jpg,-,-,-,87085,-,-,640x480,-,-,2d6f63d099c0fc25d70c79deabd7a4a9
/Users/mac24/a/projects/fotos/keep/images/photos/Photo Booth,Photo 11.jpg,-,-,-,91621,-,-,640x480,-,-,b81b9fad016e029bb0a72a0c664411ab
/Users/mac24/a/projects/fotos/keep/images/photos/Photo Booth,Photo 2.jpg,-,-,-,76167,-,-,640x480,-,-,53820365041de3d67525e521a2623045
/Users/mac24/a/projects/fotos/keep/images/photos/Photo Booth,Photo 25.jpg,-,-,-,72925,-,-,640x480,-,-,fab3b5d23aba50205dfc1145bc79323c
/Users/mac24/a/projects/fotos/keep/images/photos/Photo Booth,Photo 26.jpg,-,-,-,72042,-,-,640x480,-,-,1641d30ca04aae514406b9d1ce7cf16a
/Users/mac24/a/projects/fotos/keep/images/photos/Photo Booth,Photo 27.jpg,-,-,-,76536,-,-,640x480,-,-,63db549b16690259ddeab7e6d9fc5122
/Users/mac24/a/projects/fotos/keep/images/photos/Photo Booth,Photo 3.jpg,-,-,-,82102,-,-,640x480,-,-,31f97cd8f7a9542b7a8d8bb19cd7d98b
/Users/mac24/a/projects/fotos/keep/images/photos/Photo Booth,Photo 6.jpg,-,-,-,65059,-,-,640x480,-,-,3db0b8ee51b97d0b45e2b39800dafc45
/Users/mac24/a/projects/fotos/keep/images/photos/Photo Booth,Photo 7.jpg,-,-,-,79094,-,-,640x480,-,-,54631f449e5af1c61ae0576637b7ac09
/Users/mac24/a/projects/fotos/keep/images/photos/Photo Booth,Photo 8.jpg,-,-,-,77407,-,-,640x480,-,-,7e801dc5dde917539f2d5b6d8780305c
/Users/mac24/a/projects/fotos/keep/images/photos/screenSaver,07tb-octopus01-superJumbo.jpg,-,-,-,201647,-,-,2048x1367,-,-,29b387c46c7ca9f348f03d34d263496e
/Users/mac24/a/projects/fotos/keep/images/photos/screenSaver,0811824713-biketow.jpg,-,-,-,25927,-,-,400x281,-,-,6b458eb9c820c720b4732e9462dbbf83
/Users/mac24/a/projects/fotos/keep/images/photos/screenSaver,101X-027-07A.jpg,-,-,-,29065,-,-,242x360,-,-,ed7b74339fa390b6e798dcd951cff281
/Users/mac24/a/projects/fotos/keep/images/photos/screenSaver,1024px-James_Baldwin_Allan_Warren.jpg,-,-,-,146861,-,-,1024x828,-,-,377d546e93315676fc14c1c3440bb9d7
/Users/mac24/a/projects/fotos/keep/images/photos/screenSaver,107342074_09e6c1be12_o.jpg,2005-03-26 16:44:47,2005-03-26 16:44:47,-,829747,-,-,1024x683,-,Canon EOS 10D,33636a669b629f63569768ffc0cf54cc
/Users/mac24/a/projects/fotos/keep/images/photos/screenSaver,1122-BKS-Rachman-master675.jpg,-,-,-,147480,-,-,675x669,-,-,48a88174fa847dbe749eedb3e4e6dbb4
/Users/mac24/a/projects/fotos/keep/images/photos/screenSaver,1347767035_83f3379702_o.jpg,2007-09-02 14:11:47,2007-09-02 14:11:47,-,1067677,-,-,1350x903,AF-S DX Zoom-Nikkor 12-24mm f/4G IF-ED or Tokina AT-X 124 AF PRO DX II (AF 12-24mm f/4),NIKON D200,79cc52ba07216be500ae294543a2aa00
/Users/mac24/a/projects/fotos/keep/images/photos/screenSaver,13OBSGOATS-superJumbo.jpg,-,-,-,1077594,-,-,2048x1360,-,-,ae1441d2c7dd545a5bb495c5ea2e1bae
/Users/mac24/a/projects/fotos/keep/images/photos/screenSaver,14aunty8-superJumbo.jpg,-,-,-,332437,-,-,972x1553,-,-,1166ba6f23b48fc7d079957844c91c29
/Users/mac24/a/projects/fotos/keep/images/photos/screenSaver,15hicks-bobb-slide-981V-jumbo.jpg,-,-,-,311298,-,-,1024x1024,-,-,635d29f05e6592f2c0a7ff9610502c66
/Users/mac24/a/projects/fotos/keep/images/photos/screenSaver,15TB-CRATER1-jumbo.jpg,-,-,-,115668,-,-,1024x683,-,-,8caa507f8272c6e33b370bf295be8629
/Users/mac24/a/projects/fotos/keep/images/photos/screenSaver,1704090190_65e5d0b2ac_o.jpg,2007-10-22 17:55:14,0000:00:00 00:00:00,-,385965,-,-,766x1024,-,E4600,2d906f58e39a70fe12cf5587e83996dc
/Users/mac24/a/projects/fotos/keep/images/photos/screenSaver,17chuckberry-superJumbo.jpg,-,-,-,582011,-,-,1551x2048,-,-,7efd231c0cbbd9cf599114e67733f4b6
/Users/mac24/a/projects/fotos/keep/images/photos/screenSaver,17murphy-master675.jpg,-,-,-,64804,-,-,675x659,-,-,d9294ab913ce4caa6cfa28a8b37f1c2d
/Users/mac24/a/projects/fotos/keep/images/photos/screenSaver,18TB-CRATER-1479408746987-jumbo.jpg,-,-,-,159266,-,-,1024x777,-,-,87f94670c6d6706f659e4519598af86e
/Users/mac24/a/projects/fotos/keep/images/photos/screenSaver,195638931_2c916e11e9_o.jpg,2006-07-22 12:49:30,2006-07-22 12:49:30,-,782718,-,-,1600x1067,-,Canon EOS 20D,18748368e29bb3fd326c7959f404d524
/Users/mac24/a/projects/fotos/keep/images/photos/screenSaver,19MRTURNER-sfSpan.jpg,-,-,-,31017,-,-,395x263,-,-,809e81e8de31488b77c5e3376414a5c6
/Users/mac24/a/projects/fotos/keep/images/photos/screenSaver,2181464007_a7037b8e6c_b.jpg,-,-,-,482724,-,-,1024x683,-,-,a5111126eeb6ef1551e3228f63454ac4
/Users/mac24/a/projects/fotos/keep/images/photos/screenSaver,22last-post-master768.jpg,-,-,-,72013,-,-,768x512,-,-,da139df5f11d97c26b47ed0771a139ca
/Users/mac24/a/projects/fotos/keep/images/photos/screenSaver,24artsbeat-dylan-tmagArticle.jpg,-,-,-,139734,-,-,592x892,-,-,b027bf350c42662d4afd30f2f0be67fa
/Users/mac24/a/projects/fotos/keep/images/photos/screenSaver,34113496.jpg,-,-,-,31801,-,-,314x425,-,-,b805c421b27067a7f57746b95b403338
/Users/mac24/a/projects/fotos/keep/images/photos/screenSaver,478049741_cfd84e4bf7_o.jpg,2007-04-30 00:23:46,-,-,165173,-,-,1024x731,-,-,8812375a84089b81a03c5ac175bbdff2
/Users/mac24/a/projects/fotos/keep/images/photos/screenSaver,502402180_5fc942100c_o.jpg,2007-04-23 05:19:46,-,-,554289,-,-,1160x773,-,-,c85474235592cd78083e726590ce79f6
/Users/mac24/a/projects/fotos/keep/images/photos/screenSaver,562367_10152707359180316_267034241_n.jpg,-,-,-,144154,-,-,612x612,-,-,7b275a4804adcf983aed15bb7316d440
/Users/mac24/a/projects/fotos/keep/images/photos/screenSaver,7.jpg,2016-03-17 03:32:02,-,-,695998,-,-,1000x707,-,-,01980f911524fe9a17a6b3b60efc003e
/Users/mac24/a/projects/fotos/keep/images/photos/screenSaver,7thlake.jpg,2010-06-24 19:03:41,2010-06-24 19:03:41,-,144678,-,-,1024x662,DT 18-55mm F3.5-5.6 SAM,DSLR-A230,535fd47103e7bda81b55909f582cd80b
/Users/mac24/a/projects/fotos/keep/images/photos/screenSaver,ActualBusinessLetters.jpg,-,-,-,90071,-,-,500x511,-,-,f966293e55790cdb73da840cf1b39400
/Users/mac24/a/projects/fotos/keep/images/photos/screenSaver,ali.jpg,2011-05-24 20:21:27,-,-,75451,-,-,499x696,-,-,927376814eb0ba81678ef605badbc2a9
/Users/mac24/a/projects/fotos/keep/images/photos/screenSaver,alisa_weilerstein_sq-0f5d8855f231874358f30b3b96af662bbc5d4603.jpg,-,-,-,865057,-,-,1576x1576,-,-,487209df800d1f6399990016b45ccfee
/Users/mac24/a/projects/fotos/keep/images/photos/screenSaver,artistsmodel_crumb.jpg,-,-,-,103772,-,-,500x658,-,-,39886de1d255dfc36b11763cadae2123
/Users/mac24/a/projects/fotos/keep/images/photos/screenSaver,atThePool.jpg,2007-05-30 12:21:23,-,-,87087,-,-,476x600,-,-,95e229bd304bf4f60ed745f4bfc57f25
/Users/mac24/a/projects/fotos/keep/images/photos/screenSaver,babyConsciousness.jpg,-,-,-,19392,-,-,300x229,-,-,8254e3d0912dcddf6755f457a91d893a
/Users/mac24/a/projects/fotos/keep/images/photos/screenSaver,badlandsSD.jpg,-,-,-,654594,-,-,2000x1332,-,-,36b61fb927a7cd200df65e4e26547d51
/Users/mac24/a/projects/fotos/keep/images/photos/screenSaver,band.jpg,-,-,-,190002,-,-,1024x692,-,-,106d375e38141c7fdf2781971f3439a7
/Users/mac24/a/projects/fotos/keep/images/photos/screenSaver,BarbaraJeaneVirgo1946.jpg,2009-05-30 12:35:48,-,-,527902,-,-,800x1009,-,-,1d8e756e802a5e8d43a49bec13283063
/Users/mac24/a/projects/fotos/keep/images/photos/screenSaver,baseballPunch.jpg,-,-,-,101282,-,-,768x528,-,-,60799e3f5c09db9764d048e26005d9ba
/Users/mac24/a/projects/fotos/keep/images/photos/screenSaver,Basquiat.jpg,-,-,-,70533,-,-,500x549,-,-,527ea2556f09960a9f9eafb782fdb73c
/Users/mac24/a/projects/fotos/keep/images/photos/screenSaver,bjork.jpg,-,-,-,65598,-,-,500x685,-,-,6dc6b3206cc4e6cee7c1ef8d27b29eab
/Users/mac24/a/projects/fotos/keep/images/photos/screenSaver,boo.jpg,-,-,-,54122,-,-,500x649,-,-,3ad744b4146cdbd5f6d494a2b9be836d
/Users/mac24/a/projects/fotos/keep/images/photos/screenSaver,bumpercars.jpg,2006-09-18 20:49:09,2006-09-18 20:49:09,-,396650,-,-,1280x960,-,E5900,7d0a91c903a1b0781b21a48f6fcd56f4
/Users/mac24/a/projects/fotos/keep/images/photos/screenSaver,cache-and-carry_1.jpg,-,-,-,38084,-,-,320x320,-,-,12c14655f79b88082f1791e618a37678
/Users/mac24/a/projects/fotos/keep/images/photos/screenSaver,canine-bench-44.3.jpg,-,-,-,38255,-,-,784x536,-,-,de003316f398d3a7dcb3c0ee9f860ffc
/Users/mac24/a/projects/fotos/keep/images/photos/screenSaver,Clinton_Daw_Aung_San_Suu_Kyi.jpg,-,-,-,42054,-,-,337x250,-,-,bdcd0e7e6b9b0a2b372913447be01d25
/Users/mac24/a/projects/fotos/keep/images/photos/screenSaver,clintonIsBack.jpg,2012-04-16 11:37:03,-,-,145867,-,-,499x333,-,-,5f1afb17f82223e42f1543d168ee0f6f
/Users/mac24/a/projects/fotos/keep/images/photos/screenSaver,color.jpg,2014-11-18 14:37:41,2014-11-18 14:37:41,-,107592,-,-,500x499,80.0mm,Leaf Aptus-II 7(LI301677   )/Phase One 645DF/645AF,d2b0eea6a9750bb63fb80626beaa7768
/Users/mac24/a/projects/fotos/keep/images/photos/screenSaver,color2.jpg,2014-11-18 14:30:00,2014-11-18 14:30:00,-,955347,-,-,977x886,80.0mm,Leaf Aptus-II 7(LI301677   )/Phase One 645DF/645AF,1190fe784c1dac692ffd43e20a93fc09
/Users/mac24/a/projects/fotos/keep/images/photos/screenSaver,commieBeatles.jpg,-,-,-,84437,-,-,400x624,-,-,d57c51b9c40b26021cd9518f68f362dc
/Users/mac24/a/projects/fotos/keep/images/photos/screenSaver,cyber-girl.jpg,-,-,-,117760,-,-,1024x768,-,-,164f7036cc5c471460e96aee930a241f
/Users/mac24/a/projects/fotos/keep/images/photos/screenSaver,Cygnus_NorthAmericaNebula.jpg,-,-,-,396280,-,-,947x1024,-,-,1d17120083260f23302dcd25f2d09e28
/Users/mac24/a/projects/fotos/keep/images/photos/screenSaver,dadSavesSonFrBat2016.jpg,-,-,-,132970,-,-,675x462,-,-,7bed29f7709142d08d435981dea0a7e3
/Users/mac24/a/projects/fotos/keep/images/photos/screenSaver,darwinTreeOfLife.png,-,-,-,807437,-,-,523x830,-,-,59c0229f26ddb966f0e245bc5713eab5
/Users/mac24/a/projects/fotos/keep/images/photos/screenSaver,dearAndy.jpg,-,-,-,265177,-,-,500x634,-,-,927d1b401f5ba746dfa537fec2f4ac6a
/Users/mac24/a/projects/fotos/keep/images/photos/screenSaver,deprestion_line.jpg,-,-,-,104407,-,-,1024x684,-,-,caf75ab46c11f49cd7a6e2233e139dc5
/Users/mac24/a/projects/fotos/keep/images/photos/screenSaver,dn26748-2_1200.jpg,-,-,-,1795352,-,-,1200x1645,-,-,1849e05d97c190faf1fad6f1499f2370
/Users/mac24/a/projects/fotos/keep/images/photos/screenSaver,DorothyVirgo_and_Sibs.jpg,-,-,-,71617,-,-,500x376,-,-,33f1ade3682bba4032009d20ef1b60c5
/Users/mac24/a/projects/fotos/keep/images/photos/screenSaver,DorothyVirgo.jpg,-,-,-,34395,-,-,319x500,-,-,df956c2fe59cebd2ce6bb0d7bc43533c
/Users/mac24/a/projects/fotos/keep/images/photos/screenSaver,drawingBreast+TomWesselmann1965.jpg,-,-,-,36747,-,-,500x299,-,-,ef5e4cc2143502c698a345631ba4bee8
/Users/mac24/a/projects/fotos/keep/images/photos/screenSaver,dyo_comics.jpg,2011-03-22 11:22:39,-,-,80656,-,-,499x599,-,-,6cf8d891d29cebe68a18fd3e99947069
/Users/mac24/a/projects/fotos/keep/images/photos/screenSaver,eclipse-watcher.jpg,-,-,-,408899,-,-,2048x1365,-,-,f18f04403af9696f124217b0cc51c1b6
/Users/mac24/a/projects/fotos/keep/images/photos/screenSaver,Europa.jpg,-,-,-,110476,-,-,1024x554,-,-,1b79d2b1b03a42df1e2adb164c01ec5a
/Users/mac24/a/projects/fotos/keep/images/photos/screenSaver,finalSubGeniousDevival.jpg,-,-,-,218658,-,-,500x772,-,-,be79716d64ecb161eac7d782afa5a3f5
/Users/mac24/a/projects/fotos/keep/images/photos/screenSaver,FongoliChimp.jpg,-,-,-,801173,-,-,1361x2048,-,-,279a934dfd07a69284af658af8c7d754
/Users/mac24/a/projects/fotos/keep/images/photos/screenSaver,getDownDance.jpg,2009-05-11 23:13:58,-,-,158112,-,-,500x325,-,-,d5f25165be51a3ca253dc65079be9ca6
/Users/mac24/a/projects/fotos/keep/images/photos/screenSaver,greyhound1_love_dust.jpg,-,-,-,238011,-,-,610x820,-,-,f0924f249d6f73e3eb618bf845d92345
/Users/mac24/a/projects/fotos/keep/images/photos/screenSaver,happybeachscene.jpg,-,-,-,45822,-,-,600x783,-,-,0a96dc5ff389a4aafd7d16fbf2b5b299
/Users/mac24/a/projects/fotos/keep/images/photos/screenSaver,HarperLee1961.jpg,-,-,-,67191,-,-,427x594,-,-,7d79687b440a9b812b4830f6d7ca9de2
/Users/mac24/a/projects/fotos/keep/images/photos/screenSaver,Héctor Garcia_1963.png,-,-,-,724506,-,-,638x795,-,-,acc8cea0938a7b2898e379181b92d84d
/Users/mac24/a/projects/fotos/keep/images/photos/screenSaver,Héctor_Garcia_1965.png,-,-,-,767145,-,-,630x783,-,-,5b0464cf0b2b7134c44e7c91b8c54564
/Users/mac24/a/projects/fotos/keep/images/photos/screenSaver,hopper-Light.jpg,-,-,-,45041,-,-,500x456,-,-,f496f139c76b1824b80e6b27413eebde
/Users/mac24/a/projects/fotos/keep/images/photos/screenSaver,horrible.jpg,-,-,-,66364,-,-,500x320,-,-,d097fd004749c8b884219e9c67c72c23
/Users/mac24/a/projects/fotos/keep/images/photos/screenSaver,IMG_1518.jpg,-,-,-,118525,-,-,650x650,-,-,cb8064184abaca6c714cd02f0a84864d
/Users/mac24/a/projects/fotos/keep/images/photos/screenSaver,insectFace.jpg,-,-,-,133411,-,-,675x675,-,-,692ef5cce6f0d9e1dd0ba0aa14c566c3
/Users/mac24/a/projects/fotos/keep/images/photos/screenSaver,JackDelano.jpg,-,-,-,124582,-,-,875x1133,-,-,7f177bdbd5e41eed5f5fc88e84ef89ae
/Users/mac24/a/projects/fotos/keep/images/photos/screenSaver,JeanneDArc.jpg,-,-,-,810283,-,-,1690x1522,-,-,934a0afc188aaa60073c9857c684e68e
/Users/mac24/a/projects/fotos/keep/images/photos/screenSaver,KAIOTTON_ZISCO_POSTER.jpg,-,-,-,66874,-,-,522x325,-,-,114c8b7203d4a5dc3bb7f1ecb4592c7e
/Users/mac24/a/projects/fotos/keep/images/photos/screenSaver,Kubrick_photo_1948_2.jpg,-,-,-,165715,-,-,1050x1078,-,-,d04127ba6b4b9b8ad80005d949a8fd0e
/Users/mac24/a/projects/fotos/keep/images/photos/screenSaver,kubrick_photo_1948.jpg,-,-,-,96444,-,-,1050x1052,-,-,c3e67c7fed6972730a56b39b9bd23467
/Users/mac24/a/projects/fotos/keep/images/photos/screenSaver,laughingPoloticans.jpg,-,-,-,12820,-,-,260x190,-,-,77278f4c9e7012a4d01258bfbe76c3f9
/Users/mac24/a/projects/fotos/keep/images/photos/screenSaver,LeePlazaHotelBallroomDetroit.jpg,-,-,-,229845,-,-,760x602,-,-,9d095476be85a42cae1e237bc5fc3737
/Users/mac24/a/projects/fotos/keep/images/photos/screenSaver,legs.jpg,-,-,-,154012,-,-,952x636,-,-,943d9bab466509fd34c3b294427110ca
/Users/mac24/a/projects/fotos/keep/images/photos/screenSaver,leonardCohen-self-portrait.jpg,-,-,-,86645,-,-,500x616,-,-,c1a0425d893eea3ab9d0ea2172140221
/Users/mac24/a/projects/fotos/keep/images/photos/screenSaver,maryDelany_179?.jpg,-,-,-,81486,-,-,500x703,-,-,81a4fe2825cbd4d0f5a1a9a905ba30d5
/Users/mac24/a/projects/fotos/keep/images/photos/screenSaver,memory.loc.gov.8a20391v.jpg,-,-,-,160598,-,-,1024x822,-,-,221071bea449d7dc3ef1d84bb4252b74
/Users/mac24/a/projects/fotos/keep/images/photos/screenSaver,MereilBailey_CazChurch.jpg,2009-11-10 12:33:58,-,-,1941830,-,-,2178x1502,-,-,74816659b84e24d3c77c6940cc981393
/Users/mac24/a/projects/fotos/keep/images/photos/screenSaver,mistakenforvision.jpg,0000:00:00 00:00:00,0000:00:00 00:00:00,-,555623,-,-,698x702,-,E3100,681ba98f9b3b2695675e2b8972c61706
/Users/mac24/a/projects/fotos/keep/images/photos/screenSaver,moreTreesLessAssholes.jpg,-,-,-,44568,-,-,500x353,-,-,51a4e87010e731b0b448ae93cb92bf15
/Users/mac24/a/projects/fotos/keep/images/photos/screenSaver,mulberry_street_nyc_c1900_loc_3g04637u_edit.jpg,-,-,-,127214,-,-,800x591,-,-,e6fd9b45a944d886ed5576634667c57e
/Users/mac24/a/projects/fotos/keep/images/photos/screenSaver,myHouse1950.jpg,-,-,-,53096,-,-,500x408,-,-,1d74c45d827d4aade8192fcdc2baf4af
/Users/mac24/a/projects/fotos/keep/images/photos/screenSaver,nadal.190.jpg,-,-,-,15655,-,-,190x239,-,-,3a0507598da82ed0fe3a5886f78fc046
/Users/mac24/a/projects/fotos/keep/images/photos/screenSaver,nationalgepgraphic2017potocontest.jpg,-,-,-,327287,-,-,900x599,-,-,714c94b5dbbf6f693a68fe4d297e9d83
/Users/mac24/a/projects/fotos/keep/images/photos/screenSaver,NigerianWedding3.jpg,-,-,-,248307,-,-,1024x768,-,-,e57cf4257bad07006e313a4b46d168f2
/Users/mac24/a/projects/fotos/keep/images/photos/screenSaver,Observable_universe_logarithmic_illustration_Pablo_Carlos_Budassi.png,-,-,-,30008459,-,-,4200x4200,-,-,226b9208b40b0ec613cf49401a4b26f9
/Users/mac24/a/projects/fotos/keep/images/photos/screenSaver,Os-Gemeos_Blu_Lisbon_1_u_1000.jpg,-,-,-,343362,-,-,900x675,-,-,a938ba96158d9a8ca389fb592d75cb10
/Users/mac24/a/projects/fotos/keep/images/photos/screenSaver,Os-Gemeos_Blu_Lisbon_5_u.jpg,-,-,-,309097,-,-,650x867,-,-,fe76f1c0f3521d3916d5e30682303d75
/Users/mac24/a/projects/fotos/keep/images/photos/screenSaver,owl_march.jpg,-,-,-,92737,-,-,953x697,-,-,8b0e655d4684c38a02786b3ed3e1a72c
/Users/mac24/a/projects/fotos/keep/images/photos/screenSaver,paccaso6.jpg,-,-,-,35796,-,-,492x640,-,-,4d1af70bb25016ac1513fdf908eb67ba
/Users/mac24/a/projects/fotos/keep/images/photos/screenSaver,package.png,-,-,-,1447317,-,-,1200x1576,-,-,e530441b8545379b89557b3e6b531f11
/Users/mac24/a/projects/fotos/keep/images/photos/screenSaver,passion.jpg,2012-06-15 15:12:27,2012-06-15 15:12:27,-,180189,-,-,500x666,-,V-LUX 1,a87d87f86df322574df60b98638ff019
/Users/mac24/a/projects/fotos/keep/images/photos/screenSaver,picasso__Sunning.jpg,-,-,-,23691,-,-,300x418,-,-,58f2a3445d912c873d407636dd81fa8c
/Users/mac24/a/projects/fotos/keep/images/photos/screenSaver,picasso_robert-capa.jpeg,-,-,-,53450,-,-,600x626,-,-,25b35d31e1c69d200dab009a1511a64f
/Users/mac24/a/projects/fotos/keep/images/photos/screenSaver,picassoBeach.jpg,-,-,-,82108,-,-,620x646,-,XY-15,ae2a8f0edd4177b96ea3158c8f60a3cd
/Users/mac24/a/projects/fotos/keep/images/photos/screenSaver,playing_with_cars.jpg,-,-,-,74659,-,-,442x480,-,-,5def533f2588f8a8c71ec5031e6416d9
/Users/mac24/a/projects/fotos/keep/images/photos/screenSaver,pokadotWoman.jpg,-,-,-,103865,-,-,561x800,-,-,61989f333efc45db851b896d255e83ff
/Users/mac24/a/projects/fotos/keep/images/photos/screenSaver,Rosetta_Tharpe.jpg,-,-,-,98306,-,-,745x1024,-,-,064b2749fe3c655a798f9b5829fe762a
/Users/mac24/a/projects/fotos/keep/images/photos/screenSaver,segregtion.jpg,-,-,-,206468,-,-,800x558,-,-,b9b50703eb6e57110b6fc79cc74be62c
/Users/mac24/a/projects/fotos/keep/images/photos/screenSaver,seniors.jpg,-,-,-,31640,-,-,600x400,-,-,7b33a2bb93d1d1797eeb8406c2004dcd
/Users/mac24/a/projects/fotos/keep/images/photos/screenSaver,SerenaWilliams2010.jpg,-,-,-,36320,-,-,480x274,-,-,5ff20abde759e4871c1a2f6cdfd33c33
/Users/mac24/a/projects/fotos/keep/images/photos/screenSaver,serina2015.jpg,-,-,-,41960,-,-,600x421,-,-,ac37b98e6b434b5da9e28efd430a1e42
/Users/mac24/a/projects/fotos/keep/images/photos/screenSaver,serveimage.jpeg,-,-,-,952037,-,-,1200x1188,-,-,06888270b29c5df2343229fd276ddbaa
/Users/mac24/a/projects/fotos/keep/images/photos/screenSaver,shattered.jpg,-,-,-,70708,-,-,800x654,-,-,00b9a9f4a8e3639c80a4583c013143a1
/Users/mac24/a/projects/fotos/keep/images/photos/screenSaver,shattered03.jpg,-,-,-,427143,-,-,738x516,-,-,1dc4eb008a50d92df88b05ed611ebae7
/Users/mac24/a/projects/fotos/keep/images/photos/screenSaver,shattered05.jpg,-,-,-,80660,-,-,800x720,-,-,81ec5c95865d45071c1ed3ebc5e3ad9e
/Users/mac24/a/projects/fotos/keep/images/photos/screenSaver,shuttle.650.33.jpg,-,-,-,42377,-,-,650x450,-,-,37d09339bbe28dac724ef937c1bcf17c
/Users/mac24/a/projects/fotos/keep/images/photos/screenSaver,StEulalia.jpg,-,-,-,165457,-,-,438x700,-,-,ec449451def5bdad1bb7c5addb622f7a
/Users/mac24/a/projects/fotos/keep/images/photos/screenSaver,swingDance.jpg,-,-,-,194411,-,-,700x992,-,-,38cf8454276c558361eda2c1be926ccb
/Users/mac24/a/projects/fotos/keep/images/photos/screenSaver,theBurn.jpg,-,-,-,106146,-,-,600x614,-,-,eb0cf2677707be43335d25ab37206e37
/Users/mac24/a/projects/fotos/keep/images/photos/screenSaver,thePitch.jpg,2012-05-18 09:12:23,-,-,30659,-,-,499x332,-,-,0105762b8e8e56995bc24f871ecf2ecc
/Users/mac24/a/projects/fotos/keep/images/photos/screenSaver,trishaShattuck_FigureStudy.jpg,-,-,-,52247,-,-,800x578,-,-,46d8652a58ec7d48542ea9e779ec5ef2
/Users/mac24/a/projects/fotos/keep/images/photos/screenSaver,tumblr_kssxd5GnPk1qz6f9yo1_1280.jpg,-,-,-,374503,-,-,586x400,-,-,abb299ca5979313d73a871ed87169b8c
/Users/mac24/a/projects/fotos/keep/images/photos/screenSaver,tumblr_kszk3m8DEh1qz6f9yo1_500.jpg,-,-,-,93410,-,-,466x700,-,-,11f86e0545048b3f3865acced9a97c24
/Users/mac24/a/projects/fotos/keep/images/photos/screenSaver,tumblr_l0mchtVORP1qz6f9yo1_500.jpg,-,-,-,80252,-,-,480x320,-,-,87dd790631f6e7a5dab1eb4c9c8c7c3f
/Users/mac24/a/projects/fotos/keep/images/photos/screenSaver,tumblr_lm9xu8tRAm1qzyxjro1_500.jpg,-,-,-,44318,-,-,500x499,-,-,704e82f8dbf3688c74884e5165ee1ad3
/Users/mac24/a/projects/fotos/keep/images/photos/screenSaver,tumblr_lq32y0yQis1qz6f9yo1_500.jpg,2011-08-15 13:30:44,-,-,330044,-,-,499x680,-,-,c47225fbf186bcf827589cf919ca4e56
/Users/mac24/a/projects/fotos/keep/images/photos/screenSaver,tumblr_lt4mk8pdv31qz6f9yo1_r1_500.jpg,2011-10-15 14:27:48,-,-,308575,-,-,496x539,-,-,5ce0b27248b3787028f13f4d37a9cf45
/Users/mac24/a/projects/fotos/keep/images/photos/screenSaver,tumblr_nn9uddPinm1qz6f9yo1_500.jpg,-,-,-,29735,-,-,397x750,-,-,f56eb474c51b65151ab3d2e41abe6c6a
/Users/mac24/a/projects/fotos/keep/images/photos/screenSaver,tumblr_oexzlla0Ai1qz6f9yo1_500.jpg,-,-,-,153380,-,-,500x555,-,-,72a9fb96e84ddeebdffc34e9aec417d6
/Users/mac24/a/projects/fotos/keep/images/photos/screenSaver,tumblr_ol2safgsok1qz6f9yo3_1280.jpg,-,-,-,242688,-,-,1050x787,-,-,d0a54e594ae5ff89d81f0591e734fb12
/Users/mac24/a/projects/fotos/keep/images/photos/screenSaver,UtahCanyon2017NationalGeographic_900.jpg,-,-,-,241539,-,-,900x527,-,-,cc0a79c4515b4daa6b97d2e3e010a0b5
/Users/mac24/a/projects/fotos/keep/images/photos/screenSaver,vandalog.jpg,-,-,-,172195,-,-,500x375,-,-,c836c341df92316dcb47b6bfc152e047
/Users/mac24/a/projects/fotos/keep/images/photos/screenSaver,WaimakFallsHut.jpg,-,2010-03-12 08:26:46,-,265313,-,-,1024x684,-,-,8c315a5e4b4d49ddaa7f5cebbc19d2f5
/Users/mac24/a/projects/fotos/keep/images/photos/screenSaver,waterhouse_st_eulalia.jpg,-,-,-,120015,-,-,540x886,-,-,e6ea5dbd41f57be1446b76d36cdfb660
/Users/mac24/a/projects/fotos/keep/images/photos/screenSaver,womanLikePainting.jpg,2008-04-16 11:01:14,2008-04-16 11:01:14,-,75491,-,-,500x493,50.0mm,Canon EOS-1Ds Mark II,30a82190e58fd0576b734e3e69baa697
/Users/mac24/a/projects/fotos/keep/images/photos/screenSaver,yuval-harari.jpg,-,-,-,139616,-,-,1024x674,-,-,2b2239c56a79ff483457f9c1d58298d2
/Users/mac24/a/projects/fotos/keep/images/photos/screenSaver,z.jpg,-,-,-,84412,-,-,470x599,-,-,74a9bd73513b5e11c2535f6b377497ea
/Users/mac24/a/projects/fotos/keep/images/photos/screenSaver,zwanen_cover.jpg,-,-,-,28884,-,-,437x300,-,-,29537f0654ac55622e67f62867cd2163
/Users/mac24/a/projects/fotos/keep/images/photos/screenSaver/otherpeoplesart,noonGame_DanRico.jpg,-,-,-,2441173,-,-,6809x5368,-,-,69d3c3915a88d14cd6e67e4a671e7bae
/Users/mac24/a/projects/fotos/keep/images/photos/screenSaver/otherpeoplesart,rollThemBones_IrvingGuyer.jpg,-,-,-,2204235,-,-,6376x5560,-,-,feba4e722fb86b82431bb8c4c160ca8a
/Users/mac24/a/projects/fotos/keep/images/pwv_health,CDCcovidVaccination.jpg,2021-04-10 13:52:54,2021-04-10 13:52:54,-,938451,39.1317361111111,-77.2262944444444,1894x2522,-,Pixel 5,c8e839df4c51a8fafe38d9b3f7fc093d
/Users/mac24/a/projects/fotos/keep/images/pwv_health/medicare,medicare_back.jpg,-,-,-,182895,-,-,976x640,-,-,2632d6d2a612de058f0abbf31fa7ca06
/Users/mac24/a/projects/fotos/keep/images/pwv_health/medicare,medicare_front.jpg,-,-,-,118136,-,-,992x624,-,-,77946bd43191f0f2ccf7e87c548835be
/Users/mac24/a/projects/fotos/keep/images/pwv_health/medicare,plan_n_back.jpg,-,-,-,92781,-,-,1056x608,-,-,66ccea91321d77966de6f2236d7e0890
/Users/mac24/a/projects/fotos/keep/images/pwv_health/medicare,plan_n_front.jpg,-,-,-,60113,-,-,992x640,-,-,6a1027bb0c2e09ffc3855b21f3bfa6ff
/Users/mac24/a/projects/fotos/keep/images/pwv_stuff/house/HOA,ARC_windows_aprroval.png,-,-,-,518586,-,-,3042x2054,-,-,a472a28ac867ff6c259fe8ef3de7c11b
/Users/mac24/a/projects/fotos/keep/images/pwv_stuff/house/matenance,20170507refrigerator.jpg,2017-05-09 13:39:14,2017-05-09 13:39:14,-,1366321,39.1316936944444,-77.2263885277778,1866x3431,-,LG-H811,0fb262eddb60ba6c70590f24466f35e8
/Users/mac24/a/projects/fotos/keep/images/pwv_stuff/house/mortgage,20190408transactions.png,-,-,-,81209,-,-,1196x418,-,-,1b29cf51030be22bb5a908803bb4a3a6
/Users/mac24/a/projects/fotos/keep/images/pwv_stuff/house/mortgage/refi/refi2020,FidelityWithdrawlPlan.png,-,-,-,168012,-,-,1031x822,-,-,e85d86a7f2b535f29ea536fb91819319
/Users/mac24/a/projects/fotos/keep/images/pwv_stuff/house/mortgage/refi/refi2020,HOA_ledger.png,-,-,-,147208,-,-,1387x913,-,-,148e21c7ba79582f436d331979482ec8
/Users/mac24/a/projects/fotos/keep/images/pwv_stuff/inventory,20090121newSofa.jpg,2009-01-21 11:21:19,2009-01-21 11:21:20,-,503914,-,-,3008x2000,-,NIKON D40,9e458722b1bc03d7fde750dc332b764c
/Users/mac24/a/projects/fotos/keep/images/pwv_stuff/inventory,2015-06-28 23.49.24.jpg,2015-06-28 23:49:24,2015-06-28 23:49:24,-,860441,-,-,1152x2048,-,SCH-I535,2552f8f5b0ee1328eac58cdc82421195
/Users/mac24/a/projects/fotos/keep/images/pwv_stuff/inventory,2015-06-28 23.52.28.jpg,2015-06-28 23:52:28,2015-06-28 23:52:28,-,371871,-,-,2048x1152,-,SCH-I535,57aba30de9de14b9c85abea7ec54114b
/Users/mac24/a/projects/fotos/keep/images/pwv_stuff/inventory,2015-06-28 23.53.06.jpg,2015-06-28 23:53:06,2015-06-28 23:53:06,-,755596,-,-,1152x2048,-,SCH-I535,60fd36f1630bc3bf89c396def752f1d3
/Users/mac24/a/projects/fotos/keep/images/pwv_stuff/inventory,2015-06-28 23.53.26.jpg,2015-06-28 23:53:26,2015-06-28 23:53:26,-,1029500,-,-,1152x2048,-,SCH-I535,48b899608b540ce9b51871689f1fc13f
/Users/mac24/a/projects/fotos/keep/images/pwv_stuff/inventory,2015-06-28 23.55.46.jpg,2015-06-28 23:55:46,2015-06-28 23:55:46,-,498583,-,-,1152x2048,-,SCH-I535,0bbdbd95a301700815bbe11e927e6a6f
/Users/mac24/a/projects/fotos/keep/images/pwv_stuff/inventory,2015-06-28 23.56.31.jpg,2015-06-28 23:56:31,2015-06-28 23:56:31,-,926270,-,-,2048x1152,-,SCH-I535,dfc351be514dba73e251400ffe254769
/Users/mac24/a/projects/fotos/keep/images/pwv_stuff/inventory,20170531_125451.jpg,2017-05-31 12:54:51,2017-05-31 12:54:51,-,1397648,39.1316561666667,-77.2263563333333,3984x2988,-,LG-H811,6c698336fd85ccef8597b4d6a4ac1d40
/Users/mac24/a/projects/fotos/keep/images/pwv_stuff/inventory,20170531_125618.jpg,2017-05-31 12:56:18,2017-05-31 12:56:18,-,1264725,39.1317015833333,-77.2263983055555,3984x2988,-,LG-H811,f845ced00f5b3119dbd97b1eb9600e28
/Users/mac24/a/projects/fotos/keep/images/pwv_stuff/inventory,20170531_125851.jpg,2017-05-31 12:58:51,2017-05-31 12:58:51,-,1717001,39.1317021111111,-77.2263409722222,3984x2988,-,LG-H811,86790da27f80d2232ee4b0aba42b276a
/Users/mac24/a/projects/fotos/keep/images/pwv_stuff/inventory,20170531_130045.jpg,2017-05-31 13:00:45,2017-05-31 13:00:45,-,1427718,39.1317015277778,-77.2263411111111,3984x2988,-,LG-H811,eb19f05d6b744bf859b320e2292fe392
/Users/mac24/a/projects/fotos/keep/images/pwv_stuff/inventory,20170531_130252.jpg,2017-05-31 13:02:52,2017-05-31 13:02:52,-,1305255,39.1316996111111,-77.2263398888889,3984x2988,-,LG-H811,27d30f8fc58f73205ba251ba4effb741
/Users/mac24/a/projects/fotos/keep/images/pwv_stuff/inventory,20170531_130407.jpg,2017-05-31 13:04:07,2017-05-31 13:04:07,-,1841089,39.1317040277778,-77.2263468888889,3984x2988,-,LG-H811,de63175017071a94ddf3a72e54ec0410
/Users/mac24/a/projects/fotos/keep/images/pwv_stuff/inventory,20170531_130501.jpg,2017-05-31 13:05:01,2017-05-31 13:05:01,-,1428320,39.131706,-77.2263412222222,3984x2988,-,LG-H811,f09aaf72f10001ba51057e33f57c9d6b
/Users/mac24/a/projects/fotos/keep/images/pwv_stuff/inventory,20170531_130543.jpg,2017-05-31 13:05:43,2017-05-31 13:05:43,-,1457028,39.1317034444444,-77.2263076666667,3984x2988,-,LG-H811,b319ac9c9a6b372be0d41d2cfdc2036d
/Users/mac24/a/projects/fotos/keep/images/pwv_stuff/inventory,20170531_130601.jpg,2017-05-31 13:06:01,2017-05-31 13:06:01,-,1428195,39.1317049444444,-77.2263068888889,3984x2988,-,LG-H811,5c35089ac9888a4696df4cca7e0b3287
/Users/mac24/a/projects/fotos/keep/images/pwv_stuff/inventory,20170531_130615.jpg,2017-05-31 13:06:15,2017-05-31 13:06:15,-,1290129,39.13170575,-77.2263064166667,3984x2988,-,LG-H811,1ec152b77e7b7db656c91d9652f4ab19
/Users/mac24/a/projects/fotos/keep/images/pwv_stuff/inventory,20170531_130734.jpg,2017-05-31 13:07:34,2017-05-31 13:07:34,-,1241138,39.1317059166667,-77.2263060833333,3984x2988,-,LG-H811,a4cbba27779a4e68ce8faa6bcc22888c
/Users/mac24/a/projects/fotos/keep/images/pwv_stuff/inventory,20170531_130818.jpg,2017-05-31 13:08:18,2017-05-31 13:08:18,-,1460192,39.1317057777778,-77.2263055833333,3984x2988,-,LG-H811,031e6444545104e23cd39941d97a3c92
/Users/mac24/a/projects/fotos/keep/images/pwv_stuff/inventory,20170531_130948.jpg,2017-05-31 13:09:48,2017-05-31 13:09:48,-,1445601,39.1317196666667,-77.2262276388889,3984x2988,-,LG-H811,872738fad271403060da2bc1a0bd74f5
/Users/mac24/a/projects/fotos/keep/images/pwv_stuff/inventory,20170531_131108.jpg,2017-05-31 13:11:08,2017-05-31 13:11:08,-,1158052,39.1317716944444,-77.2262424444444,3984x2988,-,LG-H811,157ed6e8723c5adf6a5f68ea39e73bf2
/Users/mac24/a/projects/fotos/keep/images/pwv_stuff/inventory,20170531_131302.jpg,2017-05-31 13:13:01,2017-05-31 13:13:01,-,1354978,39.1317773055556,-77.2262278055556,3984x2988,-,LG-H811,015594f15b9f6df5b927aa16cb71fe30
/Users/mac24/a/projects/fotos/keep/images/pwv_stuff/inventory,20170531_131314.jpg,2017-05-31 13:13:14,2017-05-31 13:13:14,-,1330545,39.1317775833333,-77.2262276666667,3984x2988,-,LG-H811,0eebb6f5df626d73432aaf5b2fd08da9
/Users/mac24/a/projects/fotos/keep/images/pwv_stuff/inventory,20170531_131539.jpg,2017-05-31 13:15:39,2017-05-31 13:15:39,-,1294396,39.1317239444444,-77.2262409166667,3984x2988,-,LG-H811,913446da515e0215bbba9b28443ddd39
/Users/mac24/a/projects/fotos/keep/images/pwv_stuff/inventory,20170531_131659.jpg,2017-05-31 13:16:59,2017-05-31 13:16:59,-,1197984,39.1317233055556,-77.2262378888889,3984x2988,-,LG-H811,6f442abf1941373f5b7fd86177c207d1
/Users/mac24/a/projects/fotos/keep/images/pwv_stuff/inventory,20170531_131838.jpg,2017-05-31 13:18:38,2017-05-31 13:18:38,-,1494824,39.1317251666667,-77.2262395277778,3984x2988,-,LG-H811,813f04006dab8289de40b3b8e5768b50
/Users/mac24/a/projects/fotos/keep/images/pwv_stuff/inventory,20170531_131941.jpg,2017-05-31 13:19:41,2017-05-31 13:19:41,-,1356526,39.1317704444444,-77.2262365277778,3984x2988,-,LG-H811,f867129cf6c4e7d305ee963df3e427be
/Users/mac24/a/projects/fotos/keep/images/pwv_stuff/inventory,20170531_131956.jpg,2017-05-31 13:19:55,2017-05-31 13:19:55,-,1640109,39.1317704444444,-77.2262365277778,3984x2988,-,LG-H811,878f325a3f628e5b6a29880f4b0d8ff6
/Users/mac24/a/projects/fotos/keep/images/pwv_stuff/inventory,20170531_132119.jpg,2017-05-31 13:21:19,2017-05-31 13:21:19,-,1602455,39.1317704444444,-77.2262365277778,3984x2988,-,LG-H811,b1b3ac4a7e77bbfa400938a0bb4ceff5
/Users/mac24/a/projects/fotos/keep/images/pwv_stuff/inventory,20170531_132130.jpg,2017-05-31 13:21:30,2017-05-31 13:21:30,-,1398886,39.1317704444444,-77.2262365277778,3984x2988,-,LG-H811,5efd011f4ddf47ed7934a78f797d1f19
/Users/mac24/a/projects/fotos/keep/images/pwv_stuff/inventory,20170531_132155.jpg,2017-05-31 13:21:55,2017-05-31 13:21:55,-,2023277,39.1319421944444,-77.2266535555556,3984x2988,-,LG-H811,8e26f9566fd3bc9a13e3e349394a2dd4
/Users/mac24/a/projects/fotos/keep/images/pwv_stuff/inventory,20170531_132208.jpg,2017-05-31 13:22:08,2017-05-31 13:22:08,-,1406199,39.1319421944444,-77.2266535555556,3984x2988,-,LG-H811,194c5b86209fcbc09151616fe21b960f
/Users/mac24/a/projects/fotos/keep/images/pwv_stuff/inventory,20170531_132253.jpg,2017-05-31 13:22:53,2017-05-31 13:22:53,-,1384737,39.1316861388889,-77.2261139444444,3984x2988,-,LG-H811,fd72de48248417ba30bc1bb433b29c7a
/Users/mac24/a/projects/fotos/keep/images/pwv_stuff/inventory,pennies1862to1909.jpg,2009-01-25 12:26:15,2009-01-25 12:26:16,-,677972,-,-,2961x1071,-,NIKON D40,c4be9047959da3b2d98a655c285a75c5
/Users/mac24/a/projects/fotos/keep/images/pwv_stuff/inventory,pennies1941to1974.jpg,2008-11-18 21:33:39,2008-11-18 21:33:39,-,387699,-,-,1951x914,-,NIKON D40,eed8f0909c2bdee7875ca50bb6ac8baa
/Users/mac24/a/projects/fotos/keep/images/pwv_stuff/inventory/myCDS,audioBooks_inSHoebox.jpg,2020-09-28 19:23:26,2020-09-28 19:23:26,-,1811591,-,-,2191x1598,Sony 24-200mm F2.8-4.5,DSC-RX100M6,2dd019596432b9cfe0bb7d0d2b9f871c
/Users/mac24/a/projects/fotos/keep/images/pwv_stuff/inventory/myCDS,DVDs-in-ShoeBox.jpg,2020-09-26 17:33:07,2020-09-26 17:33:07,-,1635226,-,-,2318x1518,Sony 24-200mm F2.8-4.5,DSC-RX100M6,ccbe6b334d79eb77552f88a60014f975
/Users/mac24/a/projects/fotos/keep/images/pwv_stuff/money/banks,20200319transfer.png,-,-,-,103623,-,-,1054x598,-,-,ea2b7669a15a650c26d205e59f9b7085
/Users/mac24/a/projects/fotos/keep/images/pwv_stuff/money/banks,20200323redeemRewards_TMP.png,-,-,-,163360,-,-,1049x726,-,-,9e97db24928c1900161e32513b46ea57
/Users/mac24/a/projects/fotos/keep/images/pwv_stuff/money/banks,20200420transfer.png,-,-,-,105122,-,-,1052x588,-,-,288f5c234c716f86760fb5f1c73689d7
/Users/mac24/a/projects/fotos/keep/images/pwv_stuff/money/invest,"Screenshot_2020-04-16 Starwood Property Trust (NYSE STWD) - Share price, News Analysis - Simply Wall St.png",-,-,-,3186210,-,-,1920x23498,-,-,48996e7193d85597e8a40eb72ca232f0
/Users/mac24/a/projects/fotos/keep/images/pwv_stuff/money/invest,IBond-redeemed-20240103.png,-,-,-,479465,-,-,2382x1766,-,-,f9a035dceff76722e770ca775fbcf434
/Users/mac24/a/projects/fotos/keep/images/pwv_stuff/money/invest/fidelity,20200529_holdings.png,-,-,-,254123,-,-,1223x966,-,-,b5972e251f3bb605d74582158c47b90d
/Users/mac24/a/projects/fotos/keep/images/pwv_stuff/money/invest/fidelity,20200529_open_holdings.png,-,-,-,211339,-,-,1405x744,-,-,097a418f99c60b44d9c3155cf45ebf83
/Users/mac24/a/projects/fotos/keep/images/pwv_stuff/money/receipts/20171231_donation _ PSI_files,2017-11-mother2children-donation-page.jpg,2012-06-26 01:17:23,2012-06-26 01:17:23,-,124457,-,-,389x272,AF-S Zoom-Nikkor 24-70mm f/2.8G ED,NIKON D3,db3ddffc0f62b595999b1d8a834ebd45
/Users/mac24/a/projects/fotos/keep/images/pwv_stuff/money/receipts/20171231_donation _ PSI_files,2017-sn-charity-watch.png,-,-,-,10361,-,-,150x116,-,-,13764a0cebb6a153bda39d8f4c7eb56d
/Users/mac24/a/projects/fotos/keep/images/pwv_stuff/money/receipts/20171231_donation _ PSI_files,2017-sn-guidestar.png,-,-,-,12876,-,-,148x108,-,-,c28bb67e1690d5ddf7941839e371dd5b
/Users/mac24/a/projects/fotos/keep/images/pwv_stuff/money/receipts/20171231_donation _ PSI_files,2017-sn-recommended.png,-,-,-,20155,-,-,110x116,-,-,f151e639bc15adc1090cc6a1264067b6
/Users/mac24/a/projects/fotos/keep/images/pwv_stuff/money/receipts/20171231_donation _ PSI_files,2017-sn-trustwave.png,-,-,-,14204,-,-,224x114,-,-,ba8a46dffc4b1f276e17a8281e389d58
/Users/mac24/a/projects/fotos/keep/images/pwv_stuff/money/receipts/20171231_donation _ PSI_files,confirmation.png,-,-,-,95,-,-,1x1,-,-,9591c410148e6883727c5339fd1c02cd
/Users/mac24/a/projects/fotos/keep/images/pwv_stuff/money/receipts/20171231_donation _ PSI_files,event.jpeg,-,-,-,0,-,-,-,-,-,d41d8cd98f00b204e9800998ecf8427e
/Users/mac24/a/projects/fotos/keep/images/pwv_stuff/money/receipts/20171231_Donation_EvidenceAction_files,67083b40-76c9-11e7-b04c-06cb12cacf8e.png,-,-,-,396456,-,-,2170x1500,-,-,1ae8f2e21ee092d8f8115cb94b55dff1
/Users/mac24/a/projects/fotos/keep/images/pwv_stuff/money/receipts/20171231_Donation_EvidenceAction_files,user-icon.png,-,-,-,4588,-,-,320x320,-,-,879f742928deacdfacedfd35a99c7250
/Users/mac24/a/projects/fotos/keep/images/pwv_stuff/money/taxes/2000_tp_2020,20200313iraWithdrawl.png,-,-,-,335373,-,-,1899x912,-,-,b9601a280484bbfe063659aef4799e9c
/Users/mac24/a/projects/fotos/keep/images/pwv_stuff/money/taxes/2024,RMD.WITHDRAWL.png,-,-,-,401516,-,-,2702x2390,-,-,c12acb217191de284fe8c3118c54c05f
/Users/mac24/a/projects/fotos/keep/images/pwv_stuff/pwv_docs/passport2022,passport20221210.jpg,-,-,-,51558,-,-,600x600,-,-,4fcd16549a0e4a9cad332b7d6472aba0
/Users/mac24/a/projects/fotos/keep/images/pwvweb/apps/philsUtils/csv/docs,fsm.png,-,-,-,52958,-,-,727x700,-,-,995ca4fac634b0ae7ff340e2776aad67
